ISO-10303-21;
HEADER;
FILE_DESCRIPTION(('Open CASCADE Model'),'2;1');
FILE_NAME('Open CASCADE Shape Model','2026-09-20T22:51:21',('Author'),(
    'Open CASCADE'),'Open CASCADE STEP processor 7.9','Open CASCADE 7.9'
  ,'Unknown');
FILE_SCHEMA(('AUTOMOTIVE_DESIGN { 1 0 10303 214 1 1 1 1 }'));
ENDSEC;
DATA;
#1 = APPLICATION_PROTOCOL_DEFINITION('international standard',
  'automotive_design',2000,#2);
#2 = APPLICATION_CONTEXT(
  'core data for automotive mechanical design processes');
#3 = SHAPE_DEFINITION_REPRESENTATION(#4,#10);
#4 = PRODUCT_DEFINITION_SHAPE('','',#5);
#5 = PRODUCT_DEFINITION('design','',#6,#9);
#6 = PRODUCT_DEFINITION_FORMATION('','',#7);
#7 = PRODUCT('Open CASCADE STEP translator 7.9 1',
  'Open CASCADE STEP translator 7.9 1','',(#8));
#8 = PRODUCT_CONTEXT('',#2,'mechanical');
#9 = PRODUCT_DEFINITION_CONTEXT('part definition',#2,'design');
#10 = ADVANCED_BREP_SHAPE_REPRESENTATION('',(#11,#15),#7378);
#11 = AXIS2_PLACEMENT_3D('',#12,#13,#14);
#12 = CARTESIAN_POINT('',(0.,0.,0.));
#13 = DIRECTION('',(0.,0.,1.));
#14 = DIRECTION('',(1.,0.,-0.));
#15 = MANIFOLD_SOLID_BREP('',#16);
#16 = CLOSED_SHELL('',(#17,#137,#1235,#1285,#2139,#2166,#2193,#2220,
    #2247,#2274,#2329,#2710,#2764,#2818,#3238,#3295,#3349,#3830,#3862,
    #3937,#4024,#4051,#4100,#4127,#4213,#4240,#4269,#4296,#4323,#4370,
    #4435,#4484,#4547,#4574,#4601,#4628,#4635,#4662,#4689,#4716,#4797,
    #4906,#4989,#5228,#5254,#5281,#5402,#5430,#5456,#5463,#5490,#5517,
    #5593,#5642,#5696,#5745,#5799,#5826,#5852,#5859,#5980,#6011,#6038,
    #6114,#6163,#6217,#6266,#6320,#6347,#6488,#6538,#6588,#6638,#6714,
    #6763,#6817,#6866,#6920,#6969,#7023,#7050,#7100,#7107,#7113,#7147,
    #7174,#7243,#7270,#7276,#7310,#7336,#7362,#7370));
#17 = ADVANCED_FACE('',(#18),#32,.F.);
#18 = FACE_BOUND('',#19,.T.);
#19 = EDGE_LOOP('',(#20,#55,#83,#111));
#20 = ORIENTED_EDGE('',*,*,#21,.F.);
#21 = EDGE_CURVE('',#22,#24,#26,.T.);
#22 = VERTEX_POINT('',#23);
#23 = CARTESIAN_POINT('',(-42.61149164646,-16.,-42.));
#24 = VERTEX_POINT('',#25);
#25 = CARTESIAN_POINT('',(60.343145750508,-16.,-42.));
#26 = SURFACE_CURVE('',#27,(#31,#43),.PCURVE_S1.);
#27 = LINE('',#28,#29);
#28 = CARTESIAN_POINT('',(-46.,-16.,-42.));
#29 = VECTOR('',#30,1.);
#30 = DIRECTION('',(1.,-0.,-0.));
#31 = PCURVE('',#32,#37);
#32 = PLANE('',#33);
#33 = AXIS2_PLACEMENT_3D('',#34,#35,#36);
#34 = CARTESIAN_POINT('',(-46.,-16.,-42.));
#35 = DIRECTION('',(-0.,-0.,1.));
#36 = DIRECTION('',(-1.,0.,-0.));
#37 = DEFINITIONAL_REPRESENTATION('',(#38),#42);
#38 = LINE('',#39,#40);
#39 = CARTESIAN_POINT('',(-0.,-0.));
#40 = VECTOR('',#41,1.);
#41 = DIRECTION('',(-1.,0.));
#42 = ( GEOMETRIC_REPRESENTATION_CONTEXT(2) 
PARAMETRIC_REPRESENTATION_CONTEXT() REPRESENTATION_CONTEXT('2D SPACE',''
  ) );
#43 = PCURVE('',#44,#49);
#44 = PLANE('',#45);
#45 = AXIS2_PLACEMENT_3D('',#46,#47,#48);
#46 = CARTESIAN_POINT('',(2.963284172643,-16.,22.785056390838));
#47 = DIRECTION('',(-0.,1.,-0.));
#48 = DIRECTION('',(-0.,0.,1.));
#49 = DEFINITIONAL_REPRESENTATION('',(#50),#54);
#50 = LINE('',#51,#52);
#51 = CARTESIAN_POINT('',(-64.78505639083,-48.96328417264));
#52 = VECTOR('',#53,1.);
#53 = DIRECTION('',(-0.,1.));
#54 = ( GEOMETRIC_REPRESENTATION_CONTEXT(2) 
PARAMETRIC_REPRESENTATION_CONTEXT() REPRESENTATION_CONTEXT('2D SPACE',''
  ) );
#55 = ORIENTED_EDGE('',*,*,#56,.T.);
#56 = EDGE_CURVE('',#22,#57,#59,.T.);
#57 = VERTEX_POINT('',#58);
#58 = CARTESIAN_POINT('',(-42.61149164646,-8.,-42.));
#59 = SURFACE_CURVE('',#60,(#64,#71),.PCURVE_S1.);
#60 = LINE('',#61,#62);
#61 = CARTESIAN_POINT('',(-42.61149164646,-16.,-42.));
#62 = VECTOR('',#63,1.);
#63 = DIRECTION('',(-0.,1.,-0.));
#64 = PCURVE('',#32,#65);
#65 = DEFINITIONAL_REPRESENTATION('',(#66),#70);
#66 = LINE('',#67,#68);
#67 = CARTESIAN_POINT('',(-3.388508353532,-0.));
#68 = VECTOR('',#69,1.);
#69 = DIRECTION('',(-0.,-1.));
#70 = ( GEOMETRIC_REPRESENTATION_CONTEXT(2) 
PARAMETRIC_REPRESENTATION_CONTEXT() REPRESENTATION_CONTEXT('2D SPACE',''
  ) );
#71 = PCURVE('',#72,#77);
#72 = CYLINDRICAL_SURFACE('',#73,4.);
#73 = AXIS2_PLACEMENT_3D('',#74,#75,#76);
#74 = CARTESIAN_POINT('',(-42.61149164646,-16.,-38.));
#75 = DIRECTION('',(-0.,1.,-0.));
#76 = DIRECTION('',(0.,0.,-1.));
#77 = DEFINITIONAL_REPRESENTATION('',(#78),#82);
#78 = LINE('',#79,#80);
#79 = CARTESIAN_POINT('',(0.,0.));
#80 = VECTOR('',#81,1.);
#81 = DIRECTION('',(0.,1.));
#82 = ( GEOMETRIC_REPRESENTATION_CONTEXT(2) 
PARAMETRIC_REPRESENTATION_CONTEXT() REPRESENTATION_CONTEXT('2D SPACE',''
  ) );
#83 = ORIENTED_EDGE('',*,*,#84,.F.);
#84 = EDGE_CURVE('',#85,#57,#87,.T.);
#85 = VERTEX_POINT('',#86);
#86 = CARTESIAN_POINT('',(60.343145750508,-8.,-42.));
#87 = SURFACE_CURVE('',#88,(#92,#99),.PCURVE_S1.);
#88 = LINE('',#89,#90);
#89 = CARTESIAN_POINT('',(60.343145750508,-8.,-42.));
#90 = VECTOR('',#91,1.);
#91 = DIRECTION('',(-1.,-0.,-0.));
#92 = PCURVE('',#32,#93);
#93 = DEFINITIONAL_REPRESENTATION('',(#94),#98);
#94 = LINE('',#95,#96);
#95 = CARTESIAN_POINT('',(-106.3431457505,-8.));
#96 = VECTOR('',#97,1.);
#97 = DIRECTION('',(1.,-0.));
#98 = ( GEOMETRIC_REPRESENTATION_CONTEXT(2) 
PARAMETRIC_REPRESENTATION_CONTEXT() REPRESENTATION_CONTEXT('2D SPACE',''
  ) );
#99 = PCURVE('',#100,#105);
#100 = PLANE('',#101);
#101 = AXIS2_PLACEMENT_3D('',#102,#103,#104);
#102 = CARTESIAN_POINT('',(2.963284172643,-8.,22.785056390838));
#103 = DIRECTION('',(-0.,1.,-0.));
#104 = DIRECTION('',(-0.,0.,1.));
#105 = DEFINITIONAL_REPRESENTATION('',(#106),#110);
#106 = LINE('',#107,#108);
#107 = CARTESIAN_POINT('',(-64.78505639083,57.379861577865));
#108 = VECTOR('',#109,1.);
#109 = DIRECTION('',(-0.,-1.));
#110 = ( GEOMETRIC_REPRESENTATION_CONTEXT(2) 
PARAMETRIC_REPRESENTATION_CONTEXT() REPRESENTATION_CONTEXT('2D SPACE',''
  ) );
#111 = ORIENTED_EDGE('',*,*,#112,.F.);
#112 = EDGE_CURVE('',#24,#85,#113,.T.);
#113 = SURFACE_CURVE('',#114,(#118,#125),.PCURVE_S1.);
#114 = LINE('',#115,#116);
#115 = CARTESIAN_POINT('',(60.343145750508,-16.,-42.));
#116 = VECTOR('',#117,1.);
#117 = DIRECTION('',(-0.,1.,-0.));
#118 = PCURVE('',#32,#119);
#119 = DEFINITIONAL_REPRESENTATION('',(#120),#124);
#120 = LINE('',#121,#122);
#121 = CARTESIAN_POINT('',(-106.3431457505,-0.));
#122 = VECTOR('',#123,1.);
#123 = DIRECTION('',(-0.,-1.));
#124 = ( GEOMETRIC_REPRESENTATION_CONTEXT(2) 
PARAMETRIC_REPRESENTATION_CONTEXT() REPRESENTATION_CONTEXT('2D SPACE',''
  ) );
#125 = PCURVE('',#126,#131);
#126 = CYLINDRICAL_SURFACE('',#127,4.);
#127 = AXIS2_PLACEMENT_3D('',#128,#129,#130);
#128 = CARTESIAN_POINT('',(60.343145750508,-16.,-38.));
#129 = DIRECTION('',(-0.,1.,-0.));
#130 = DIRECTION('',(0.,0.,-1.));
#131 = DEFINITIONAL_REPRESENTATION('',(#132),#136);
#132 = LINE('',#133,#134);
#133 = CARTESIAN_POINT('',(-0.,0.));
#134 = VECTOR('',#135,1.);
#135 = DIRECTION('',(-0.,1.));
#136 = ( GEOMETRIC_REPRESENTATION_CONTEXT(2) 
PARAMETRIC_REPRESENTATION_CONTEXT() REPRESENTATION_CONTEXT('2D SPACE',''
  ) );
#137 = ADVANCED_FACE('',(#138,#576,#818,#853,#888,#1130,#1165,#1200),#44
  ,.F.);
#138 = FACE_BOUND('',#139,.T.);
#139 = EDGE_LOOP('',(#140,#141,#169,#197,#230,#258,#291,#319,#347,#375,
    #408,#436,#469,#497,#526,#554));
#140 = ORIENTED_EDGE('',*,*,#21,.T.);
#141 = ORIENTED_EDGE('',*,*,#142,.T.);
#142 = EDGE_CURVE('',#24,#143,#145,.T.);
#143 = VERTEX_POINT('',#144);
#144 = CARTESIAN_POINT('',(63.171572875254,-16.,-40.82842712474));
#145 = SURFACE_CURVE('',#146,(#151,#162),.PCURVE_S1.);
#146 = CIRCLE('',#147,4.);
#147 = AXIS2_PLACEMENT_3D('',#148,#149,#150);
#148 = CARTESIAN_POINT('',(60.343145750508,-16.,-38.));
#149 = DIRECTION('',(0.,-1.,0.));
#150 = DIRECTION('',(0.,-0.,-1.));
#151 = PCURVE('',#44,#152);
#152 = DEFINITIONAL_REPRESENTATION('',(#153),#161);
#153 = ( BOUNDED_CURVE() B_SPLINE_CURVE(2,(#154,#155,#156,#157,#158,#159
,#160),.UNSPECIFIED.,.T.,.F.) B_SPLINE_CURVE_WITH_KNOTS((1,2,2,2,2,1),(
    -2.094395102393,0.,2.094395102393,4.188790204786,6.28318530718,
8.377580409573),.UNSPECIFIED.) CURVE() GEOMETRIC_REPRESENTATION_ITEM() 
RATIONAL_B_SPLINE_CURVE((1.,0.5,1.,0.5,1.,0.5,1.)) REPRESENTATION_ITEM(
  '') );
#154 = CARTESIAN_POINT('',(-64.78505639083,57.379861577865));
#155 = CARTESIAN_POINT('',(-64.78505639083,64.308064808141));
#156 = CARTESIAN_POINT('',(-58.78505639083,60.843963193003));
#157 = CARTESIAN_POINT('',(-52.78505639083,57.379861577865));
#158 = CARTESIAN_POINT('',(-58.78505639083,53.915759962727));
#159 = CARTESIAN_POINT('',(-64.78505639083,50.45165834759));
#160 = CARTESIAN_POINT('',(-64.78505639083,57.379861577865));
#161 = ( GEOMETRIC_REPRESENTATION_CONTEXT(2) 
PARAMETRIC_REPRESENTATION_CONTEXT() REPRESENTATION_CONTEXT('2D SPACE',''
  ) );
#162 = PCURVE('',#126,#163);
#163 = DEFINITIONAL_REPRESENTATION('',(#164),#168);
#164 = LINE('',#165,#166);
#165 = CARTESIAN_POINT('',(-0.,0.));
#166 = VECTOR('',#167,1.);
#167 = DIRECTION('',(-1.,0.));
#168 = ( GEOMETRIC_REPRESENTATION_CONTEXT(2) 
PARAMETRIC_REPRESENTATION_CONTEXT() REPRESENTATION_CONTEXT('2D SPACE',''
  ) );
#169 = ORIENTED_EDGE('',*,*,#170,.T.);
#170 = EDGE_CURVE('',#143,#171,#173,.T.);
#171 = VERTEX_POINT('',#172);
#172 = CARTESIAN_POINT('',(72.828427124746,-16.,-31.17157287525));
#173 = SURFACE_CURVE('',#174,(#178,#185),.PCURVE_S1.);
#174 = LINE('',#175,#176);
#175 = CARTESIAN_POINT('',(62.,-16.,-42.));
#176 = VECTOR('',#177,1.);
#177 = DIRECTION('',(0.707106781187,-0.,0.707106781187));
#178 = PCURVE('',#44,#179);
#179 = DEFINITIONAL_REPRESENTATION('',(#180),#184);
#180 = LINE('',#181,#182);
#181 = CARTESIAN_POINT('',(-64.78505639083,59.036715827357));
#182 = VECTOR('',#183,1.);
#183 = DIRECTION('',(0.707106781187,0.707106781187));
#184 = ( GEOMETRIC_REPRESENTATION_CONTEXT(2) 
PARAMETRIC_REPRESENTATION_CONTEXT() REPRESENTATION_CONTEXT('2D SPACE',''
  ) );
#185 = PCURVE('',#186,#191);
#186 = PLANE('',#187);
#187 = AXIS2_PLACEMENT_3D('',#188,#189,#190);
#188 = CARTESIAN_POINT('',(62.,-16.,-42.));
#189 = DIRECTION('',(-0.707106781187,-0.,0.707106781187));
#190 = DIRECTION('',(-0.707106781187,-0.,-0.707106781187));
#191 = DEFINITIONAL_REPRESENTATION('',(#192),#196);
#192 = LINE('',#193,#194);
#193 = CARTESIAN_POINT('',(-0.,0.));
#194 = VECTOR('',#195,1.);
#195 = DIRECTION('',(-1.,0.));
#196 = ( GEOMETRIC_REPRESENTATION_CONTEXT(2) 
PARAMETRIC_REPRESENTATION_CONTEXT() REPRESENTATION_CONTEXT('2D SPACE',''
  ) );
#197 = ORIENTED_EDGE('',*,*,#198,.T.);
#198 = EDGE_CURVE('',#171,#199,#201,.T.);
#199 = VERTEX_POINT('',#200);
#200 = CARTESIAN_POINT('',(74.,-16.,-28.3431457505));
#201 = SURFACE_CURVE('',#202,(#207,#218),.PCURVE_S1.);
#202 = CIRCLE('',#203,4.);
#203 = AXIS2_PLACEMENT_3D('',#204,#205,#206);
#204 = CARTESIAN_POINT('',(70.,-16.,-28.3431457505));
#205 = DIRECTION('',(0.,-1.,0.));
#206 = DIRECTION('',(0.,-0.,-1.));
#207 = PCURVE('',#44,#208);
#208 = DEFINITIONAL_REPRESENTATION('',(#209),#217);
#209 = ( BOUNDED_CURVE() B_SPLINE_CURVE(2,(#210,#211,#212,#213,#214,#215
,#216),.UNSPECIFIED.,.T.,.F.) B_SPLINE_CURVE_WITH_KNOTS((1,2,2,2,2,1),(
    -2.094395102393,0.,2.094395102393,4.188790204786,6.28318530718,
8.377580409573),.UNSPECIFIED.) CURVE() GEOMETRIC_REPRESENTATION_ITEM() 
RATIONAL_B_SPLINE_CURVE((1.,0.5,1.,0.5,1.,0.5,1.)) REPRESENTATION_ITEM(
  '') );
#210 = CARTESIAN_POINT('',(-55.12820214134,67.036715827357));
#211 = CARTESIAN_POINT('',(-55.12820214134,73.964919057633));
#212 = CARTESIAN_POINT('',(-49.12820214134,70.500817442495));
#213 = CARTESIAN_POINT('',(-43.12820214134,67.036715827357));
#214 = CARTESIAN_POINT('',(-49.12820214134,63.57261421222));
#215 = CARTESIAN_POINT('',(-55.12820214134,60.108512597082));
#216 = CARTESIAN_POINT('',(-55.12820214134,67.036715827357));
#217 = ( GEOMETRIC_REPRESENTATION_CONTEXT(2) 
PARAMETRIC_REPRESENTATION_CONTEXT() REPRESENTATION_CONTEXT('2D SPACE',''
  ) );
#218 = PCURVE('',#219,#224);
#219 = CYLINDRICAL_SURFACE('',#220,4.);
#220 = AXIS2_PLACEMENT_3D('',#221,#222,#223);
#221 = CARTESIAN_POINT('',(70.,-16.,-28.3431457505));
#222 = DIRECTION('',(-0.,1.,-0.));
#223 = DIRECTION('',(0.707106781187,0.,-0.707106781187));
#224 = DEFINITIONAL_REPRESENTATION('',(#225),#229);
#225 = LINE('',#226,#227);
#226 = CARTESIAN_POINT('',(0.785398163397,-0.));
#227 = VECTOR('',#228,1.);
#228 = DIRECTION('',(-1.,0.));
#229 = ( GEOMETRIC_REPRESENTATION_CONTEXT(2) 
PARAMETRIC_REPRESENTATION_CONTEXT() REPRESENTATION_CONTEXT('2D SPACE',''
  ) );
#230 = ORIENTED_EDGE('',*,*,#231,.T.);
#231 = EDGE_CURVE('',#199,#232,#234,.T.);
#232 = VERTEX_POINT('',#233);
#233 = CARTESIAN_POINT('',(74.,-16.,76.));
#234 = SURFACE_CURVE('',#235,(#239,#246),.PCURVE_S1.);
#235 = LINE('',#236,#237);
#236 = CARTESIAN_POINT('',(74.,-16.,-30.));
#237 = VECTOR('',#238,1.);
#238 = DIRECTION('',(-0.,-0.,1.));
#239 = PCURVE('',#44,#240);
#240 = DEFINITIONAL_REPRESENTATION('',(#241),#245);
#241 = LINE('',#242,#243);
#242 = CARTESIAN_POINT('',(-52.78505639083,71.036715827357));
#243 = VECTOR('',#244,1.);
#244 = DIRECTION('',(1.,-0.));
#245 = ( GEOMETRIC_REPRESENTATION_CONTEXT(2) 
PARAMETRIC_REPRESENTATION_CONTEXT() REPRESENTATION_CONTEXT('2D SPACE',''
  ) );
#246 = PCURVE('',#247,#252);
#247 = PLANE('',#248);
#248 = AXIS2_PLACEMENT_3D('',#249,#250,#251);
#249 = CARTESIAN_POINT('',(74.,-16.,-30.));
#250 = DIRECTION('',(-1.,-0.,-0.));
#251 = DIRECTION('',(0.,-0.,-1.));
#252 = DEFINITIONAL_REPRESENTATION('',(#253),#257);
#253 = LINE('',#254,#255);
#254 = CARTESIAN_POINT('',(-0.,0.));
#255 = VECTOR('',#256,1.);
#256 = DIRECTION('',(-1.,0.));
#257 = ( GEOMETRIC_REPRESENTATION_CONTEXT(2) 
PARAMETRIC_REPRESENTATION_CONTEXT() REPRESENTATION_CONTEXT('2D SPACE',''
  ) );
#258 = ORIENTED_EDGE('',*,*,#259,.T.);
#259 = EDGE_CURVE('',#232,#260,#262,.T.);
#260 = VERTEX_POINT('',#261);
#261 = CARTESIAN_POINT('',(70.,-16.,80.));
#262 = SURFACE_CURVE('',#263,(#268,#279),.PCURVE_S1.);
#263 = CIRCLE('',#264,4.);
#264 = AXIS2_PLACEMENT_3D('',#265,#266,#267);
#265 = CARTESIAN_POINT('',(70.,-16.,76.));
#266 = DIRECTION('',(0.,-1.,0.));
#267 = DIRECTION('',(0.,-0.,-1.));
#268 = PCURVE('',#44,#269);
#269 = DEFINITIONAL_REPRESENTATION('',(#270),#278);
#270 = ( BOUNDED_CURVE() B_SPLINE_CURVE(2,(#271,#272,#273,#274,#275,#276
,#277),.UNSPECIFIED.,.T.,.F.) B_SPLINE_CURVE_WITH_KNOTS((1,2,2,2,2,1),(
    -2.094395102393,0.,2.094395102393,4.188790204786,6.28318530718,
8.377580409573),.UNSPECIFIED.) CURVE() GEOMETRIC_REPRESENTATION_ITEM() 
RATIONAL_B_SPLINE_CURVE((1.,0.5,1.,0.5,1.,0.5,1.)) REPRESENTATION_ITEM(
  '') );
#271 = CARTESIAN_POINT('',(49.214943609162,67.036715827357));
#272 = CARTESIAN_POINT('',(49.214943609162,73.964919057633));
#273 = CARTESIAN_POINT('',(55.214943609162,70.500817442495));
#274 = CARTESIAN_POINT('',(61.214943609162,67.036715827357));
#275 = CARTESIAN_POINT('',(55.214943609162,63.57261421222));
#276 = CARTESIAN_POINT('',(49.214943609162,60.108512597082));
#277 = CARTESIAN_POINT('',(49.214943609162,67.036715827357));
#278 = ( GEOMETRIC_REPRESENTATION_CONTEXT(2) 
PARAMETRIC_REPRESENTATION_CONTEXT() REPRESENTATION_CONTEXT('2D SPACE',''
  ) );
#279 = PCURVE('',#280,#285);
#280 = CYLINDRICAL_SURFACE('',#281,4.);
#281 = AXIS2_PLACEMENT_3D('',#282,#283,#284);
#282 = CARTESIAN_POINT('',(70.,-16.,76.));
#283 = DIRECTION('',(-0.,1.,-0.));
#284 = DIRECTION('',(1.,0.,-0.));
#285 = DEFINITIONAL_REPRESENTATION('',(#286),#290);
#286 = LINE('',#287,#288);
#287 = CARTESIAN_POINT('',(1.570796326795,-0.));
#288 = VECTOR('',#289,1.);
#289 = DIRECTION('',(-1.,0.));
#290 = ( GEOMETRIC_REPRESENTATION_CONTEXT(2) 
PARAMETRIC_REPRESENTATION_CONTEXT() REPRESENTATION_CONTEXT('2D SPACE',''
  ) );
#291 = ORIENTED_EDGE('',*,*,#292,.T.);
#292 = EDGE_CURVE('',#260,#293,#295,.T.);
#293 = VERTEX_POINT('',#294);
#294 = CARTESIAN_POINT('',(70.,-16.,88.));
#295 = SURFACE_CURVE('',#296,(#300,#307),.PCURVE_S1.);
#296 = LINE('',#297,#298);
#297 = CARTESIAN_POINT('',(70.,-16.,80.));
#298 = VECTOR('',#299,1.);
#299 = DIRECTION('',(-0.,-0.,1.));
#300 = PCURVE('',#44,#301);
#301 = DEFINITIONAL_REPRESENTATION('',(#302),#306);
#302 = LINE('',#303,#304);
#303 = CARTESIAN_POINT('',(57.214943609162,67.036715827357));
#304 = VECTOR('',#305,1.);
#305 = DIRECTION('',(1.,-0.));
#306 = ( GEOMETRIC_REPRESENTATION_CONTEXT(2) 
PARAMETRIC_REPRESENTATION_CONTEXT() REPRESENTATION_CONTEXT('2D SPACE',''
  ) );
#307 = PCURVE('',#308,#313);
#308 = CYLINDRICAL_SURFACE('',#309,4.);
#309 = AXIS2_PLACEMENT_3D('',#310,#311,#312);
#310 = CARTESIAN_POINT('',(70.,-12.,80.));
#311 = DIRECTION('',(-0.,-0.,1.));
#312 = DIRECTION('',(1.,-0.,0.));
#313 = DEFINITIONAL_REPRESENTATION('',(#314),#318);
#314 = LINE('',#315,#316);
#315 = CARTESIAN_POINT('',(-1.570796326795,0.));
#316 = VECTOR('',#317,1.);
#317 = DIRECTION('',(-0.,1.));
#318 = ( GEOMETRIC_REPRESENTATION_CONTEXT(2) 
PARAMETRIC_REPRESENTATION_CONTEXT() REPRESENTATION_CONTEXT('2D SPACE',''
  ) );
#319 = ORIENTED_EDGE('',*,*,#320,.T.);
#320 = EDGE_CURVE('',#293,#321,#323,.T.);
#321 = VERTEX_POINT('',#322);
#322 = CARTESIAN_POINT('',(-70.,-16.,88.));
#323 = SURFACE_CURVE('',#324,(#328,#335),.PCURVE_S1.);
#324 = LINE('',#325,#326);
#325 = CARTESIAN_POINT('',(74.,-16.,88.));
#326 = VECTOR('',#327,1.);
#327 = DIRECTION('',(-1.,-0.,-0.));
#328 = PCURVE('',#44,#329);
#329 = DEFINITIONAL_REPRESENTATION('',(#330),#334);
#330 = LINE('',#331,#332);
#331 = CARTESIAN_POINT('',(65.214943609162,71.036715827357));
#332 = VECTOR('',#333,1.);
#333 = DIRECTION('',(-0.,-1.));
#334 = ( GEOMETRIC_REPRESENTATION_CONTEXT(2) 
PARAMETRIC_REPRESENTATION_CONTEXT() REPRESENTATION_CONTEXT('2D SPACE',''
  ) );
#335 = PCURVE('',#336,#341);
#336 = PLANE('',#337);
#337 = AXIS2_PLACEMENT_3D('',#338,#339,#340);
#338 = CARTESIAN_POINT('',(0.,28.,88.));
#339 = DIRECTION('',(-0.,-0.,1.));
#340 = DIRECTION('',(-1.,0.,-0.));
#341 = DEFINITIONAL_REPRESENTATION('',(#342),#346);
#342 = LINE('',#343,#344);
#343 = CARTESIAN_POINT('',(-74.,44.));
#344 = VECTOR('',#345,1.);
#345 = DIRECTION('',(1.,-0.));
#346 = ( GEOMETRIC_REPRESENTATION_CONTEXT(2) 
PARAMETRIC_REPRESENTATION_CONTEXT() REPRESENTATION_CONTEXT('2D SPACE',''
  ) );
#347 = ORIENTED_EDGE('',*,*,#348,.F.);
#348 = EDGE_CURVE('',#349,#321,#351,.T.);
#349 = VERTEX_POINT('',#350);
#350 = CARTESIAN_POINT('',(-70.,-16.,80.));
#351 = SURFACE_CURVE('',#352,(#356,#363),.PCURVE_S1.);
#352 = LINE('',#353,#354);
#353 = CARTESIAN_POINT('',(-70.,-16.,80.));
#354 = VECTOR('',#355,1.);
#355 = DIRECTION('',(-0.,-0.,1.));
#356 = PCURVE('',#44,#357);
#357 = DEFINITIONAL_REPRESENTATION('',(#358),#362);
#358 = LINE('',#359,#360);
#359 = CARTESIAN_POINT('',(57.214943609162,-72.96328417264));
#360 = VECTOR('',#361,1.);
#361 = DIRECTION('',(1.,-0.));
#362 = ( GEOMETRIC_REPRESENTATION_CONTEXT(2) 
PARAMETRIC_REPRESENTATION_CONTEXT() REPRESENTATION_CONTEXT('2D SPACE',''
  ) );
#363 = PCURVE('',#364,#369);
#364 = CYLINDRICAL_SURFACE('',#365,4.);
#365 = AXIS2_PLACEMENT_3D('',#366,#367,#368);
#366 = CARTESIAN_POINT('',(-70.,-12.,80.));
#367 = DIRECTION('',(-0.,-0.,1.));
#368 = DIRECTION('',(-0.,-1.,-0.));
#369 = DEFINITIONAL_REPRESENTATION('',(#370),#374);
#370 = LINE('',#371,#372);
#371 = CARTESIAN_POINT('',(-0.,0.));
#372 = VECTOR('',#373,1.);
#373 = DIRECTION('',(-0.,1.));
#374 = ( GEOMETRIC_REPRESENTATION_CONTEXT(2) 
PARAMETRIC_REPRESENTATION_CONTEXT() REPRESENTATION_CONTEXT('2D SPACE',''
  ) );
#375 = ORIENTED_EDGE('',*,*,#376,.T.);
#376 = EDGE_CURVE('',#349,#377,#379,.T.);
#377 = VERTEX_POINT('',#378);
#378 = CARTESIAN_POINT('',(-74.,-16.,76.));
#379 = SURFACE_CURVE('',#380,(#385,#396),.PCURVE_S1.);
#380 = CIRCLE('',#381,4.);
#381 = AXIS2_PLACEMENT_3D('',#382,#383,#384);
#382 = CARTESIAN_POINT('',(-70.,-16.,76.));
#383 = DIRECTION('',(0.,-1.,0.));
#384 = DIRECTION('',(0.,-0.,-1.));
#385 = PCURVE('',#44,#386);
#386 = DEFINITIONAL_REPRESENTATION('',(#387),#395);
#387 = ( BOUNDED_CURVE() B_SPLINE_CURVE(2,(#388,#389,#390,#391,#392,#393
,#394),.UNSPECIFIED.,.T.,.F.) B_SPLINE_CURVE_WITH_KNOTS((1,2,2,2,2,1),(
    -2.094395102393,0.,2.094395102393,4.188790204786,6.28318530718,
8.377580409573),.UNSPECIFIED.) CURVE() GEOMETRIC_REPRESENTATION_ITEM() 
RATIONAL_B_SPLINE_CURVE((1.,0.5,1.,0.5,1.,0.5,1.)) REPRESENTATION_ITEM(
  '') );
#388 = CARTESIAN_POINT('',(49.214943609162,-72.96328417264));
#389 = CARTESIAN_POINT('',(49.214943609162,-66.03508094236));
#390 = CARTESIAN_POINT('',(55.214943609162,-69.4991825575));
#391 = CARTESIAN_POINT('',(61.214943609162,-72.96328417264));
#392 = CARTESIAN_POINT('',(55.214943609162,-76.42738578778));
#393 = CARTESIAN_POINT('',(49.214943609162,-79.89148740291));
#394 = CARTESIAN_POINT('',(49.214943609162,-72.96328417264));
#395 = ( GEOMETRIC_REPRESENTATION_CONTEXT(2) 
PARAMETRIC_REPRESENTATION_CONTEXT() REPRESENTATION_CONTEXT('2D SPACE',''
  ) );
#396 = PCURVE('',#397,#402);
#397 = CYLINDRICAL_SURFACE('',#398,4.);
#398 = AXIS2_PLACEMENT_3D('',#399,#400,#401);
#399 = CARTESIAN_POINT('',(-70.,-16.,76.));
#400 = DIRECTION('',(-0.,1.,-0.));
#401 = DIRECTION('',(-0.,0.,1.));
#402 = DEFINITIONAL_REPRESENTATION('',(#403),#407);
#403 = LINE('',#404,#405);
#404 = CARTESIAN_POINT('',(3.14159265359,-0.));
#405 = VECTOR('',#406,1.);
#406 = DIRECTION('',(-1.,0.));
#407 = ( GEOMETRIC_REPRESENTATION_CONTEXT(2) 
PARAMETRIC_REPRESENTATION_CONTEXT() REPRESENTATION_CONTEXT('2D SPACE',''
  ) );
#408 = ORIENTED_EDGE('',*,*,#409,.T.);
#409 = EDGE_CURVE('',#377,#410,#412,.T.);
#410 = VERTEX_POINT('',#411);
#411 = CARTESIAN_POINT('',(-74.,-16.,11.479696304862));
#412 = SURFACE_CURVE('',#413,(#417,#424),.PCURVE_S1.);
#413 = LINE('',#414,#415);
#414 = CARTESIAN_POINT('',(-74.,-16.,80.));
#415 = VECTOR('',#416,1.);
#416 = DIRECTION('',(-0.,-0.,-1.));
#417 = PCURVE('',#44,#418);
#418 = DEFINITIONAL_REPRESENTATION('',(#419),#423);
#419 = LINE('',#420,#421);
#420 = CARTESIAN_POINT('',(57.214943609162,-76.96328417264));
#421 = VECTOR('',#422,1.);
#422 = DIRECTION('',(-1.,0.));
#423 = ( GEOMETRIC_REPRESENTATION_CONTEXT(2) 
PARAMETRIC_REPRESENTATION_CONTEXT() REPRESENTATION_CONTEXT('2D SPACE',''
  ) );
#424 = PCURVE('',#425,#430);
#425 = PLANE('',#426);
#426 = AXIS2_PLACEMENT_3D('',#427,#428,#429);
#427 = CARTESIAN_POINT('',(-74.,-16.,80.));
#428 = DIRECTION('',(1.,-0.,-0.));
#429 = DIRECTION('',(0.,0.,1.));
#430 = DEFINITIONAL_REPRESENTATION('',(#431),#435);
#431 = LINE('',#432,#433);
#432 = CARTESIAN_POINT('',(0.,-0.));
#433 = VECTOR('',#434,1.);
#434 = DIRECTION('',(-1.,0.));
#435 = ( GEOMETRIC_REPRESENTATION_CONTEXT(2) 
PARAMETRIC_REPRESENTATION_CONTEXT() REPRESENTATION_CONTEXT('2D SPACE',''
  ) );
#436 = ORIENTED_EDGE('',*,*,#437,.T.);
#437 = EDGE_CURVE('',#410,#438,#440,.T.);
#438 = VERTEX_POINT('',#439);
#439 = CARTESIAN_POINT('',(-73.03702640946,-16.,8.876530811038));
#440 = SURFACE_CURVE('',#441,(#446,#457),.PCURVE_S1.);
#441 = CIRCLE('',#442,4.);
#442 = AXIS2_PLACEMENT_3D('',#443,#444,#445);
#443 = CARTESIAN_POINT('',(-70.,-16.,11.479696304862));
#444 = DIRECTION('',(0.,-1.,0.));
#445 = DIRECTION('',(0.,-0.,-1.));
#446 = PCURVE('',#44,#447);
#447 = DEFINITIONAL_REPRESENTATION('',(#448),#456);
#448 = ( BOUNDED_CURVE() B_SPLINE_CURVE(2,(#449,#450,#451,#452,#453,#454
,#455),.UNSPECIFIED.,.T.,.F.) B_SPLINE_CURVE_WITH_KNOTS((1,2,2,2,2,1),(
    -2.094395102393,0.,2.094395102393,4.188790204786,6.28318530718,
8.377580409573),.UNSPECIFIED.) CURVE() GEOMETRIC_REPRESENTATION_ITEM() 
RATIONAL_B_SPLINE_CURVE((1.,0.5,1.,0.5,1.,0.5,1.)) REPRESENTATION_ITEM(
  '') );
#449 = CARTESIAN_POINT('',(-15.30536008597,-72.96328417264));
#450 = CARTESIAN_POINT('',(-15.30536008597,-66.03508094236));
#451 = CARTESIAN_POINT('',(-9.305360085976,-69.4991825575));
#452 = CARTESIAN_POINT('',(-3.305360085976,-72.96328417264));
#453 = CARTESIAN_POINT('',(-9.305360085976,-76.42738578778));
#454 = CARTESIAN_POINT('',(-15.30536008597,-79.89148740291));
#455 = CARTESIAN_POINT('',(-15.30536008597,-72.96328417264));
#456 = ( GEOMETRIC_REPRESENTATION_CONTEXT(2) 
PARAMETRIC_REPRESENTATION_CONTEXT() REPRESENTATION_CONTEXT('2D SPACE',''
  ) );
#457 = PCURVE('',#458,#463);
#458 = CYLINDRICAL_SURFACE('',#459,4.);
#459 = AXIS2_PLACEMENT_3D('',#460,#461,#462);
#460 = CARTESIAN_POINT('',(-70.,-16.,11.479696304862));
#461 = DIRECTION('',(-0.,1.,-0.));
#462 = DIRECTION('',(-1.,-0.,0.));
#463 = DEFINITIONAL_REPRESENTATION('',(#464),#468);
#464 = LINE('',#465,#466);
#465 = CARTESIAN_POINT('',(4.712388980385,-0.));
#466 = VECTOR('',#467,1.);
#467 = DIRECTION('',(-1.,0.));
#468 = ( GEOMETRIC_REPRESENTATION_CONTEXT(2) 
PARAMETRIC_REPRESENTATION_CONTEXT() REPRESENTATION_CONTEXT('2D SPACE',''
  ) );
#469 = ORIENTED_EDGE('',*,*,#470,.T.);
#470 = EDGE_CURVE('',#438,#471,#473,.T.);
#471 = VERTEX_POINT('',#472);
#472 = CARTESIAN_POINT('',(-50.72532265598,-16.,-17.15379023468));
#473 = SURFACE_CURVE('',#474,(#478,#485),.PCURVE_S1.);
#474 = LINE('',#475,#476);
#475 = CARTESIAN_POINT('',(-74.,-16.,10.));
#476 = VECTOR('',#477,1.);
#477 = DIRECTION('',(0.650791373456,-0.,-0.759256602365));
#478 = PCURVE('',#44,#479);
#479 = DEFINITIONAL_REPRESENTATION('',(#480),#484);
#480 = LINE('',#481,#482);
#481 = CARTESIAN_POINT('',(-12.78505639083,-76.96328417264));
#482 = VECTOR('',#483,1.);
#483 = DIRECTION('',(-0.759256602365,0.650791373456));
#484 = ( GEOMETRIC_REPRESENTATION_CONTEXT(2) 
PARAMETRIC_REPRESENTATION_CONTEXT() REPRESENTATION_CONTEXT('2D SPACE',''
  ) );
#485 = PCURVE('',#486,#491);
#486 = PLANE('',#487);
#487 = AXIS2_PLACEMENT_3D('',#488,#489,#490);
#488 = CARTESIAN_POINT('',(-74.,-16.,10.));
#489 = DIRECTION('',(0.759256602365,-0.,0.650791373456));
#490 = DIRECTION('',(-0.650791373456,0.,0.759256602365));
#491 = DEFINITIONAL_REPRESENTATION('',(#492),#496);
#492 = LINE('',#493,#494);
#493 = CARTESIAN_POINT('',(-0.,-0.));
#494 = VECTOR('',#495,1.);
#495 = DIRECTION('',(-1.,0.));
#496 = ( GEOMETRIC_REPRESENTATION_CONTEXT(2) 
PARAMETRIC_REPRESENTATION_CONTEXT() REPRESENTATION_CONTEXT('2D SPACE',''
  ) );
#497 = ORIENTED_EDGE('',*,*,#498,.T.);
#498 = EDGE_CURVE('',#471,#499,#501,.T.);
#499 = VERTEX_POINT('',#500);
#500 = CARTESIAN_POINT('',(-49.81677337011,-16.,-19.09935977928));
#501 = SURFACE_CURVE('',#502,(#507,#514),.PCURVE_S1.);
#502 = CIRCLE('',#503,4.);
#503 = AXIS2_PLACEMENT_3D('',#504,#505,#506);
#504 = CARTESIAN_POINT('',(-53.76234906544,-16.,-19.7569557285));
#505 = DIRECTION('',(0.,1.,0.));
#506 = DIRECTION('',(0.,-0.,-1.));
#507 = PCURVE('',#44,#508);
#508 = DEFINITIONAL_REPRESENTATION('',(#509),#513);
#509 = CIRCLE('',#510,4.);
#510 = AXIS2_PLACEMENT_2D('',#511,#512);
#511 = CARTESIAN_POINT('',(-42.54201211934,-56.72563323809));
#512 = DIRECTION('',(-1.,0.));
#513 = ( GEOMETRIC_REPRESENTATION_CONTEXT(2) 
PARAMETRIC_REPRESENTATION_CONTEXT() REPRESENTATION_CONTEXT('2D SPACE',''
  ) );
#514 = PCURVE('',#515,#520);
#515 = CYLINDRICAL_SURFACE('',#516,4.);
#516 = AXIS2_PLACEMENT_3D('',#517,#518,#519);
#517 = CARTESIAN_POINT('',(-53.76234906544,-16.,-19.7569557285));
#518 = DIRECTION('',(-0.,1.,-0.));
#519 = DIRECTION('',(0.759256602365,0.,0.650791373456));
#520 = DEFINITIONAL_REPRESENTATION('',(#521),#525);
#521 = LINE('',#522,#523);
#522 = CARTESIAN_POINT('',(-4.003762708257,0.));
#523 = VECTOR('',#524,1.);
#524 = DIRECTION('',(1.,0.));
#525 = ( GEOMETRIC_REPRESENTATION_CONTEXT(2) 
PARAMETRIC_REPRESENTATION_CONTEXT() REPRESENTATION_CONTEXT('2D SPACE',''
  ) );
#526 = ORIENTED_EDGE('',*,*,#527,.T.);
#527 = EDGE_CURVE('',#499,#528,#530,.T.);
#528 = VERTEX_POINT('',#529);
#529 = CARTESIAN_POINT('',(-46.55706734179,-16.,-38.65759594922));
#530 = SURFACE_CURVE('',#531,(#535,#542),.PCURVE_S1.);
#531 = LINE('',#532,#533);
#532 = CARTESIAN_POINT('',(-50.,-16.,-18.));
#533 = VECTOR('',#534,1.);
#534 = DIRECTION('',(0.164398987305,-0.,-0.986393923832));
#535 = PCURVE('',#44,#536);
#536 = DEFINITIONAL_REPRESENTATION('',(#537),#541);
#537 = LINE('',#538,#539);
#538 = CARTESIAN_POINT('',(-40.78505639083,-52.96328417264));
#539 = VECTOR('',#540,1.);
#540 = DIRECTION('',(-0.986393923832,0.164398987305));
#541 = ( GEOMETRIC_REPRESENTATION_CONTEXT(2) 
PARAMETRIC_REPRESENTATION_CONTEXT() REPRESENTATION_CONTEXT('2D SPACE',''
  ) );
#542 = PCURVE('',#543,#548);
#543 = PLANE('',#544);
#544 = AXIS2_PLACEMENT_3D('',#545,#546,#547);
#545 = CARTESIAN_POINT('',(-50.,-16.,-18.));
#546 = DIRECTION('',(0.986393923832,-0.,0.164398987305));
#547 = DIRECTION('',(-0.164398987305,0.,0.986393923832));
#548 = DEFINITIONAL_REPRESENTATION('',(#549),#553);
#549 = LINE('',#550,#551);
#550 = CARTESIAN_POINT('',(-0.,-0.));
#551 = VECTOR('',#552,1.);
#552 = DIRECTION('',(-1.,0.));
#553 = ( GEOMETRIC_REPRESENTATION_CONTEXT(2) 
PARAMETRIC_REPRESENTATION_CONTEXT() REPRESENTATION_CONTEXT('2D SPACE',''
  ) );
#554 = ORIENTED_EDGE('',*,*,#555,.F.);
#555 = EDGE_CURVE('',#22,#528,#556,.T.);
#556 = SURFACE_CURVE('',#557,(#562,#569),.PCURVE_S1.);
#557 = CIRCLE('',#558,4.);
#558 = AXIS2_PLACEMENT_3D('',#559,#560,#561);
#559 = CARTESIAN_POINT('',(-42.61149164646,-16.,-38.));
#560 = DIRECTION('',(0.,1.,0.));
#561 = DIRECTION('',(0.,-0.,-1.));
#562 = PCURVE('',#44,#563);
#563 = DEFINITIONAL_REPRESENTATION('',(#564),#568);
#564 = CIRCLE('',#565,4.);
#565 = AXIS2_PLACEMENT_2D('',#566,#567);
#566 = CARTESIAN_POINT('',(-60.78505639083,-45.57477581911));
#567 = DIRECTION('',(-1.,0.));
#568 = ( GEOMETRIC_REPRESENTATION_CONTEXT(2) 
PARAMETRIC_REPRESENTATION_CONTEXT() REPRESENTATION_CONTEXT('2D SPACE',''
  ) );
#569 = PCURVE('',#72,#570);
#570 = DEFINITIONAL_REPRESENTATION('',(#571),#575);
#571 = LINE('',#572,#573);
#572 = CARTESIAN_POINT('',(0.,0.));
#573 = VECTOR('',#574,1.);
#574 = DIRECTION('',(1.,0.));
#575 = ( GEOMETRIC_REPRESENTATION_CONTEXT(2) 
PARAMETRIC_REPRESENTATION_CONTEXT() REPRESENTATION_CONTEXT('2D SPACE',''
  ) );
#576 = FACE_BOUND('',#577,.T.);
#577 = EDGE_LOOP('',(#578,#608,#637,#665,#698,#726,#759,#787));
#578 = ORIENTED_EDGE('',*,*,#579,.F.);
#579 = EDGE_CURVE('',#580,#582,#584,.T.);
#580 = VERTEX_POINT('',#581);
#581 = CARTESIAN_POINT('',(-59.,-16.,23.));
#582 = VERTEX_POINT('',#583);
#583 = CARTESIAN_POINT('',(-55.,-16.,23.));
#584 = SURFACE_CURVE('',#585,(#589,#596),.PCURVE_S1.);
#585 = LINE('',#586,#587);
#586 = CARTESIAN_POINT('',(-65.,-16.,23.));
#587 = VECTOR('',#588,1.);
#588 = DIRECTION('',(1.,-0.,-0.));
#589 = PCURVE('',#44,#590);
#590 = DEFINITIONAL_REPRESENTATION('',(#591),#595);
#591 = LINE('',#592,#593);
#592 = CARTESIAN_POINT('',(0.214943609162,-67.96328417264));
#593 = VECTOR('',#594,1.);
#594 = DIRECTION('',(-0.,1.));
#595 = ( GEOMETRIC_REPRESENTATION_CONTEXT(2) 
PARAMETRIC_REPRESENTATION_CONTEXT() REPRESENTATION_CONTEXT('2D SPACE',''
  ) );
#596 = PCURVE('',#597,#602);
#597 = PLANE('',#598);
#598 = AXIS2_PLACEMENT_3D('',#599,#600,#601);
#599 = CARTESIAN_POINT('',(-65.,-16.,23.));
#600 = DIRECTION('',(-0.,-0.,1.));
#601 = DIRECTION('',(-1.,0.,-0.));
#602 = DEFINITIONAL_REPRESENTATION('',(#603),#607);
#603 = LINE('',#604,#605);
#604 = CARTESIAN_POINT('',(-0.,-0.));
#605 = VECTOR('',#606,1.);
#606 = DIRECTION('',(-1.,0.));
#607 = ( GEOMETRIC_REPRESENTATION_CONTEXT(2) 
PARAMETRIC_REPRESENTATION_CONTEXT() REPRESENTATION_CONTEXT('2D SPACE',''
  ) );
#608 = ORIENTED_EDGE('',*,*,#609,.T.);
#609 = EDGE_CURVE('',#580,#610,#612,.T.);
#610 = VERTEX_POINT('',#611);
#611 = CARTESIAN_POINT('',(-65.,-16.,29.));
#612 = SURFACE_CURVE('',#613,(#618,#625),.PCURVE_S1.);
#613 = CIRCLE('',#614,6.);
#614 = AXIS2_PLACEMENT_3D('',#615,#616,#617);
#615 = CARTESIAN_POINT('',(-59.,-16.,29.));
#616 = DIRECTION('',(0.,1.,0.));
#617 = DIRECTION('',(0.,-0.,-1.));
#618 = PCURVE('',#44,#619);
#619 = DEFINITIONAL_REPRESENTATION('',(#620),#624);
#620 = CIRCLE('',#621,6.);
#621 = AXIS2_PLACEMENT_2D('',#622,#623);
#622 = CARTESIAN_POINT('',(6.214943609162,-61.96328417264));
#623 = DIRECTION('',(-1.,0.));
#624 = ( GEOMETRIC_REPRESENTATION_CONTEXT(2) 
PARAMETRIC_REPRESENTATION_CONTEXT() REPRESENTATION_CONTEXT('2D SPACE',''
  ) );
#625 = PCURVE('',#626,#631);
#626 = CYLINDRICAL_SURFACE('',#627,6.);
#627 = AXIS2_PLACEMENT_3D('',#628,#629,#630);
#628 = CARTESIAN_POINT('',(-59.,-16.,29.));
#629 = DIRECTION('',(-0.,1.,-0.));
#630 = DIRECTION('',(0.,0.,-1.));
#631 = DEFINITIONAL_REPRESENTATION('',(#632),#636);
#632 = LINE('',#633,#634);
#633 = CARTESIAN_POINT('',(0.,0.));
#634 = VECTOR('',#635,1.);
#635 = DIRECTION('',(1.,0.));
#636 = ( GEOMETRIC_REPRESENTATION_CONTEXT(2) 
PARAMETRIC_REPRESENTATION_CONTEXT() REPRESENTATION_CONTEXT('2D SPACE',''
  ) );
#637 = ORIENTED_EDGE('',*,*,#638,.F.);
#638 = EDGE_CURVE('',#639,#610,#641,.T.);
#639 = VERTEX_POINT('',#640);
#640 = CARTESIAN_POINT('',(-65.,-16.,59.));
#641 = SURFACE_CURVE('',#642,(#646,#653),.PCURVE_S1.);
#642 = LINE('',#643,#644);
#643 = CARTESIAN_POINT('',(-65.,-16.,65.));
#644 = VECTOR('',#645,1.);
#645 = DIRECTION('',(-0.,-0.,-1.));
#646 = PCURVE('',#44,#647);
#647 = DEFINITIONAL_REPRESENTATION('',(#648),#652);
#648 = LINE('',#649,#650);
#649 = CARTESIAN_POINT('',(42.214943609162,-67.96328417264));
#650 = VECTOR('',#651,1.);
#651 = DIRECTION('',(-1.,0.));
#652 = ( GEOMETRIC_REPRESENTATION_CONTEXT(2) 
PARAMETRIC_REPRESENTATION_CONTEXT() REPRESENTATION_CONTEXT('2D SPACE',''
  ) );
#653 = PCURVE('',#654,#659);
#654 = PLANE('',#655);
#655 = AXIS2_PLACEMENT_3D('',#656,#657,#658);
#656 = CARTESIAN_POINT('',(-65.,-16.,65.));
#657 = DIRECTION('',(1.,-0.,-0.));
#658 = DIRECTION('',(0.,0.,1.));
#659 = DEFINITIONAL_REPRESENTATION('',(#660),#664);
#660 = LINE('',#661,#662);
#661 = CARTESIAN_POINT('',(0.,-0.));
#662 = VECTOR('',#663,1.);
#663 = DIRECTION('',(-1.,0.));
#664 = ( GEOMETRIC_REPRESENTATION_CONTEXT(2) 
PARAMETRIC_REPRESENTATION_CONTEXT() REPRESENTATION_CONTEXT('2D SPACE',''
  ) );
#665 = ORIENTED_EDGE('',*,*,#666,.F.);
#666 = EDGE_CURVE('',#667,#639,#669,.T.);
#667 = VERTEX_POINT('',#668);
#668 = CARTESIAN_POINT('',(-59.,-16.,65.));
#669 = SURFACE_CURVE('',#670,(#675,#686),.PCURVE_S1.);
#670 = CIRCLE('',#671,6.);
#671 = AXIS2_PLACEMENT_3D('',#672,#673,#674);
#672 = CARTESIAN_POINT('',(-59.,-16.,59.));
#673 = DIRECTION('',(0.,-1.,0.));
#674 = DIRECTION('',(0.,-0.,-1.));
#675 = PCURVE('',#44,#676);
#676 = DEFINITIONAL_REPRESENTATION('',(#677),#685);
#677 = ( BOUNDED_CURVE() B_SPLINE_CURVE(2,(#678,#679,#680,#681,#682,#683
,#684),.UNSPECIFIED.,.T.,.F.) B_SPLINE_CURVE_WITH_KNOTS((1,2,2,2,2,1),(
    -2.094395102393,0.,2.094395102393,4.188790204786,6.28318530718,
8.377580409573),.UNSPECIFIED.) CURVE() GEOMETRIC_REPRESENTATION_ITEM() 
RATIONAL_B_SPLINE_CURVE((1.,0.5,1.,0.5,1.,0.5,1.)) REPRESENTATION_ITEM(
  '') );
#678 = CARTESIAN_POINT('',(30.214943609162,-61.96328417264));
#679 = CARTESIAN_POINT('',(30.214943609162,-51.57097932722));
#680 = CARTESIAN_POINT('',(39.214943609162,-56.76713174993));
#681 = CARTESIAN_POINT('',(48.214943609162,-61.96328417264));
#682 = CARTESIAN_POINT('',(39.214943609162,-67.15943659534));
#683 = CARTESIAN_POINT('',(30.214943609162,-72.35558901805));
#684 = CARTESIAN_POINT('',(30.214943609162,-61.96328417264));
#685 = ( GEOMETRIC_REPRESENTATION_CONTEXT(2) 
PARAMETRIC_REPRESENTATION_CONTEXT() REPRESENTATION_CONTEXT('2D SPACE',''
  ) );
#686 = PCURVE('',#687,#692);
#687 = CYLINDRICAL_SURFACE('',#688,6.);
#688 = AXIS2_PLACEMENT_3D('',#689,#690,#691);
#689 = CARTESIAN_POINT('',(-59.,-16.,59.));
#690 = DIRECTION('',(-0.,1.,-0.));
#691 = DIRECTION('',(-0.,0.,1.));
#692 = DEFINITIONAL_REPRESENTATION('',(#693),#697);
#693 = LINE('',#694,#695);
#694 = CARTESIAN_POINT('',(3.14159265359,-0.));
#695 = VECTOR('',#696,1.);
#696 = DIRECTION('',(-1.,0.));
#697 = ( GEOMETRIC_REPRESENTATION_CONTEXT(2) 
PARAMETRIC_REPRESENTATION_CONTEXT() REPRESENTATION_CONTEXT('2D SPACE',''
  ) );
#698 = ORIENTED_EDGE('',*,*,#699,.F.);
#699 = EDGE_CURVE('',#700,#667,#702,.T.);
#700 = VERTEX_POINT('',#701);
#701 = CARTESIAN_POINT('',(-55.,-16.,65.));
#702 = SURFACE_CURVE('',#703,(#707,#714),.PCURVE_S1.);
#703 = LINE('',#704,#705);
#704 = CARTESIAN_POINT('',(-49.,-16.,65.));
#705 = VECTOR('',#706,1.);
#706 = DIRECTION('',(-1.,-0.,-0.));
#707 = PCURVE('',#44,#708);
#708 = DEFINITIONAL_REPRESENTATION('',(#709),#713);
#709 = LINE('',#710,#711);
#710 = CARTESIAN_POINT('',(42.214943609162,-51.96328417264));
#711 = VECTOR('',#712,1.);
#712 = DIRECTION('',(-0.,-1.));
#713 = ( GEOMETRIC_REPRESENTATION_CONTEXT(2) 
PARAMETRIC_REPRESENTATION_CONTEXT() REPRESENTATION_CONTEXT('2D SPACE',''
  ) );
#714 = PCURVE('',#715,#720);
#715 = PLANE('',#716);
#716 = AXIS2_PLACEMENT_3D('',#717,#718,#719);
#717 = CARTESIAN_POINT('',(-49.,-16.,65.));
#718 = DIRECTION('',(-0.,0.,-1.));
#719 = DIRECTION('',(1.,0.,-0.));
#720 = DEFINITIONAL_REPRESENTATION('',(#721),#725);
#721 = LINE('',#722,#723);
#722 = CARTESIAN_POINT('',(-0.,-0.));
#723 = VECTOR('',#724,1.);
#724 = DIRECTION('',(-1.,0.));
#725 = ( GEOMETRIC_REPRESENTATION_CONTEXT(2) 
PARAMETRIC_REPRESENTATION_CONTEXT() REPRESENTATION_CONTEXT('2D SPACE',''
  ) );
#726 = ORIENTED_EDGE('',*,*,#727,.F.);
#727 = EDGE_CURVE('',#728,#700,#730,.T.);
#728 = VERTEX_POINT('',#729);
#729 = CARTESIAN_POINT('',(-49.,-16.,59.));
#730 = SURFACE_CURVE('',#731,(#736,#747),.PCURVE_S1.);
#731 = CIRCLE('',#732,6.);
#732 = AXIS2_PLACEMENT_3D('',#733,#734,#735);
#733 = CARTESIAN_POINT('',(-55.,-16.,59.));
#734 = DIRECTION('',(0.,-1.,0.));
#735 = DIRECTION('',(0.,-0.,-1.));
#736 = PCURVE('',#44,#737);
#737 = DEFINITIONAL_REPRESENTATION('',(#738),#746);
#738 = ( BOUNDED_CURVE() B_SPLINE_CURVE(2,(#739,#740,#741,#742,#743,#744
,#745),.UNSPECIFIED.,.T.,.F.) B_SPLINE_CURVE_WITH_KNOTS((1,2,2,2,2,1),(
    -2.094395102393,0.,2.094395102393,4.188790204786,6.28318530718,
8.377580409573),.UNSPECIFIED.) CURVE() GEOMETRIC_REPRESENTATION_ITEM() 
RATIONAL_B_SPLINE_CURVE((1.,0.5,1.,0.5,1.,0.5,1.)) REPRESENTATION_ITEM(
  '') );
#739 = CARTESIAN_POINT('',(30.214943609162,-57.96328417264));
#740 = CARTESIAN_POINT('',(30.214943609162,-47.57097932722));
#741 = CARTESIAN_POINT('',(39.214943609162,-52.76713174993));
#742 = CARTESIAN_POINT('',(48.214943609162,-57.96328417264));
#743 = CARTESIAN_POINT('',(39.214943609162,-63.15943659534));
#744 = CARTESIAN_POINT('',(30.214943609162,-68.35558901805));
#745 = CARTESIAN_POINT('',(30.214943609162,-57.96328417264));
#746 = ( GEOMETRIC_REPRESENTATION_CONTEXT(2) 
PARAMETRIC_REPRESENTATION_CONTEXT() REPRESENTATION_CONTEXT('2D SPACE',''
  ) );
#747 = PCURVE('',#748,#753);
#748 = CYLINDRICAL_SURFACE('',#749,6.);
#749 = AXIS2_PLACEMENT_3D('',#750,#751,#752);
#750 = CARTESIAN_POINT('',(-55.,-16.,59.));
#751 = DIRECTION('',(-0.,1.,-0.));
#752 = DIRECTION('',(1.,0.,-0.));
#753 = DEFINITIONAL_REPRESENTATION('',(#754),#758);
#754 = LINE('',#755,#756);
#755 = CARTESIAN_POINT('',(1.570796326795,-0.));
#756 = VECTOR('',#757,1.);
#757 = DIRECTION('',(-1.,0.));
#758 = ( GEOMETRIC_REPRESENTATION_CONTEXT(2) 
PARAMETRIC_REPRESENTATION_CONTEXT() REPRESENTATION_CONTEXT('2D SPACE',''
  ) );
#759 = ORIENTED_EDGE('',*,*,#760,.F.);
#760 = EDGE_CURVE('',#761,#728,#763,.T.);
#761 = VERTEX_POINT('',#762);
#762 = CARTESIAN_POINT('',(-49.,-16.,29.));
#763 = SURFACE_CURVE('',#764,(#768,#775),.PCURVE_S1.);
#764 = LINE('',#765,#766);
#765 = CARTESIAN_POINT('',(-49.,-16.,23.));
#766 = VECTOR('',#767,1.);
#767 = DIRECTION('',(-0.,-0.,1.));
#768 = PCURVE('',#44,#769);
#769 = DEFINITIONAL_REPRESENTATION('',(#770),#774);
#770 = LINE('',#771,#772);
#771 = CARTESIAN_POINT('',(0.214943609162,-51.96328417264));
#772 = VECTOR('',#773,1.);
#773 = DIRECTION('',(1.,-0.));
#774 = ( GEOMETRIC_REPRESENTATION_CONTEXT(2) 
PARAMETRIC_REPRESENTATION_CONTEXT() REPRESENTATION_CONTEXT('2D SPACE',''
  ) );
#775 = PCURVE('',#776,#781);
#776 = PLANE('',#777);
#777 = AXIS2_PLACEMENT_3D('',#778,#779,#780);
#778 = CARTESIAN_POINT('',(-49.,-16.,23.));
#779 = DIRECTION('',(-1.,-0.,-0.));
#780 = DIRECTION('',(0.,-0.,-1.));
#781 = DEFINITIONAL_REPRESENTATION('',(#782),#786);
#782 = LINE('',#783,#784);
#783 = CARTESIAN_POINT('',(-0.,0.));
#784 = VECTOR('',#785,1.);
#785 = DIRECTION('',(-1.,0.));
#786 = ( GEOMETRIC_REPRESENTATION_CONTEXT(2) 
PARAMETRIC_REPRESENTATION_CONTEXT() REPRESENTATION_CONTEXT('2D SPACE',''
  ) );
#787 = ORIENTED_EDGE('',*,*,#788,.F.);
#788 = EDGE_CURVE('',#582,#761,#789,.T.);
#789 = SURFACE_CURVE('',#790,(#795,#806),.PCURVE_S1.);
#790 = CIRCLE('',#791,6.);
#791 = AXIS2_PLACEMENT_3D('',#792,#793,#794);
#792 = CARTESIAN_POINT('',(-55.,-16.,29.));
#793 = DIRECTION('',(0.,-1.,0.));
#794 = DIRECTION('',(0.,-0.,-1.));
#795 = PCURVE('',#44,#796);
#796 = DEFINITIONAL_REPRESENTATION('',(#797),#805);
#797 = ( BOUNDED_CURVE() B_SPLINE_CURVE(2,(#798,#799,#800,#801,#802,#803
,#804),.UNSPECIFIED.,.T.,.F.) B_SPLINE_CURVE_WITH_KNOTS((1,2,2,2,2,1),(
    -2.094395102393,0.,2.094395102393,4.188790204786,6.28318530718,
8.377580409573),.UNSPECIFIED.) CURVE() GEOMETRIC_REPRESENTATION_ITEM() 
RATIONAL_B_SPLINE_CURVE((1.,0.5,1.,0.5,1.,0.5,1.)) REPRESENTATION_ITEM(
  '') );
#798 = CARTESIAN_POINT('',(0.214943609162,-57.96328417264));
#799 = CARTESIAN_POINT('',(0.214943609162,-47.57097932722));
#800 = CARTESIAN_POINT('',(9.214943609162,-52.76713174993));
#801 = CARTESIAN_POINT('',(18.214943609162,-57.96328417264));
#802 = CARTESIAN_POINT('',(9.214943609162,-63.15943659534));
#803 = CARTESIAN_POINT('',(0.214943609162,-68.35558901805));
#804 = CARTESIAN_POINT('',(0.214943609162,-57.96328417264));
#805 = ( GEOMETRIC_REPRESENTATION_CONTEXT(2) 
PARAMETRIC_REPRESENTATION_CONTEXT() REPRESENTATION_CONTEXT('2D SPACE',''
  ) );
#806 = PCURVE('',#807,#812);
#807 = CYLINDRICAL_SURFACE('',#808,6.);
#808 = AXIS2_PLACEMENT_3D('',#809,#810,#811);
#809 = CARTESIAN_POINT('',(-55.,-16.,29.));
#810 = DIRECTION('',(-0.,1.,-0.));
#811 = DIRECTION('',(0.,0.,-1.));
#812 = DEFINITIONAL_REPRESENTATION('',(#813),#817);
#813 = LINE('',#814,#815);
#814 = CARTESIAN_POINT('',(-0.,0.));
#815 = VECTOR('',#816,1.);
#816 = DIRECTION('',(-1.,0.));
#817 = ( GEOMETRIC_REPRESENTATION_CONTEXT(2) 
PARAMETRIC_REPRESENTATION_CONTEXT() REPRESENTATION_CONTEXT('2D SPACE',''
  ) );
#818 = FACE_BOUND('',#819,.T.);
#819 = EDGE_LOOP('',(#820));
#820 = ORIENTED_EDGE('',*,*,#821,.F.);
#821 = EDGE_CURVE('',#822,#822,#824,.T.);
#822 = VERTEX_POINT('',#823);
#823 = CARTESIAN_POINT('',(-21.4,-16.,42.3));
#824 = SURFACE_CURVE('',#825,(#830,#841),.PCURVE_S1.);
#825 = CIRCLE('',#826,3.3);
#826 = AXIS2_PLACEMENT_3D('',#827,#828,#829);
#827 = CARTESIAN_POINT('',(-24.7,-16.,42.3));
#828 = DIRECTION('',(-0.,-1.,0.));
#829 = DIRECTION('',(1.,-0.,0.));
#830 = PCURVE('',#44,#831);
#831 = DEFINITIONAL_REPRESENTATION('',(#832),#840);
#832 = ( BOUNDED_CURVE() B_SPLINE_CURVE(2,(#833,#834,#835,#836,#837,#838
,#839),.UNSPECIFIED.,.T.,.F.) B_SPLINE_CURVE_WITH_KNOTS((1,2,2,2,2,1),(
    -2.094395102393,0.,2.094395102393,4.188790204786,6.28318530718,
8.377580409573),.UNSPECIFIED.) CURVE() GEOMETRIC_REPRESENTATION_ITEM() 
RATIONAL_B_SPLINE_CURVE((1.,0.5,1.,0.5,1.,0.5,1.)) REPRESENTATION_ITEM(
  '') );
#833 = CARTESIAN_POINT('',(19.514943609162,-24.36328417264));
#834 = CARTESIAN_POINT('',(25.230711274139,-24.36328417264));
#835 = CARTESIAN_POINT('',(22.372827441651,-29.31328417264));
#836 = CARTESIAN_POINT('',(19.514943609162,-34.26328417264));
#837 = CARTESIAN_POINT('',(16.657059776673,-29.31328417264));
#838 = CARTESIAN_POINT('',(13.799175944185,-24.36328417264));
#839 = CARTESIAN_POINT('',(19.514943609162,-24.36328417264));
#840 = ( GEOMETRIC_REPRESENTATION_CONTEXT(2) 
PARAMETRIC_REPRESENTATION_CONTEXT() REPRESENTATION_CONTEXT('2D SPACE',''
  ) );
#841 = PCURVE('',#842,#847);
#842 = CYLINDRICAL_SURFACE('',#843,3.3);
#843 = AXIS2_PLACEMENT_3D('',#844,#845,#846);
#844 = CARTESIAN_POINT('',(-24.7,-16.,42.3));
#845 = DIRECTION('',(-0.,-1.,-0.));
#846 = DIRECTION('',(1.,-0.,0.));
#847 = DEFINITIONAL_REPRESENTATION('',(#848),#852);
#848 = LINE('',#849,#850);
#849 = CARTESIAN_POINT('',(0.,0.));
#850 = VECTOR('',#851,1.);
#851 = DIRECTION('',(1.,0.));
#852 = ( GEOMETRIC_REPRESENTATION_CONTEXT(2) 
PARAMETRIC_REPRESENTATION_CONTEXT() REPRESENTATION_CONTEXT('2D SPACE',''
  ) );
#853 = FACE_BOUND('',#854,.T.);
#854 = EDGE_LOOP('',(#855));
#855 = ORIENTED_EDGE('',*,*,#856,.F.);
#856 = EDGE_CURVE('',#857,#857,#859,.T.);
#857 = VERTEX_POINT('',#858);
#858 = CARTESIAN_POINT('',(5.4,-16.,55.));
#859 = SURFACE_CURVE('',#860,(#865,#876),.PCURVE_S1.);
#860 = CIRCLE('',#861,3.3);
#861 = AXIS2_PLACEMENT_3D('',#862,#863,#864);
#862 = CARTESIAN_POINT('',(2.1,-16.,55.));
#863 = DIRECTION('',(-0.,-1.,0.));
#864 = DIRECTION('',(1.,-0.,0.));
#865 = PCURVE('',#44,#866);
#866 = DEFINITIONAL_REPRESENTATION('',(#867),#875);
#867 = ( BOUNDED_CURVE() B_SPLINE_CURVE(2,(#868,#869,#870,#871,#872,#873
,#874),.UNSPECIFIED.,.T.,.F.) B_SPLINE_CURVE_WITH_KNOTS((1,2,2,2,2,1),(
    -2.094395102393,0.,2.094395102393,4.188790204786,6.28318530718,
8.377580409573),.UNSPECIFIED.) CURVE() GEOMETRIC_REPRESENTATION_ITEM() 
RATIONAL_B_SPLINE_CURVE((1.,0.5,1.,0.5,1.,0.5,1.)) REPRESENTATION_ITEM(
  '') );
#868 = CARTESIAN_POINT('',(32.214943609162,2.436715827357));
#869 = CARTESIAN_POINT('',(37.930711274139,2.436715827357));
#870 = CARTESIAN_POINT('',(35.072827441651,-2.513284172643));
#871 = CARTESIAN_POINT('',(32.214943609162,-7.463284172643));
#872 = CARTESIAN_POINT('',(29.357059776673,-2.513284172643));
#873 = CARTESIAN_POINT('',(26.499175944185,2.436715827357));
#874 = CARTESIAN_POINT('',(32.214943609162,2.436715827357));
#875 = ( GEOMETRIC_REPRESENTATION_CONTEXT(2) 
PARAMETRIC_REPRESENTATION_CONTEXT() REPRESENTATION_CONTEXT('2D SPACE',''
  ) );
#876 = PCURVE('',#877,#882);
#877 = CYLINDRICAL_SURFACE('',#878,3.3);
#878 = AXIS2_PLACEMENT_3D('',#879,#880,#881);
#879 = CARTESIAN_POINT('',(2.1,-16.,55.));
#880 = DIRECTION('',(-0.,-1.,-0.));
#881 = DIRECTION('',(1.,-0.,0.));
#882 = DEFINITIONAL_REPRESENTATION('',(#883),#887);
#883 = LINE('',#884,#885);
#884 = CARTESIAN_POINT('',(0.,0.));
#885 = VECTOR('',#886,1.);
#886 = DIRECTION('',(1.,0.));
#887 = ( GEOMETRIC_REPRESENTATION_CONTEXT(2) 
PARAMETRIC_REPRESENTATION_CONTEXT() REPRESENTATION_CONTEXT('2D SPACE',''
  ) );
#888 = FACE_BOUND('',#889,.T.);
#889 = EDGE_LOOP('',(#890,#920,#949,#977,#1010,#1038,#1071,#1099));
#890 = ORIENTED_EDGE('',*,*,#891,.F.);
#891 = EDGE_CURVE('',#892,#894,#896,.T.);
#892 = VERTEX_POINT('',#893);
#893 = CARTESIAN_POINT('',(29.,-16.,32.));
#894 = VERTEX_POINT('',#895);
#895 = CARTESIAN_POINT('',(51.,-16.,32.));
#896 = SURFACE_CURVE('',#897,(#901,#908),.PCURVE_S1.);
#897 = LINE('',#898,#899);
#898 = CARTESIAN_POINT('',(23.,-16.,32.));
#899 = VECTOR('',#900,1.);
#900 = DIRECTION('',(1.,-0.,-0.));
#901 = PCURVE('',#44,#902);
#902 = DEFINITIONAL_REPRESENTATION('',(#903),#907);
#903 = LINE('',#904,#905);
#904 = CARTESIAN_POINT('',(9.214943609162,20.036715827357));
#905 = VECTOR('',#906,1.);
#906 = DIRECTION('',(-0.,1.));
#907 = ( GEOMETRIC_REPRESENTATION_CONTEXT(2) 
PARAMETRIC_REPRESENTATION_CONTEXT() REPRESENTATION_CONTEXT('2D SPACE',''
  ) );
#908 = PCURVE('',#909,#914);
#909 = PLANE('',#910);
#910 = AXIS2_PLACEMENT_3D('',#911,#912,#913);
#911 = CARTESIAN_POINT('',(23.,-16.,32.));
#912 = DIRECTION('',(-0.,-0.,1.));
#913 = DIRECTION('',(-1.,0.,-0.));
#914 = DEFINITIONAL_REPRESENTATION('',(#915),#919);
#915 = LINE('',#916,#917);
#916 = CARTESIAN_POINT('',(-0.,-0.));
#917 = VECTOR('',#918,1.);
#918 = DIRECTION('',(-1.,0.));
#919 = ( GEOMETRIC_REPRESENTATION_CONTEXT(2) 
PARAMETRIC_REPRESENTATION_CONTEXT() REPRESENTATION_CONTEXT('2D SPACE',''
  ) );
#920 = ORIENTED_EDGE('',*,*,#921,.T.);
#921 = EDGE_CURVE('',#892,#922,#924,.T.);
#922 = VERTEX_POINT('',#923);
#923 = CARTESIAN_POINT('',(23.,-16.,38.));
#924 = SURFACE_CURVE('',#925,(#930,#937),.PCURVE_S1.);
#925 = CIRCLE('',#926,6.);
#926 = AXIS2_PLACEMENT_3D('',#927,#928,#929);
#927 = CARTESIAN_POINT('',(29.,-16.,38.));
#928 = DIRECTION('',(0.,1.,0.));
#929 = DIRECTION('',(0.,-0.,-1.));
#930 = PCURVE('',#44,#931);
#931 = DEFINITIONAL_REPRESENTATION('',(#932),#936);
#932 = CIRCLE('',#933,6.);
#933 = AXIS2_PLACEMENT_2D('',#934,#935);
#934 = CARTESIAN_POINT('',(15.214943609162,26.036715827357));
#935 = DIRECTION('',(-1.,0.));
#936 = ( GEOMETRIC_REPRESENTATION_CONTEXT(2) 
PARAMETRIC_REPRESENTATION_CONTEXT() REPRESENTATION_CONTEXT('2D SPACE',''
  ) );
#937 = PCURVE('',#938,#943);
#938 = CYLINDRICAL_SURFACE('',#939,6.);
#939 = AXIS2_PLACEMENT_3D('',#940,#941,#942);
#940 = CARTESIAN_POINT('',(29.,-16.,38.));
#941 = DIRECTION('',(-0.,1.,-0.));
#942 = DIRECTION('',(0.,0.,-1.));
#943 = DEFINITIONAL_REPRESENTATION('',(#944),#948);
#944 = LINE('',#945,#946);
#945 = CARTESIAN_POINT('',(0.,0.));
#946 = VECTOR('',#947,1.);
#947 = DIRECTION('',(1.,0.));
#948 = ( GEOMETRIC_REPRESENTATION_CONTEXT(2) 
PARAMETRIC_REPRESENTATION_CONTEXT() REPRESENTATION_CONTEXT('2D SPACE',''
  ) );
#949 = ORIENTED_EDGE('',*,*,#950,.F.);
#950 = EDGE_CURVE('',#951,#922,#953,.T.);
#951 = VERTEX_POINT('',#952);
#952 = CARTESIAN_POINT('',(23.,-16.,60.));
#953 = SURFACE_CURVE('',#954,(#958,#965),.PCURVE_S1.);
#954 = LINE('',#955,#956);
#955 = CARTESIAN_POINT('',(23.,-16.,66.));
#956 = VECTOR('',#957,1.);
#957 = DIRECTION('',(-0.,-0.,-1.));
#958 = PCURVE('',#44,#959);
#959 = DEFINITIONAL_REPRESENTATION('',(#960),#964);
#960 = LINE('',#961,#962);
#961 = CARTESIAN_POINT('',(43.214943609162,20.036715827357));
#962 = VECTOR('',#963,1.);
#963 = DIRECTION('',(-1.,0.));
#964 = ( GEOMETRIC_REPRESENTATION_CONTEXT(2) 
PARAMETRIC_REPRESENTATION_CONTEXT() REPRESENTATION_CONTEXT('2D SPACE',''
  ) );
#965 = PCURVE('',#966,#971);
#966 = PLANE('',#967);
#967 = AXIS2_PLACEMENT_3D('',#968,#969,#970);
#968 = CARTESIAN_POINT('',(23.,-16.,66.));
#969 = DIRECTION('',(1.,-0.,-0.));
#970 = DIRECTION('',(0.,0.,1.));
#971 = DEFINITIONAL_REPRESENTATION('',(#972),#976);
#972 = LINE('',#973,#974);
#973 = CARTESIAN_POINT('',(0.,-0.));
#974 = VECTOR('',#975,1.);
#975 = DIRECTION('',(-1.,0.));
#976 = ( GEOMETRIC_REPRESENTATION_CONTEXT(2) 
PARAMETRIC_REPRESENTATION_CONTEXT() REPRESENTATION_CONTEXT('2D SPACE',''
  ) );
#977 = ORIENTED_EDGE('',*,*,#978,.F.);
#978 = EDGE_CURVE('',#979,#951,#981,.T.);
#979 = VERTEX_POINT('',#980);
#980 = CARTESIAN_POINT('',(29.,-16.,66.));
#981 = SURFACE_CURVE('',#982,(#987,#998),.PCURVE_S1.);
#982 = CIRCLE('',#983,6.);
#983 = AXIS2_PLACEMENT_3D('',#984,#985,#986);
#984 = CARTESIAN_POINT('',(29.,-16.,60.));
#985 = DIRECTION('',(0.,-1.,0.));
#986 = DIRECTION('',(0.,-0.,-1.));
#987 = PCURVE('',#44,#988);
#988 = DEFINITIONAL_REPRESENTATION('',(#989),#997);
#989 = ( BOUNDED_CURVE() B_SPLINE_CURVE(2,(#990,#991,#992,#993,#994,#995
,#996),.UNSPECIFIED.,.T.,.F.) B_SPLINE_CURVE_WITH_KNOTS((1,2,2,2,2,1),(
    -2.094395102393,0.,2.094395102393,4.188790204786,6.28318530718,
8.377580409573),.UNSPECIFIED.) CURVE() GEOMETRIC_REPRESENTATION_ITEM() 
RATIONAL_B_SPLINE_CURVE((1.,0.5,1.,0.5,1.,0.5,1.)) REPRESENTATION_ITEM(
  '') );
#990 = CARTESIAN_POINT('',(31.214943609162,26.036715827357));
#991 = CARTESIAN_POINT('',(31.214943609162,36.429020672771));
#992 = CARTESIAN_POINT('',(40.214943609162,31.232868250064));
#993 = CARTESIAN_POINT('',(49.214943609162,26.036715827357));
#994 = CARTESIAN_POINT('',(40.214943609162,20.840563404651));
#995 = CARTESIAN_POINT('',(31.214943609162,15.644410981944));
#996 = CARTESIAN_POINT('',(31.214943609162,26.036715827357));
#997 = ( GEOMETRIC_REPRESENTATION_CONTEXT(2) 
PARAMETRIC_REPRESENTATION_CONTEXT() REPRESENTATION_CONTEXT('2D SPACE',''
  ) );
#998 = PCURVE('',#999,#1004);
#999 = CYLINDRICAL_SURFACE('',#1000,6.);
#1000 = AXIS2_PLACEMENT_3D('',#1001,#1002,#1003);
#1001 = CARTESIAN_POINT('',(29.,-16.,60.));
#1002 = DIRECTION('',(-0.,1.,-0.));
#1003 = DIRECTION('',(-0.,0.,1.));
#1004 = DEFINITIONAL_REPRESENTATION('',(#1005),#1009);
#1005 = LINE('',#1006,#1007);
#1006 = CARTESIAN_POINT('',(3.14159265359,-0.));
#1007 = VECTOR('',#1008,1.);
#1008 = DIRECTION('',(-1.,0.));
#1009 = ( GEOMETRIC_REPRESENTATION_CONTEXT(2) 
PARAMETRIC_REPRESENTATION_CONTEXT() REPRESENTATION_CONTEXT('2D SPACE',''
  ) );
#1010 = ORIENTED_EDGE('',*,*,#1011,.F.);
#1011 = EDGE_CURVE('',#1012,#979,#1014,.T.);
#1012 = VERTEX_POINT('',#1013);
#1013 = CARTESIAN_POINT('',(51.,-16.,66.));
#1014 = SURFACE_CURVE('',#1015,(#1019,#1026),.PCURVE_S1.);
#1015 = LINE('',#1016,#1017);
#1016 = CARTESIAN_POINT('',(57.,-16.,66.));
#1017 = VECTOR('',#1018,1.);
#1018 = DIRECTION('',(-1.,-0.,-0.));
#1019 = PCURVE('',#44,#1020);
#1020 = DEFINITIONAL_REPRESENTATION('',(#1021),#1025);
#1021 = LINE('',#1022,#1023);
#1022 = CARTESIAN_POINT('',(43.214943609162,54.036715827357));
#1023 = VECTOR('',#1024,1.);
#1024 = DIRECTION('',(-0.,-1.));
#1025 = ( GEOMETRIC_REPRESENTATION_CONTEXT(2) 
PARAMETRIC_REPRESENTATION_CONTEXT() REPRESENTATION_CONTEXT('2D SPACE',''
  ) );
#1026 = PCURVE('',#1027,#1032);
#1027 = PLANE('',#1028);
#1028 = AXIS2_PLACEMENT_3D('',#1029,#1030,#1031);
#1029 = CARTESIAN_POINT('',(57.,-16.,66.));
#1030 = DIRECTION('',(-0.,0.,-1.));
#1031 = DIRECTION('',(1.,0.,-0.));
#1032 = DEFINITIONAL_REPRESENTATION('',(#1033),#1037);
#1033 = LINE('',#1034,#1035);
#1034 = CARTESIAN_POINT('',(-0.,-0.));
#1035 = VECTOR('',#1036,1.);
#1036 = DIRECTION('',(-1.,0.));
#1037 = ( GEOMETRIC_REPRESENTATION_CONTEXT(2) 
PARAMETRIC_REPRESENTATION_CONTEXT() REPRESENTATION_CONTEXT('2D SPACE',''
  ) );
#1038 = ORIENTED_EDGE('',*,*,#1039,.F.);
#1039 = EDGE_CURVE('',#1040,#1012,#1042,.T.);
#1040 = VERTEX_POINT('',#1041);
#1041 = CARTESIAN_POINT('',(57.,-16.,60.));
#1042 = SURFACE_CURVE('',#1043,(#1048,#1059),.PCURVE_S1.);
#1043 = CIRCLE('',#1044,6.);
#1044 = AXIS2_PLACEMENT_3D('',#1045,#1046,#1047);
#1045 = CARTESIAN_POINT('',(51.,-16.,60.));
#1046 = DIRECTION('',(0.,-1.,0.));
#1047 = DIRECTION('',(0.,-0.,-1.));
#1048 = PCURVE('',#44,#1049);
#1049 = DEFINITIONAL_REPRESENTATION('',(#1050),#1058);
#1050 = ( BOUNDED_CURVE() B_SPLINE_CURVE(2,(#1051,#1052,#1053,#1054,
#1055,#1056,#1057),.UNSPECIFIED.,.T.,.F.) B_SPLINE_CURVE_WITH_KNOTS((1,2
    ,2,2,2,1),(-2.094395102393,0.,2.094395102393,4.188790204786,
6.28318530718,8.377580409573),.UNSPECIFIED.) CURVE() 
GEOMETRIC_REPRESENTATION_ITEM() RATIONAL_B_SPLINE_CURVE((1.,0.5,1.,0.5,
1.,0.5,1.)) REPRESENTATION_ITEM('') );
#1051 = CARTESIAN_POINT('',(31.214943609162,48.036715827357));
#1052 = CARTESIAN_POINT('',(31.214943609162,58.429020672771));
#1053 = CARTESIAN_POINT('',(40.214943609162,53.232868250064));
#1054 = CARTESIAN_POINT('',(49.214943609162,48.036715827357));
#1055 = CARTESIAN_POINT('',(40.214943609162,42.840563404651));
#1056 = CARTESIAN_POINT('',(31.214943609162,37.644410981944));
#1057 = CARTESIAN_POINT('',(31.214943609162,48.036715827357));
#1058 = ( GEOMETRIC_REPRESENTATION_CONTEXT(2) 
PARAMETRIC_REPRESENTATION_CONTEXT() REPRESENTATION_CONTEXT('2D SPACE',''
  ) );
#1059 = PCURVE('',#1060,#1065);
#1060 = CYLINDRICAL_SURFACE('',#1061,6.);
#1061 = AXIS2_PLACEMENT_3D('',#1062,#1063,#1064);
#1062 = CARTESIAN_POINT('',(51.,-16.,60.));
#1063 = DIRECTION('',(-0.,1.,-0.));
#1064 = DIRECTION('',(1.,0.,-0.));
#1065 = DEFINITIONAL_REPRESENTATION('',(#1066),#1070);
#1066 = LINE('',#1067,#1068);
#1067 = CARTESIAN_POINT('',(1.570796326795,-0.));
#1068 = VECTOR('',#1069,1.);
#1069 = DIRECTION('',(-1.,0.));
#1070 = ( GEOMETRIC_REPRESENTATION_CONTEXT(2) 
PARAMETRIC_REPRESENTATION_CONTEXT() REPRESENTATION_CONTEXT('2D SPACE',''
  ) );
#1071 = ORIENTED_EDGE('',*,*,#1072,.F.);
#1072 = EDGE_CURVE('',#1073,#1040,#1075,.T.);
#1073 = VERTEX_POINT('',#1074);
#1074 = CARTESIAN_POINT('',(57.,-16.,38.));
#1075 = SURFACE_CURVE('',#1076,(#1080,#1087),.PCURVE_S1.);
#1076 = LINE('',#1077,#1078);
#1077 = CARTESIAN_POINT('',(57.,-16.,32.));
#1078 = VECTOR('',#1079,1.);
#1079 = DIRECTION('',(-0.,-0.,1.));
#1080 = PCURVE('',#44,#1081);
#1081 = DEFINITIONAL_REPRESENTATION('',(#1082),#1086);
#1082 = LINE('',#1083,#1084);
#1083 = CARTESIAN_POINT('',(9.214943609162,54.036715827357));
#1084 = VECTOR('',#1085,1.);
#1085 = DIRECTION('',(1.,-0.));
#1086 = ( GEOMETRIC_REPRESENTATION_CONTEXT(2) 
PARAMETRIC_REPRESENTATION_CONTEXT() REPRESENTATION_CONTEXT('2D SPACE',''
  ) );
#1087 = PCURVE('',#1088,#1093);
#1088 = PLANE('',#1089);
#1089 = AXIS2_PLACEMENT_3D('',#1090,#1091,#1092);
#1090 = CARTESIAN_POINT('',(57.,-16.,32.));
#1091 = DIRECTION('',(-1.,-0.,-0.));
#1092 = DIRECTION('',(0.,-0.,-1.));
#1093 = DEFINITIONAL_REPRESENTATION('',(#1094),#1098);
#1094 = LINE('',#1095,#1096);
#1095 = CARTESIAN_POINT('',(-0.,0.));
#1096 = VECTOR('',#1097,1.);
#1097 = DIRECTION('',(-1.,0.));
#1098 = ( GEOMETRIC_REPRESENTATION_CONTEXT(2) 
PARAMETRIC_REPRESENTATION_CONTEXT() REPRESENTATION_CONTEXT('2D SPACE',''
  ) );
#1099 = ORIENTED_EDGE('',*,*,#1100,.F.);
#1100 = EDGE_CURVE('',#894,#1073,#1101,.T.);
#1101 = SURFACE_CURVE('',#1102,(#1107,#1118),.PCURVE_S1.);
#1102 = CIRCLE('',#1103,6.);
#1103 = AXIS2_PLACEMENT_3D('',#1104,#1105,#1106);
#1104 = CARTESIAN_POINT('',(51.,-16.,38.));
#1105 = DIRECTION('',(0.,-1.,0.));
#1106 = DIRECTION('',(0.,-0.,-1.));
#1107 = PCURVE('',#44,#1108);
#1108 = DEFINITIONAL_REPRESENTATION('',(#1109),#1117);
#1109 = ( BOUNDED_CURVE() B_SPLINE_CURVE(2,(#1110,#1111,#1112,#1113,
#1114,#1115,#1116),.UNSPECIFIED.,.T.,.F.) B_SPLINE_CURVE_WITH_KNOTS((1,2
    ,2,2,2,1),(-2.094395102393,0.,2.094395102393,4.188790204786,
6.28318530718,8.377580409573),.UNSPECIFIED.) CURVE() 
GEOMETRIC_REPRESENTATION_ITEM() RATIONAL_B_SPLINE_CURVE((1.,0.5,1.,0.5,
1.,0.5,1.)) REPRESENTATION_ITEM('') );
#1110 = CARTESIAN_POINT('',(9.214943609162,48.036715827357));
#1111 = CARTESIAN_POINT('',(9.214943609162,58.429020672771));
#1112 = CARTESIAN_POINT('',(18.214943609162,53.232868250064));
#1113 = CARTESIAN_POINT('',(27.214943609162,48.036715827357));
#1114 = CARTESIAN_POINT('',(18.214943609162,42.840563404651));
#1115 = CARTESIAN_POINT('',(9.214943609162,37.644410981944));
#1116 = CARTESIAN_POINT('',(9.214943609162,48.036715827357));
#1117 = ( GEOMETRIC_REPRESENTATION_CONTEXT(2) 
PARAMETRIC_REPRESENTATION_CONTEXT() REPRESENTATION_CONTEXT('2D SPACE',''
  ) );
#1118 = PCURVE('',#1119,#1124);
#1119 = CYLINDRICAL_SURFACE('',#1120,6.);
#1120 = AXIS2_PLACEMENT_3D('',#1121,#1122,#1123);
#1121 = CARTESIAN_POINT('',(51.,-16.,38.));
#1122 = DIRECTION('',(-0.,1.,-0.));
#1123 = DIRECTION('',(0.,0.,-1.));
#1124 = DEFINITIONAL_REPRESENTATION('',(#1125),#1129);
#1125 = LINE('',#1126,#1127);
#1126 = CARTESIAN_POINT('',(-0.,0.));
#1127 = VECTOR('',#1128,1.);
#1128 = DIRECTION('',(-1.,0.));
#1129 = ( GEOMETRIC_REPRESENTATION_CONTEXT(2) 
PARAMETRIC_REPRESENTATION_CONTEXT() REPRESENTATION_CONTEXT('2D SPACE',''
  ) );
#1130 = FACE_BOUND('',#1131,.T.);
#1131 = EDGE_LOOP('',(#1132));
#1132 = ORIENTED_EDGE('',*,*,#1133,.F.);
#1133 = EDGE_CURVE('',#1134,#1134,#1136,.T.);
#1134 = VERTEX_POINT('',#1135);
#1135 = CARTESIAN_POINT('',(30.,-16.,0.));
#1136 = SURFACE_CURVE('',#1137,(#1142,#1153),.PCURVE_S1.);
#1137 = CIRCLE('',#1138,30.);
#1138 = AXIS2_PLACEMENT_3D('',#1139,#1140,#1141);
#1139 = CARTESIAN_POINT('',(0.,-16.,0.));
#1140 = DIRECTION('',(-0.,-1.,0.));
#1141 = DIRECTION('',(1.,-0.,0.));
#1142 = PCURVE('',#44,#1143);
#1143 = DEFINITIONAL_REPRESENTATION('',(#1144),#1152);
#1144 = ( BOUNDED_CURVE() B_SPLINE_CURVE(2,(#1145,#1146,#1147,#1148,
#1149,#1150,#1151),.UNSPECIFIED.,.T.,.F.) B_SPLINE_CURVE_WITH_KNOTS((1,2
    ,2,2,2,1),(-2.094395102393,0.,2.094395102393,4.188790204786,
6.28318530718,8.377580409573),.UNSPECIFIED.) CURVE() 
GEOMETRIC_REPRESENTATION_ITEM() RATIONAL_B_SPLINE_CURVE((1.,0.5,1.,0.5,
1.,0.5,1.)) REPRESENTATION_ITEM('') );
#1145 = CARTESIAN_POINT('',(-22.78505639083,27.036715827357));
#1146 = CARTESIAN_POINT('',(29.176467836228,27.036715827357));
#1147 = CARTESIAN_POINT('',(3.195705722695,-17.96328417264));
#1148 = CARTESIAN_POINT('',(-22.78505639083,-62.96328417264));
#1149 = CARTESIAN_POINT('',(-48.76581850437,-17.96328417264));
#1150 = CARTESIAN_POINT('',(-74.7465806179,27.036715827357));
#1151 = CARTESIAN_POINT('',(-22.78505639083,27.036715827357));
#1152 = ( GEOMETRIC_REPRESENTATION_CONTEXT(2) 
PARAMETRIC_REPRESENTATION_CONTEXT() REPRESENTATION_CONTEXT('2D SPACE',''
  ) );
#1153 = PCURVE('',#1154,#1159);
#1154 = CYLINDRICAL_SURFACE('',#1155,30.);
#1155 = AXIS2_PLACEMENT_3D('',#1156,#1157,#1158);
#1156 = CARTESIAN_POINT('',(0.,-16.,0.));
#1157 = DIRECTION('',(-0.,-1.,-0.));
#1158 = DIRECTION('',(1.,-0.,0.));
#1159 = DEFINITIONAL_REPRESENTATION('',(#1160),#1164);
#1160 = LINE('',#1161,#1162);
#1161 = CARTESIAN_POINT('',(0.,0.));
#1162 = VECTOR('',#1163,1.);
#1163 = DIRECTION('',(1.,0.));
#1164 = ( GEOMETRIC_REPRESENTATION_CONTEXT(2) 
PARAMETRIC_REPRESENTATION_CONTEXT() REPRESENTATION_CONTEXT('2D SPACE',''
  ) );
#1165 = FACE_BOUND('',#1166,.T.);
#1166 = EDGE_LOOP('',(#1167));
#1167 = ORIENTED_EDGE('',*,*,#1168,.F.);
#1168 = EDGE_CURVE('',#1169,#1169,#1171,.T.);
#1169 = VERTEX_POINT('',#1170);
#1170 = CARTESIAN_POINT('',(58.,-16.,2.1));
#1171 = SURFACE_CURVE('',#1172,(#1177,#1188),.PCURVE_S1.);
#1172 = CIRCLE('',#1173,3.3);
#1173 = AXIS2_PLACEMENT_3D('',#1174,#1175,#1176);
#1174 = CARTESIAN_POINT('',(54.7,-16.,2.1));
#1175 = DIRECTION('',(-0.,-1.,0.));
#1176 = DIRECTION('',(1.,-0.,0.));
#1177 = PCURVE('',#44,#1178);
#1178 = DEFINITIONAL_REPRESENTATION('',(#1179),#1187);
#1179 = ( BOUNDED_CURVE() B_SPLINE_CURVE(2,(#1180,#1181,#1182,#1183,
#1184,#1185,#1186),.UNSPECIFIED.,.T.,.F.) B_SPLINE_CURVE_WITH_KNOTS((1,2
    ,2,2,2,1),(-2.094395102393,0.,2.094395102393,4.188790204786,
6.28318530718,8.377580409573),.UNSPECIFIED.) CURVE() 
GEOMETRIC_REPRESENTATION_ITEM() RATIONAL_B_SPLINE_CURVE((1.,0.5,1.,0.5,
1.,0.5,1.)) REPRESENTATION_ITEM('') );
#1180 = CARTESIAN_POINT('',(-20.68505639083,55.036715827357));
#1181 = CARTESIAN_POINT('',(-14.96928872586,55.036715827357));
#1182 = CARTESIAN_POINT('',(-17.82717255834,50.086715827357));
#1183 = CARTESIAN_POINT('',(-20.68505639083,45.136715827357));
#1184 = CARTESIAN_POINT('',(-23.54294022332,50.086715827357));
#1185 = CARTESIAN_POINT('',(-26.40082405581,55.036715827357));
#1186 = CARTESIAN_POINT('',(-20.68505639083,55.036715827357));
#1187 = ( GEOMETRIC_REPRESENTATION_CONTEXT(2) 
PARAMETRIC_REPRESENTATION_CONTEXT() REPRESENTATION_CONTEXT('2D SPACE',''
  ) );
#1188 = PCURVE('',#1189,#1194);
#1189 = CYLINDRICAL_SURFACE('',#1190,3.3);
#1190 = AXIS2_PLACEMENT_3D('',#1191,#1192,#1193);
#1191 = CARTESIAN_POINT('',(54.7,-16.,2.1));
#1192 = DIRECTION('',(-0.,-1.,-0.));
#1193 = DIRECTION('',(1.,-0.,0.));
#1194 = DEFINITIONAL_REPRESENTATION('',(#1195),#1199);
#1195 = LINE('',#1196,#1197);
#1196 = CARTESIAN_POINT('',(0.,0.));
#1197 = VECTOR('',#1198,1.);
#1198 = DIRECTION('',(1.,0.));
#1199 = ( GEOMETRIC_REPRESENTATION_CONTEXT(2) 
PARAMETRIC_REPRESENTATION_CONTEXT() REPRESENTATION_CONTEXT('2D SPACE',''
  ) );
#1200 = FACE_BOUND('',#1201,.T.);
#1201 = EDGE_LOOP('',(#1202));
#1202 = ORIENTED_EDGE('',*,*,#1203,.F.);
#1203 = EDGE_CURVE('',#1204,#1204,#1206,.T.);
#1204 = VERTEX_POINT('',#1205);
#1205 = CARTESIAN_POINT('',(45.1,-16.,-24.6));
#1206 = SURFACE_CURVE('',#1207,(#1212,#1223),.PCURVE_S1.);
#1207 = CIRCLE('',#1208,3.3);
#1208 = AXIS2_PLACEMENT_3D('',#1209,#1210,#1211);
#1209 = CARTESIAN_POINT('',(41.8,-16.,-24.6));
#1210 = DIRECTION('',(-0.,-1.,0.));
#1211 = DIRECTION('',(1.,-0.,0.));
#1212 = PCURVE('',#44,#1213);
#1213 = DEFINITIONAL_REPRESENTATION('',(#1214),#1222);
#1214 = ( BOUNDED_CURVE() B_SPLINE_CURVE(2,(#1215,#1216,#1217,#1218,
#1219,#1220,#1221),.UNSPECIFIED.,.T.,.F.) B_SPLINE_CURVE_WITH_KNOTS((1,2
    ,2,2,2,1),(-2.094395102393,0.,2.094395102393,4.188790204786,
6.28318530718,8.377580409573),.UNSPECIFIED.) CURVE() 
GEOMETRIC_REPRESENTATION_ITEM() RATIONAL_B_SPLINE_CURVE((1.,0.5,1.,0.5,
1.,0.5,1.)) REPRESENTATION_ITEM('') );
#1215 = CARTESIAN_POINT('',(-47.38505639083,42.136715827357));
#1216 = CARTESIAN_POINT('',(-41.66928872586,42.136715827357));
#1217 = CARTESIAN_POINT('',(-44.52717255834,37.186715827357));
#1218 = CARTESIAN_POINT('',(-47.38505639083,32.236715827357));
#1219 = CARTESIAN_POINT('',(-50.24294022332,37.186715827357));
#1220 = CARTESIAN_POINT('',(-53.10082405581,42.136715827357));
#1221 = CARTESIAN_POINT('',(-47.38505639083,42.136715827357));
#1222 = ( GEOMETRIC_REPRESENTATION_CONTEXT(2) 
PARAMETRIC_REPRESENTATION_CONTEXT() REPRESENTATION_CONTEXT('2D SPACE',''
  ) );
#1223 = PCURVE('',#1224,#1229);
#1224 = CYLINDRICAL_SURFACE('',#1225,3.3);
#1225 = AXIS2_PLACEMENT_3D('',#1226,#1227,#1228);
#1226 = CARTESIAN_POINT('',(41.8,-16.,-24.6));
#1227 = DIRECTION('',(-0.,-1.,-0.));
#1228 = DIRECTION('',(1.,-0.,0.));
#1229 = DEFINITIONAL_REPRESENTATION('',(#1230),#1234);
#1230 = LINE('',#1231,#1232);
#1231 = CARTESIAN_POINT('',(0.,0.));
#1232 = VECTOR('',#1233,1.);
#1233 = DIRECTION('',(1.,0.));
#1234 = ( GEOMETRIC_REPRESENTATION_CONTEXT(2) 
PARAMETRIC_REPRESENTATION_CONTEXT() REPRESENTATION_CONTEXT('2D SPACE',''
  ) );
#1235 = ADVANCED_FACE('',(#1236),#72,.T.);
#1236 = FACE_BOUND('',#1237,.T.);
#1237 = EDGE_LOOP('',(#1238,#1239,#1262,#1284));
#1238 = ORIENTED_EDGE('',*,*,#555,.T.);
#1239 = ORIENTED_EDGE('',*,*,#1240,.T.);
#1240 = EDGE_CURVE('',#528,#1241,#1243,.T.);
#1241 = VERTEX_POINT('',#1242);
#1242 = CARTESIAN_POINT('',(-46.55706734179,-8.,-38.65759594922));
#1243 = SURFACE_CURVE('',#1244,(#1248,#1255),.PCURVE_S1.);
#1244 = LINE('',#1245,#1246);
#1245 = CARTESIAN_POINT('',(-46.55706734179,-16.,-38.65759594922));
#1246 = VECTOR('',#1247,1.);
#1247 = DIRECTION('',(-0.,1.,-0.));
#1248 = PCURVE('',#72,#1249);
#1249 = DEFINITIONAL_REPRESENTATION('',(#1250),#1254);
#1250 = LINE('',#1251,#1252);
#1251 = CARTESIAN_POINT('',(1.40564764938,0.));
#1252 = VECTOR('',#1253,1.);
#1253 = DIRECTION('',(0.,1.));
#1254 = ( GEOMETRIC_REPRESENTATION_CONTEXT(2) 
PARAMETRIC_REPRESENTATION_CONTEXT() REPRESENTATION_CONTEXT('2D SPACE',''
  ) );
#1255 = PCURVE('',#543,#1256);
#1256 = DEFINITIONAL_REPRESENTATION('',(#1257),#1261);
#1257 = LINE('',#1258,#1259);
#1258 = CARTESIAN_POINT('',(-20.94254176766,0.));
#1259 = VECTOR('',#1260,1.);
#1260 = DIRECTION('',(-0.,-1.));
#1261 = ( GEOMETRIC_REPRESENTATION_CONTEXT(2) 
PARAMETRIC_REPRESENTATION_CONTEXT() REPRESENTATION_CONTEXT('2D SPACE',''
  ) );
#1262 = ORIENTED_EDGE('',*,*,#1263,.F.);
#1263 = EDGE_CURVE('',#57,#1241,#1264,.T.);
#1264 = SURFACE_CURVE('',#1265,(#1270,#1277),.PCURVE_S1.);
#1265 = CIRCLE('',#1266,4.);
#1266 = AXIS2_PLACEMENT_3D('',#1267,#1268,#1269);
#1267 = CARTESIAN_POINT('',(-42.61149164646,-8.,-38.));
#1268 = DIRECTION('',(0.,1.,0.));
#1269 = DIRECTION('',(0.,-0.,-1.));
#1270 = PCURVE('',#72,#1271);
#1271 = DEFINITIONAL_REPRESENTATION('',(#1272),#1276);
#1272 = LINE('',#1273,#1274);
#1273 = CARTESIAN_POINT('',(0.,8.));
#1274 = VECTOR('',#1275,1.);
#1275 = DIRECTION('',(1.,0.));
#1276 = ( GEOMETRIC_REPRESENTATION_CONTEXT(2) 
PARAMETRIC_REPRESENTATION_CONTEXT() REPRESENTATION_CONTEXT('2D SPACE',''
  ) );
#1277 = PCURVE('',#100,#1278);
#1278 = DEFINITIONAL_REPRESENTATION('',(#1279),#1283);
#1279 = CIRCLE('',#1280,4.);
#1280 = AXIS2_PLACEMENT_2D('',#1281,#1282);
#1281 = CARTESIAN_POINT('',(-60.78505639083,-45.57477581911));
#1282 = DIRECTION('',(-1.,0.));
#1283 = ( GEOMETRIC_REPRESENTATION_CONTEXT(2) 
PARAMETRIC_REPRESENTATION_CONTEXT() REPRESENTATION_CONTEXT('2D SPACE',''
  ) );
#1284 = ORIENTED_EDGE('',*,*,#56,.F.);
#1285 = ADVANCED_FACE('',(#1286,#2009,#2035,#2061,#2087,#2113),#100,.T.
  );
#1286 = FACE_BOUND('',#1287,.F.);
#1287 = EDGE_LOOP('',(#1288,#1289,#1290,#1318,#1341,#1369,#1392,#1420,
    #1448,#1477,#1505,#1533,#1556,#1584,#1607,#1635,#1658,#1686,#1709,
    #1737,#1765,#1788,#1816,#1839,#1867,#1890,#1913,#1941,#1964,#1988));
#1288 = ORIENTED_EDGE('',*,*,#1263,.F.);
#1289 = ORIENTED_EDGE('',*,*,#84,.F.);
#1290 = ORIENTED_EDGE('',*,*,#1291,.T.);
#1291 = EDGE_CURVE('',#85,#1292,#1294,.T.);
#1292 = VERTEX_POINT('',#1293);
#1293 = CARTESIAN_POINT('',(63.171572875254,-8.,-40.82842712474));
#1294 = SURFACE_CURVE('',#1295,(#1300,#1311),.PCURVE_S1.);
#1295 = CIRCLE('',#1296,4.);
#1296 = AXIS2_PLACEMENT_3D('',#1297,#1298,#1299);
#1297 = CARTESIAN_POINT('',(60.343145750508,-8.,-38.));
#1298 = DIRECTION('',(0.,-1.,0.));
#1299 = DIRECTION('',(0.,-0.,-1.));
#1300 = PCURVE('',#100,#1301);
#1301 = DEFINITIONAL_REPRESENTATION('',(#1302),#1310);
#1302 = ( BOUNDED_CURVE() B_SPLINE_CURVE(2,(#1303,#1304,#1305,#1306,
#1307,#1308,#1309),.UNSPECIFIED.,.T.,.F.) B_SPLINE_CURVE_WITH_KNOTS((1,2
    ,2,2,2,1),(-2.094395102393,0.,2.094395102393,4.188790204786,
6.28318530718,8.377580409573),.UNSPECIFIED.) CURVE() 
GEOMETRIC_REPRESENTATION_ITEM() RATIONAL_B_SPLINE_CURVE((1.,0.5,1.,0.5,
1.,0.5,1.)) REPRESENTATION_ITEM('') );
#1303 = CARTESIAN_POINT('',(-64.78505639083,57.379861577865));
#1304 = CARTESIAN_POINT('',(-64.78505639083,64.308064808141));
#1305 = CARTESIAN_POINT('',(-58.78505639083,60.843963193003));
#1306 = CARTESIAN_POINT('',(-52.78505639083,57.379861577865));
#1307 = CARTESIAN_POINT('',(-58.78505639083,53.915759962727));
#1308 = CARTESIAN_POINT('',(-64.78505639083,50.45165834759));
#1309 = CARTESIAN_POINT('',(-64.78505639083,57.379861577865));
#1310 = ( GEOMETRIC_REPRESENTATION_CONTEXT(2) 
PARAMETRIC_REPRESENTATION_CONTEXT() REPRESENTATION_CONTEXT('2D SPACE',''
  ) );
#1311 = PCURVE('',#126,#1312);
#1312 = DEFINITIONAL_REPRESENTATION('',(#1313),#1317);
#1313 = LINE('',#1314,#1315);
#1314 = CARTESIAN_POINT('',(-0.,8.));
#1315 = VECTOR('',#1316,1.);
#1316 = DIRECTION('',(-1.,0.));
#1317 = ( GEOMETRIC_REPRESENTATION_CONTEXT(2) 
PARAMETRIC_REPRESENTATION_CONTEXT() REPRESENTATION_CONTEXT('2D SPACE',''
  ) );
#1318 = ORIENTED_EDGE('',*,*,#1319,.T.);
#1319 = EDGE_CURVE('',#1292,#1320,#1322,.T.);
#1320 = VERTEX_POINT('',#1321);
#1321 = CARTESIAN_POINT('',(72.828427124746,-8.,-31.17157287525));
#1322 = SURFACE_CURVE('',#1323,(#1327,#1334),.PCURVE_S1.);
#1323 = LINE('',#1324,#1325);
#1324 = CARTESIAN_POINT('',(62.,-8.,-42.));
#1325 = VECTOR('',#1326,1.);
#1326 = DIRECTION('',(0.707106781187,-0.,0.707106781187));
#1327 = PCURVE('',#100,#1328);
#1328 = DEFINITIONAL_REPRESENTATION('',(#1329),#1333);
#1329 = LINE('',#1330,#1331);
#1330 = CARTESIAN_POINT('',(-64.78505639083,59.036715827357));
#1331 = VECTOR('',#1332,1.);
#1332 = DIRECTION('',(0.707106781187,0.707106781187));
#1333 = ( GEOMETRIC_REPRESENTATION_CONTEXT(2) 
PARAMETRIC_REPRESENTATION_CONTEXT() REPRESENTATION_CONTEXT('2D SPACE',''
  ) );
#1334 = PCURVE('',#186,#1335);
#1335 = DEFINITIONAL_REPRESENTATION('',(#1336),#1340);
#1336 = LINE('',#1337,#1338);
#1337 = CARTESIAN_POINT('',(-0.,-8.));
#1338 = VECTOR('',#1339,1.);
#1339 = DIRECTION('',(-1.,0.));
#1340 = ( GEOMETRIC_REPRESENTATION_CONTEXT(2) 
PARAMETRIC_REPRESENTATION_CONTEXT() REPRESENTATION_CONTEXT('2D SPACE',''
  ) );
#1341 = ORIENTED_EDGE('',*,*,#1342,.T.);
#1342 = EDGE_CURVE('',#1320,#1343,#1345,.T.);
#1343 = VERTEX_POINT('',#1344);
#1344 = CARTESIAN_POINT('',(74.,-8.,-28.3431457505));
#1345 = SURFACE_CURVE('',#1346,(#1351,#1362),.PCURVE_S1.);
#1346 = CIRCLE('',#1347,4.);
#1347 = AXIS2_PLACEMENT_3D('',#1348,#1349,#1350);
#1348 = CARTESIAN_POINT('',(70.,-8.,-28.3431457505));
#1349 = DIRECTION('',(0.,-1.,0.));
#1350 = DIRECTION('',(0.,-0.,-1.));
#1351 = PCURVE('',#100,#1352);
#1352 = DEFINITIONAL_REPRESENTATION('',(#1353),#1361);
#1353 = ( BOUNDED_CURVE() B_SPLINE_CURVE(2,(#1354,#1355,#1356,#1357,
#1358,#1359,#1360),.UNSPECIFIED.,.T.,.F.) B_SPLINE_CURVE_WITH_KNOTS((1,2
    ,2,2,2,1),(-2.094395102393,0.,2.094395102393,4.188790204786,
6.28318530718,8.377580409573),.UNSPECIFIED.) CURVE() 
GEOMETRIC_REPRESENTATION_ITEM() RATIONAL_B_SPLINE_CURVE((1.,0.5,1.,0.5,
1.,0.5,1.)) REPRESENTATION_ITEM('') );
#1354 = CARTESIAN_POINT('',(-55.12820214134,67.036715827357));
#1355 = CARTESIAN_POINT('',(-55.12820214134,73.964919057633));
#1356 = CARTESIAN_POINT('',(-49.12820214134,70.500817442495));
#1357 = CARTESIAN_POINT('',(-43.12820214134,67.036715827357));
#1358 = CARTESIAN_POINT('',(-49.12820214134,63.57261421222));
#1359 = CARTESIAN_POINT('',(-55.12820214134,60.108512597082));
#1360 = CARTESIAN_POINT('',(-55.12820214134,67.036715827357));
#1361 = ( GEOMETRIC_REPRESENTATION_CONTEXT(2) 
PARAMETRIC_REPRESENTATION_CONTEXT() REPRESENTATION_CONTEXT('2D SPACE',''
  ) );
#1362 = PCURVE('',#219,#1363);
#1363 = DEFINITIONAL_REPRESENTATION('',(#1364),#1368);
#1364 = LINE('',#1365,#1366);
#1365 = CARTESIAN_POINT('',(0.785398163397,8.));
#1366 = VECTOR('',#1367,1.);
#1367 = DIRECTION('',(-1.,0.));
#1368 = ( GEOMETRIC_REPRESENTATION_CONTEXT(2) 
PARAMETRIC_REPRESENTATION_CONTEXT() REPRESENTATION_CONTEXT('2D SPACE',''
  ) );
#1369 = ORIENTED_EDGE('',*,*,#1370,.T.);
#1370 = EDGE_CURVE('',#1343,#1371,#1373,.T.);
#1371 = VERTEX_POINT('',#1372);
#1372 = CARTESIAN_POINT('',(74.,-8.,0.));
#1373 = SURFACE_CURVE('',#1374,(#1378,#1385),.PCURVE_S1.);
#1374 = LINE('',#1375,#1376);
#1375 = CARTESIAN_POINT('',(74.,-8.,-30.));
#1376 = VECTOR('',#1377,1.);
#1377 = DIRECTION('',(-0.,-0.,1.));
#1378 = PCURVE('',#100,#1379);
#1379 = DEFINITIONAL_REPRESENTATION('',(#1380),#1384);
#1380 = LINE('',#1381,#1382);
#1381 = CARTESIAN_POINT('',(-52.78505639083,71.036715827357));
#1382 = VECTOR('',#1383,1.);
#1383 = DIRECTION('',(1.,-0.));
#1384 = ( GEOMETRIC_REPRESENTATION_CONTEXT(2) 
PARAMETRIC_REPRESENTATION_CONTEXT() REPRESENTATION_CONTEXT('2D SPACE',''
  ) );
#1385 = PCURVE('',#247,#1386);
#1386 = DEFINITIONAL_REPRESENTATION('',(#1387),#1391);
#1387 = LINE('',#1388,#1389);
#1388 = CARTESIAN_POINT('',(-0.,-8.));
#1389 = VECTOR('',#1390,1.);
#1390 = DIRECTION('',(-1.,0.));
#1391 = ( GEOMETRIC_REPRESENTATION_CONTEXT(2) 
PARAMETRIC_REPRESENTATION_CONTEXT() REPRESENTATION_CONTEXT('2D SPACE',''
  ) );
#1392 = ORIENTED_EDGE('',*,*,#1393,.F.);
#1393 = EDGE_CURVE('',#1394,#1371,#1396,.T.);
#1394 = VERTEX_POINT('',#1395);
#1395 = CARTESIAN_POINT('',(66.,-8.,0.));
#1396 = SURFACE_CURVE('',#1397,(#1401,#1408),.PCURVE_S1.);
#1397 = LINE('',#1398,#1399);
#1398 = CARTESIAN_POINT('',(66.,-8.,0.));
#1399 = VECTOR('',#1400,1.);
#1400 = DIRECTION('',(1.,-0.,-0.));
#1401 = PCURVE('',#100,#1402);
#1402 = DEFINITIONAL_REPRESENTATION('',(#1403),#1407);
#1403 = LINE('',#1404,#1405);
#1404 = CARTESIAN_POINT('',(-22.78505639083,63.036715827357));
#1405 = VECTOR('',#1406,1.);
#1406 = DIRECTION('',(-0.,1.));
#1407 = ( GEOMETRIC_REPRESENTATION_CONTEXT(2) 
PARAMETRIC_REPRESENTATION_CONTEXT() REPRESENTATION_CONTEXT('2D SPACE',''
  ) );
#1408 = PCURVE('',#1409,#1414);
#1409 = PLANE('',#1410);
#1410 = AXIS2_PLACEMENT_3D('',#1411,#1412,#1413);
#1411 = CARTESIAN_POINT('',(66.,72.,80.));
#1412 = DIRECTION('',(-0.,-0.707106781187,0.707106781187));
#1413 = DIRECTION('',(0.,0.707106781187,0.707106781187));
#1414 = DEFINITIONAL_REPRESENTATION('',(#1415),#1419);
#1415 = LINE('',#1416,#1417);
#1416 = CARTESIAN_POINT('',(-113.1370849898,0.));
#1417 = VECTOR('',#1418,1.);
#1418 = DIRECTION('',(-0.,-1.));
#1419 = ( GEOMETRIC_REPRESENTATION_CONTEXT(2) 
PARAMETRIC_REPRESENTATION_CONTEXT() REPRESENTATION_CONTEXT('2D SPACE',''
  ) );
#1420 = ORIENTED_EDGE('',*,*,#1421,.F.);
#1421 = EDGE_CURVE('',#1422,#1394,#1424,.T.);
#1422 = VERTEX_POINT('',#1423);
#1423 = CARTESIAN_POINT('',(62.419455939378,-8.,-1.110223024625E-13));
#1424 = SURFACE_CURVE('',#1425,(#1429,#1436),.PCURVE_S1.);
#1425 = LINE('',#1426,#1427);
#1426 = CARTESIAN_POINT('',(56.,-8.,0.));
#1427 = VECTOR('',#1428,1.);
#1428 = DIRECTION('',(1.,0.,-0.));
#1429 = PCURVE('',#100,#1430);
#1430 = DEFINITIONAL_REPRESENTATION('',(#1431),#1435);
#1431 = LINE('',#1432,#1433);
#1432 = CARTESIAN_POINT('',(-22.78505639083,53.036715827357));
#1433 = VECTOR('',#1434,1.);
#1434 = DIRECTION('',(-0.,1.));
#1435 = ( GEOMETRIC_REPRESENTATION_CONTEXT(2) 
PARAMETRIC_REPRESENTATION_CONTEXT() REPRESENTATION_CONTEXT('2D SPACE',''
  ) );
#1436 = PCURVE('',#1437,#1442);
#1437 = PLANE('',#1438);
#1438 = AXIS2_PLACEMENT_3D('',#1439,#1440,#1441);
#1439 = CARTESIAN_POINT('',(56.,2.,0.));
#1440 = DIRECTION('',(0.,0.,1.));
#1441 = DIRECTION('',(-1.,0.,0.));
#1442 = DEFINITIONAL_REPRESENTATION('',(#1443),#1447);
#1443 = LINE('',#1444,#1445);
#1444 = CARTESIAN_POINT('',(-0.,10.));
#1445 = VECTOR('',#1446,1.);
#1446 = DIRECTION('',(-1.,0.));
#1447 = ( GEOMETRIC_REPRESENTATION_CONTEXT(2) 
PARAMETRIC_REPRESENTATION_CONTEXT() REPRESENTATION_CONTEXT('2D SPACE',''
  ) );
#1448 = ORIENTED_EDGE('',*,*,#1449,.F.);
#1449 = EDGE_CURVE('',#1450,#1422,#1452,.T.);
#1450 = VERTEX_POINT('',#1451);
#1451 = CARTESIAN_POINT('',(56.,-8.,9.993668348746));
#1452 = SURFACE_CURVE('',#1453,(#1458,#1465),.PCURVE_S1.);
#1453 = CIRCLE('',#1454,8.);
#1454 = AXIS2_PLACEMENT_3D('',#1455,#1456,#1457);
#1455 = CARTESIAN_POINT('',(54.7,-8.,2.1));
#1456 = DIRECTION('',(0.,1.,0.));
#1457 = DIRECTION('',(0.,-0.,1.));
#1458 = PCURVE('',#100,#1459);
#1459 = DEFINITIONAL_REPRESENTATION('',(#1460),#1464);
#1460 = CIRCLE('',#1461,8.);
#1461 = AXIS2_PLACEMENT_2D('',#1462,#1463);
#1462 = CARTESIAN_POINT('',(-20.68505639083,51.736715827357));
#1463 = DIRECTION('',(1.,-0.));
#1464 = ( GEOMETRIC_REPRESENTATION_CONTEXT(2) 
PARAMETRIC_REPRESENTATION_CONTEXT() REPRESENTATION_CONTEXT('2D SPACE',''
  ) );
#1465 = PCURVE('',#1466,#1471);
#1466 = CYLINDRICAL_SURFACE('',#1467,8.);
#1467 = AXIS2_PLACEMENT_3D('',#1468,#1469,#1470);
#1468 = CARTESIAN_POINT('',(54.7,192.,2.1));
#1469 = DIRECTION('',(-0.,-1.,-0.));
#1470 = DIRECTION('',(-0.,0.,1.));
#1471 = DEFINITIONAL_REPRESENTATION('',(#1472),#1476);
#1472 = LINE('',#1473,#1474);
#1473 = CARTESIAN_POINT('',(-0.,200.));
#1474 = VECTOR('',#1475,1.);
#1475 = DIRECTION('',(-1.,0.));
#1476 = ( GEOMETRIC_REPRESENTATION_CONTEXT(2) 
PARAMETRIC_REPRESENTATION_CONTEXT() REPRESENTATION_CONTEXT('2D SPACE',''
  ) );
#1477 = ORIENTED_EDGE('',*,*,#1478,.T.);
#1478 = EDGE_CURVE('',#1450,#1479,#1481,.T.);
#1479 = VERTEX_POINT('',#1480);
#1480 = CARTESIAN_POINT('',(56.,-8.,34.683375209645));
#1481 = SURFACE_CURVE('',#1482,(#1486,#1493),.PCURVE_S1.);
#1482 = LINE('',#1483,#1484);
#1483 = CARTESIAN_POINT('',(56.,-8.,0.));
#1484 = VECTOR('',#1485,1.);
#1485 = DIRECTION('',(0.,0.,1.));
#1486 = PCURVE('',#100,#1487);
#1487 = DEFINITIONAL_REPRESENTATION('',(#1488),#1492);
#1488 = LINE('',#1489,#1490);
#1489 = CARTESIAN_POINT('',(-22.78505639083,53.036715827357));
#1490 = VECTOR('',#1491,1.);
#1491 = DIRECTION('',(1.,-0.));
#1492 = ( GEOMETRIC_REPRESENTATION_CONTEXT(2) 
PARAMETRIC_REPRESENTATION_CONTEXT() REPRESENTATION_CONTEXT('2D SPACE',''
  ) );
#1493 = PCURVE('',#1494,#1499);
#1494 = CYLINDRICAL_SURFACE('',#1495,10.);
#1495 = AXIS2_PLACEMENT_3D('',#1496,#1497,#1498);
#1496 = CARTESIAN_POINT('',(56.,2.,-100.));
#1497 = DIRECTION('',(-0.,-0.,1.));
#1498 = DIRECTION('',(1.,-0.,0.));
#1499 = DEFINITIONAL_REPRESENTATION('',(#1500),#1504);
#1500 = LINE('',#1501,#1502);
#1501 = CARTESIAN_POINT('',(-1.570796326795,100.));
#1502 = VECTOR('',#1503,1.);
#1503 = DIRECTION('',(-0.,1.));
#1504 = ( GEOMETRIC_REPRESENTATION_CONTEXT(2) 
PARAMETRIC_REPRESENTATION_CONTEXT() REPRESENTATION_CONTEXT('2D SPACE',''
  ) );
#1505 = ORIENTED_EDGE('',*,*,#1506,.F.);
#1506 = EDGE_CURVE('',#1507,#1479,#1509,.T.);
#1507 = VERTEX_POINT('',#1508);
#1508 = CARTESIAN_POINT('',(51.,-8.,32.));
#1509 = SURFACE_CURVE('',#1510,(#1515,#1526),.PCURVE_S1.);
#1510 = CIRCLE('',#1511,6.);
#1511 = AXIS2_PLACEMENT_3D('',#1512,#1513,#1514);
#1512 = CARTESIAN_POINT('',(51.,-8.,38.));
#1513 = DIRECTION('',(0.,-1.,0.));
#1514 = DIRECTION('',(0.,-0.,-1.));
#1515 = PCURVE('',#100,#1516);
#1516 = DEFINITIONAL_REPRESENTATION('',(#1517),#1525);
#1517 = ( BOUNDED_CURVE() B_SPLINE_CURVE(2,(#1518,#1519,#1520,#1521,
#1522,#1523,#1524),.UNSPECIFIED.,.T.,.F.) B_SPLINE_CURVE_WITH_KNOTS((1,2
    ,2,2,2,1),(-2.094395102393,0.,2.094395102393,4.188790204786,
6.28318530718,8.377580409573),.UNSPECIFIED.) CURVE() 
GEOMETRIC_REPRESENTATION_ITEM() RATIONAL_B_SPLINE_CURVE((1.,0.5,1.,0.5,
1.,0.5,1.)) REPRESENTATION_ITEM('') );
#1518 = CARTESIAN_POINT('',(9.214943609162,48.036715827357));
#1519 = CARTESIAN_POINT('',(9.214943609162,58.429020672771));
#1520 = CARTESIAN_POINT('',(18.214943609162,53.232868250064));
#1521 = CARTESIAN_POINT('',(27.214943609162,48.036715827357));
#1522 = CARTESIAN_POINT('',(18.214943609162,42.840563404651));
#1523 = CARTESIAN_POINT('',(9.214943609162,37.644410981944));
#1524 = CARTESIAN_POINT('',(9.214943609162,48.036715827357));
#1525 = ( GEOMETRIC_REPRESENTATION_CONTEXT(2) 
PARAMETRIC_REPRESENTATION_CONTEXT() REPRESENTATION_CONTEXT('2D SPACE',''
  ) );
#1526 = PCURVE('',#1119,#1527);
#1527 = DEFINITIONAL_REPRESENTATION('',(#1528),#1532);
#1528 = LINE('',#1529,#1530);
#1529 = CARTESIAN_POINT('',(-0.,8.));
#1530 = VECTOR('',#1531,1.);
#1531 = DIRECTION('',(-1.,0.));
#1532 = ( GEOMETRIC_REPRESENTATION_CONTEXT(2) 
PARAMETRIC_REPRESENTATION_CONTEXT() REPRESENTATION_CONTEXT('2D SPACE',''
  ) );
#1533 = ORIENTED_EDGE('',*,*,#1534,.T.);
#1534 = EDGE_CURVE('',#1507,#1535,#1537,.T.);
#1535 = VERTEX_POINT('',#1536);
#1536 = CARTESIAN_POINT('',(29.,-8.,32.));
#1537 = SURFACE_CURVE('',#1538,(#1542,#1549),.PCURVE_S1.);
#1538 = LINE('',#1539,#1540);
#1539 = CARTESIAN_POINT('',(12.981642086321,-8.,32.));
#1540 = VECTOR('',#1541,1.);
#1541 = DIRECTION('',(-1.,-0.,-0.));
#1542 = PCURVE('',#100,#1543);
#1543 = DEFINITIONAL_REPRESENTATION('',(#1544),#1548);
#1544 = LINE('',#1545,#1546);
#1545 = CARTESIAN_POINT('',(9.214943609162,10.018357913679));
#1546 = VECTOR('',#1547,1.);
#1547 = DIRECTION('',(-0.,-1.));
#1548 = ( GEOMETRIC_REPRESENTATION_CONTEXT(2) 
PARAMETRIC_REPRESENTATION_CONTEXT() REPRESENTATION_CONTEXT('2D SPACE',''
  ) );
#1549 = PCURVE('',#909,#1550);
#1550 = DEFINITIONAL_REPRESENTATION('',(#1551),#1555);
#1551 = LINE('',#1552,#1553);
#1552 = CARTESIAN_POINT('',(10.018357913679,-8.));
#1553 = VECTOR('',#1554,1.);
#1554 = DIRECTION('',(1.,-0.));
#1555 = ( GEOMETRIC_REPRESENTATION_CONTEXT(2) 
PARAMETRIC_REPRESENTATION_CONTEXT() REPRESENTATION_CONTEXT('2D SPACE',''
  ) );
#1556 = ORIENTED_EDGE('',*,*,#1557,.F.);
#1557 = EDGE_CURVE('',#1558,#1535,#1560,.T.);
#1558 = VERTEX_POINT('',#1559);
#1559 = CARTESIAN_POINT('',(23.,-8.,38.));
#1560 = SURFACE_CURVE('',#1561,(#1566,#1577),.PCURVE_S1.);
#1561 = CIRCLE('',#1562,6.);
#1562 = AXIS2_PLACEMENT_3D('',#1563,#1564,#1565);
#1563 = CARTESIAN_POINT('',(29.,-8.,38.));
#1564 = DIRECTION('',(0.,-1.,0.));
#1565 = DIRECTION('',(0.,-0.,-1.));
#1566 = PCURVE('',#100,#1567);
#1567 = DEFINITIONAL_REPRESENTATION('',(#1568),#1576);
#1568 = ( BOUNDED_CURVE() B_SPLINE_CURVE(2,(#1569,#1570,#1571,#1572,
#1573,#1574,#1575),.UNSPECIFIED.,.T.,.F.) B_SPLINE_CURVE_WITH_KNOTS((1,2
    ,2,2,2,1),(-2.094395102393,0.,2.094395102393,4.188790204786,
6.28318530718,8.377580409573),.UNSPECIFIED.) CURVE() 
GEOMETRIC_REPRESENTATION_ITEM() RATIONAL_B_SPLINE_CURVE((1.,0.5,1.,0.5,
1.,0.5,1.)) REPRESENTATION_ITEM('') );
#1569 = CARTESIAN_POINT('',(9.214943609162,26.036715827357));
#1570 = CARTESIAN_POINT('',(9.214943609162,36.429020672771));
#1571 = CARTESIAN_POINT('',(18.214943609162,31.232868250064));
#1572 = CARTESIAN_POINT('',(27.214943609162,26.036715827357));
#1573 = CARTESIAN_POINT('',(18.214943609162,20.840563404651));
#1574 = CARTESIAN_POINT('',(9.214943609162,15.644410981944));
#1575 = CARTESIAN_POINT('',(9.214943609162,26.036715827357));
#1576 = ( GEOMETRIC_REPRESENTATION_CONTEXT(2) 
PARAMETRIC_REPRESENTATION_CONTEXT() REPRESENTATION_CONTEXT('2D SPACE',''
  ) );
#1577 = PCURVE('',#938,#1578);
#1578 = DEFINITIONAL_REPRESENTATION('',(#1579),#1583);
#1579 = LINE('',#1580,#1581);
#1580 = CARTESIAN_POINT('',(6.28318530718,8.));
#1581 = VECTOR('',#1582,1.);
#1582 = DIRECTION('',(-1.,0.));
#1583 = ( GEOMETRIC_REPRESENTATION_CONTEXT(2) 
PARAMETRIC_REPRESENTATION_CONTEXT() REPRESENTATION_CONTEXT('2D SPACE',''
  ) );
#1584 = ORIENTED_EDGE('',*,*,#1585,.T.);
#1585 = EDGE_CURVE('',#1558,#1586,#1588,.T.);
#1586 = VERTEX_POINT('',#1587);
#1587 = CARTESIAN_POINT('',(23.,-8.,60.));
#1588 = SURFACE_CURVE('',#1589,(#1593,#1600),.PCURVE_S1.);
#1589 = LINE('',#1590,#1591);
#1590 = CARTESIAN_POINT('',(23.,-8.,44.392528195419));
#1591 = VECTOR('',#1592,1.);
#1592 = DIRECTION('',(-0.,-0.,1.));
#1593 = PCURVE('',#100,#1594);
#1594 = DEFINITIONAL_REPRESENTATION('',(#1595),#1599);
#1595 = LINE('',#1596,#1597);
#1596 = CARTESIAN_POINT('',(21.607471804581,20.036715827357));
#1597 = VECTOR('',#1598,1.);
#1598 = DIRECTION('',(1.,-0.));
#1599 = ( GEOMETRIC_REPRESENTATION_CONTEXT(2) 
PARAMETRIC_REPRESENTATION_CONTEXT() REPRESENTATION_CONTEXT('2D SPACE',''
  ) );
#1600 = PCURVE('',#966,#1601);
#1601 = DEFINITIONAL_REPRESENTATION('',(#1602),#1606);
#1602 = LINE('',#1603,#1604);
#1603 = CARTESIAN_POINT('',(-21.60747180458,-8.));
#1604 = VECTOR('',#1605,1.);
#1605 = DIRECTION('',(1.,-0.));
#1606 = ( GEOMETRIC_REPRESENTATION_CONTEXT(2) 
PARAMETRIC_REPRESENTATION_CONTEXT() REPRESENTATION_CONTEXT('2D SPACE',''
  ) );
#1607 = ORIENTED_EDGE('',*,*,#1608,.F.);
#1608 = EDGE_CURVE('',#1609,#1586,#1611,.T.);
#1609 = VERTEX_POINT('',#1610);
#1610 = CARTESIAN_POINT('',(29.,-8.,66.));
#1611 = SURFACE_CURVE('',#1612,(#1617,#1628),.PCURVE_S1.);
#1612 = CIRCLE('',#1613,6.);
#1613 = AXIS2_PLACEMENT_3D('',#1614,#1615,#1616);
#1614 = CARTESIAN_POINT('',(29.,-8.,60.));
#1615 = DIRECTION('',(0.,-1.,0.));
#1616 = DIRECTION('',(-0.,0.,1.));
#1617 = PCURVE('',#100,#1618);
#1618 = DEFINITIONAL_REPRESENTATION('',(#1619),#1627);
#1619 = ( BOUNDED_CURVE() B_SPLINE_CURVE(2,(#1620,#1621,#1622,#1623,
#1624,#1625,#1626),.UNSPECIFIED.,.T.,.F.) B_SPLINE_CURVE_WITH_KNOTS((1,2
    ,2,2,2,1),(-2.094395102393,0.,2.094395102393,4.188790204786,
6.28318530718,8.377580409573),.UNSPECIFIED.) CURVE() 
GEOMETRIC_REPRESENTATION_ITEM() RATIONAL_B_SPLINE_CURVE((1.,0.5,1.,0.5,
1.,0.5,1.)) REPRESENTATION_ITEM('') );
#1620 = CARTESIAN_POINT('',(43.214943609162,26.036715827357));
#1621 = CARTESIAN_POINT('',(43.214943609162,15.644410981944));
#1622 = CARTESIAN_POINT('',(34.214943609162,20.840563404651));
#1623 = CARTESIAN_POINT('',(25.214943609162,26.036715827357));
#1624 = CARTESIAN_POINT('',(34.214943609162,31.232868250064));
#1625 = CARTESIAN_POINT('',(43.214943609162,36.429020672771));
#1626 = CARTESIAN_POINT('',(43.214943609162,26.036715827357));
#1627 = ( GEOMETRIC_REPRESENTATION_CONTEXT(2) 
PARAMETRIC_REPRESENTATION_CONTEXT() REPRESENTATION_CONTEXT('2D SPACE',''
  ) );
#1628 = PCURVE('',#999,#1629);
#1629 = DEFINITIONAL_REPRESENTATION('',(#1630),#1634);
#1630 = LINE('',#1631,#1632);
#1631 = CARTESIAN_POINT('',(-0.,8.));
#1632 = VECTOR('',#1633,1.);
#1633 = DIRECTION('',(-1.,0.));
#1634 = ( GEOMETRIC_REPRESENTATION_CONTEXT(2) 
PARAMETRIC_REPRESENTATION_CONTEXT() REPRESENTATION_CONTEXT('2D SPACE',''
  ) );
#1635 = ORIENTED_EDGE('',*,*,#1636,.T.);
#1636 = EDGE_CURVE('',#1609,#1637,#1639,.T.);
#1637 = VERTEX_POINT('',#1638);
#1638 = CARTESIAN_POINT('',(51.,-8.,66.));
#1639 = SURFACE_CURVE('',#1640,(#1644,#1651),.PCURVE_S1.);
#1640 = LINE('',#1641,#1642);
#1641 = CARTESIAN_POINT('',(29.981642086321,-8.,66.));
#1642 = VECTOR('',#1643,1.);
#1643 = DIRECTION('',(1.,-0.,-0.));
#1644 = PCURVE('',#100,#1645);
#1645 = DEFINITIONAL_REPRESENTATION('',(#1646),#1650);
#1646 = LINE('',#1647,#1648);
#1647 = CARTESIAN_POINT('',(43.214943609162,27.018357913679));
#1648 = VECTOR('',#1649,1.);
#1649 = DIRECTION('',(-0.,1.));
#1650 = ( GEOMETRIC_REPRESENTATION_CONTEXT(2) 
PARAMETRIC_REPRESENTATION_CONTEXT() REPRESENTATION_CONTEXT('2D SPACE',''
  ) );
#1651 = PCURVE('',#1027,#1652);
#1652 = DEFINITIONAL_REPRESENTATION('',(#1653),#1657);
#1653 = LINE('',#1654,#1655);
#1654 = CARTESIAN_POINT('',(-27.01835791367,-8.));
#1655 = VECTOR('',#1656,1.);
#1656 = DIRECTION('',(1.,-0.));
#1657 = ( GEOMETRIC_REPRESENTATION_CONTEXT(2) 
PARAMETRIC_REPRESENTATION_CONTEXT() REPRESENTATION_CONTEXT('2D SPACE',''
  ) );
#1658 = ORIENTED_EDGE('',*,*,#1659,.F.);
#1659 = EDGE_CURVE('',#1660,#1637,#1662,.T.);
#1660 = VERTEX_POINT('',#1661);
#1661 = CARTESIAN_POINT('',(56.,-8.,63.316624790355));
#1662 = SURFACE_CURVE('',#1663,(#1668,#1679),.PCURVE_S1.);
#1663 = CIRCLE('',#1664,6.);
#1664 = AXIS2_PLACEMENT_3D('',#1665,#1666,#1667);
#1665 = CARTESIAN_POINT('',(51.,-8.,60.));
#1666 = DIRECTION('',(-0.,-1.,0.));
#1667 = DIRECTION('',(1.,-0.,0.));
#1668 = PCURVE('',#100,#1669);
#1669 = DEFINITIONAL_REPRESENTATION('',(#1670),#1678);
#1670 = ( BOUNDED_CURVE() B_SPLINE_CURVE(2,(#1671,#1672,#1673,#1674,
#1675,#1676,#1677),.UNSPECIFIED.,.T.,.F.) B_SPLINE_CURVE_WITH_KNOTS((1,2
    ,2,2,2,1),(-2.094395102393,0.,2.094395102393,4.188790204786,
6.28318530718,8.377580409573),.UNSPECIFIED.) CURVE() 
GEOMETRIC_REPRESENTATION_ITEM() RATIONAL_B_SPLINE_CURVE((1.,0.5,1.,0.5,
1.,0.5,1.)) REPRESENTATION_ITEM('') );
#1671 = CARTESIAN_POINT('',(37.214943609162,54.036715827357));
#1672 = CARTESIAN_POINT('',(47.607248454575,54.036715827357));
#1673 = CARTESIAN_POINT('',(42.411096031869,45.036715827357));
#1674 = CARTESIAN_POINT('',(37.214943609162,36.036715827357));
#1675 = CARTESIAN_POINT('',(32.018791186455,45.036715827357));
#1676 = CARTESIAN_POINT('',(26.822638763749,54.036715827357));
#1677 = CARTESIAN_POINT('',(37.214943609162,54.036715827357));
#1678 = ( GEOMETRIC_REPRESENTATION_CONTEXT(2) 
PARAMETRIC_REPRESENTATION_CONTEXT() REPRESENTATION_CONTEXT('2D SPACE',''
  ) );
#1679 = PCURVE('',#1060,#1680);
#1680 = DEFINITIONAL_REPRESENTATION('',(#1681),#1685);
#1681 = LINE('',#1682,#1683);
#1682 = CARTESIAN_POINT('',(-0.,8.));
#1683 = VECTOR('',#1684,1.);
#1684 = DIRECTION('',(-1.,0.));
#1685 = ( GEOMETRIC_REPRESENTATION_CONTEXT(2) 
PARAMETRIC_REPRESENTATION_CONTEXT() REPRESENTATION_CONTEXT('2D SPACE',''
  ) );
#1686 = ORIENTED_EDGE('',*,*,#1687,.T.);
#1687 = EDGE_CURVE('',#1660,#1688,#1690,.T.);
#1688 = VERTEX_POINT('',#1689);
#1689 = CARTESIAN_POINT('',(56.,-8.,70.));
#1690 = SURFACE_CURVE('',#1691,(#1695,#1702),.PCURVE_S1.);
#1691 = LINE('',#1692,#1693);
#1692 = CARTESIAN_POINT('',(56.,-8.,0.));
#1693 = VECTOR('',#1694,1.);
#1694 = DIRECTION('',(0.,0.,1.));
#1695 = PCURVE('',#100,#1696);
#1696 = DEFINITIONAL_REPRESENTATION('',(#1697),#1701);
#1697 = LINE('',#1698,#1699);
#1698 = CARTESIAN_POINT('',(-22.78505639083,53.036715827357));
#1699 = VECTOR('',#1700,1.);
#1700 = DIRECTION('',(1.,-0.));
#1701 = ( GEOMETRIC_REPRESENTATION_CONTEXT(2) 
PARAMETRIC_REPRESENTATION_CONTEXT() REPRESENTATION_CONTEXT('2D SPACE',''
  ) );
#1702 = PCURVE('',#1494,#1703);
#1703 = DEFINITIONAL_REPRESENTATION('',(#1704),#1708);
#1704 = LINE('',#1705,#1706);
#1705 = CARTESIAN_POINT('',(-1.570796326795,100.));
#1706 = VECTOR('',#1707,1.);
#1707 = DIRECTION('',(-0.,1.));
#1708 = ( GEOMETRIC_REPRESENTATION_CONTEXT(2) 
PARAMETRIC_REPRESENTATION_CONTEXT() REPRESENTATION_CONTEXT('2D SPACE',''
  ) );
#1709 = ORIENTED_EDGE('',*,*,#1710,.F.);
#1710 = EDGE_CURVE('',#1711,#1688,#1713,.T.);
#1711 = VERTEX_POINT('',#1712);
#1712 = CARTESIAN_POINT('',(-56.,-8.,70.));
#1713 = SURFACE_CURVE('',#1714,(#1718,#1725),.PCURVE_S1.);
#1714 = LINE('',#1715,#1716);
#1715 = CARTESIAN_POINT('',(-66.,-8.,70.));
#1716 = VECTOR('',#1717,1.);
#1717 = DIRECTION('',(1.,0.,-0.));
#1718 = PCURVE('',#100,#1719);
#1719 = DEFINITIONAL_REPRESENTATION('',(#1720),#1724);
#1720 = LINE('',#1721,#1722);
#1721 = CARTESIAN_POINT('',(47.214943609162,-68.96328417264));
#1722 = VECTOR('',#1723,1.);
#1723 = DIRECTION('',(-0.,1.));
#1724 = ( GEOMETRIC_REPRESENTATION_CONTEXT(2) 
PARAMETRIC_REPRESENTATION_CONTEXT() REPRESENTATION_CONTEXT('2D SPACE',''
  ) );
#1725 = PCURVE('',#1726,#1731);
#1726 = CYLINDRICAL_SURFACE('',#1727,10.);
#1727 = AXIS2_PLACEMENT_3D('',#1728,#1729,#1730);
#1728 = CARTESIAN_POINT('',(-66.,2.,70.));
#1729 = DIRECTION('',(1.,-0.,-0.));
#1730 = DIRECTION('',(-0.,-1.,0.));
#1731 = DEFINITIONAL_REPRESENTATION('',(#1732),#1736);
#1732 = LINE('',#1733,#1734);
#1733 = CARTESIAN_POINT('',(-0.,0.));
#1734 = VECTOR('',#1735,1.);
#1735 = DIRECTION('',(-0.,1.));
#1736 = ( GEOMETRIC_REPRESENTATION_CONTEXT(2) 
PARAMETRIC_REPRESENTATION_CONTEXT() REPRESENTATION_CONTEXT('2D SPACE',''
  ) );
#1737 = ORIENTED_EDGE('',*,*,#1738,.F.);
#1738 = EDGE_CURVE('',#1739,#1711,#1741,.T.);
#1739 = VERTEX_POINT('',#1740);
#1740 = CARTESIAN_POINT('',(-56.,-8.,65.));
#1741 = SURFACE_CURVE('',#1742,(#1746,#1753),.PCURVE_S1.);
#1742 = LINE('',#1743,#1744);
#1743 = CARTESIAN_POINT('',(-56.,-8.,0.));
#1744 = VECTOR('',#1745,1.);
#1745 = DIRECTION('',(0.,0.,1.));
#1746 = PCURVE('',#100,#1747);
#1747 = DEFINITIONAL_REPRESENTATION('',(#1748),#1752);
#1748 = LINE('',#1749,#1750);
#1749 = CARTESIAN_POINT('',(-22.78505639083,-58.96328417264));
#1750 = VECTOR('',#1751,1.);
#1751 = DIRECTION('',(1.,-0.));
#1752 = ( GEOMETRIC_REPRESENTATION_CONTEXT(2) 
PARAMETRIC_REPRESENTATION_CONTEXT() REPRESENTATION_CONTEXT('2D SPACE',''
  ) );
#1753 = PCURVE('',#1754,#1759);
#1754 = CYLINDRICAL_SURFACE('',#1755,10.);
#1755 = AXIS2_PLACEMENT_3D('',#1756,#1757,#1758);
#1756 = CARTESIAN_POINT('',(-56.,2.,-100.));
#1757 = DIRECTION('',(-0.,-0.,1.));
#1758 = DIRECTION('',(-1.,0.,0.));
#1759 = DEFINITIONAL_REPRESENTATION('',(#1760),#1764);
#1760 = LINE('',#1761,#1762);
#1761 = CARTESIAN_POINT('',(1.570796326795,100.));
#1762 = VECTOR('',#1763,1.);
#1763 = DIRECTION('',(0.,1.));
#1764 = ( GEOMETRIC_REPRESENTATION_CONTEXT(2) 
PARAMETRIC_REPRESENTATION_CONTEXT() REPRESENTATION_CONTEXT('2D SPACE',''
  ) );
#1765 = ORIENTED_EDGE('',*,*,#1766,.T.);
#1766 = EDGE_CURVE('',#1739,#1767,#1769,.T.);
#1767 = VERTEX_POINT('',#1768);
#1768 = CARTESIAN_POINT('',(-55.,-8.,65.));
#1769 = SURFACE_CURVE('',#1770,(#1774,#1781),.PCURVE_S1.);
#1770 = LINE('',#1771,#1772);
#1771 = CARTESIAN_POINT('',(-23.01835791367,-8.,65.));
#1772 = VECTOR('',#1773,1.);
#1773 = DIRECTION('',(1.,-0.,-0.));
#1774 = PCURVE('',#100,#1775);
#1775 = DEFINITIONAL_REPRESENTATION('',(#1776),#1780);
#1776 = LINE('',#1777,#1778);
#1777 = CARTESIAN_POINT('',(42.214943609162,-25.98164208632));
#1778 = VECTOR('',#1779,1.);
#1779 = DIRECTION('',(-0.,1.));
#1780 = ( GEOMETRIC_REPRESENTATION_CONTEXT(2) 
PARAMETRIC_REPRESENTATION_CONTEXT() REPRESENTATION_CONTEXT('2D SPACE',''
  ) );
#1781 = PCURVE('',#715,#1782);
#1782 = DEFINITIONAL_REPRESENTATION('',(#1783),#1787);
#1783 = LINE('',#1784,#1785);
#1784 = CARTESIAN_POINT('',(25.981642086321,-8.));
#1785 = VECTOR('',#1786,1.);
#1786 = DIRECTION('',(1.,-0.));
#1787 = ( GEOMETRIC_REPRESENTATION_CONTEXT(2) 
PARAMETRIC_REPRESENTATION_CONTEXT() REPRESENTATION_CONTEXT('2D SPACE',''
  ) );
#1788 = ORIENTED_EDGE('',*,*,#1789,.F.);
#1789 = EDGE_CURVE('',#1790,#1767,#1792,.T.);
#1790 = VERTEX_POINT('',#1791);
#1791 = CARTESIAN_POINT('',(-49.,-8.,59.));
#1792 = SURFACE_CURVE('',#1793,(#1798,#1809),.PCURVE_S1.);
#1793 = CIRCLE('',#1794,6.);
#1794 = AXIS2_PLACEMENT_3D('',#1795,#1796,#1797);
#1795 = CARTESIAN_POINT('',(-55.,-8.,59.));
#1796 = DIRECTION('',(-0.,-1.,0.));
#1797 = DIRECTION('',(1.,-0.,0.));
#1798 = PCURVE('',#100,#1799);
#1799 = DEFINITIONAL_REPRESENTATION('',(#1800),#1808);
#1800 = ( BOUNDED_CURVE() B_SPLINE_CURVE(2,(#1801,#1802,#1803,#1804,
#1805,#1806,#1807),.UNSPECIFIED.,.T.,.F.) B_SPLINE_CURVE_WITH_KNOTS((1,2
    ,2,2,2,1),(-2.094395102393,0.,2.094395102393,4.188790204786,
6.28318530718,8.377580409573),.UNSPECIFIED.) CURVE() 
GEOMETRIC_REPRESENTATION_ITEM() RATIONAL_B_SPLINE_CURVE((1.,0.5,1.,0.5,
1.,0.5,1.)) REPRESENTATION_ITEM('') );
#1801 = CARTESIAN_POINT('',(36.214943609162,-51.96328417264));
#1802 = CARTESIAN_POINT('',(46.607248454575,-51.96328417264));
#1803 = CARTESIAN_POINT('',(41.411096031869,-60.96328417264));
#1804 = CARTESIAN_POINT('',(36.214943609162,-69.96328417264));
#1805 = CARTESIAN_POINT('',(31.018791186455,-60.96328417264));
#1806 = CARTESIAN_POINT('',(25.822638763749,-51.96328417264));
#1807 = CARTESIAN_POINT('',(36.214943609162,-51.96328417264));
#1808 = ( GEOMETRIC_REPRESENTATION_CONTEXT(2) 
PARAMETRIC_REPRESENTATION_CONTEXT() REPRESENTATION_CONTEXT('2D SPACE',''
  ) );
#1809 = PCURVE('',#748,#1810);
#1810 = DEFINITIONAL_REPRESENTATION('',(#1811),#1815);
#1811 = LINE('',#1812,#1813);
#1812 = CARTESIAN_POINT('',(-0.,8.));
#1813 = VECTOR('',#1814,1.);
#1814 = DIRECTION('',(-1.,0.));
#1815 = ( GEOMETRIC_REPRESENTATION_CONTEXT(2) 
PARAMETRIC_REPRESENTATION_CONTEXT() REPRESENTATION_CONTEXT('2D SPACE',''
  ) );
#1816 = ORIENTED_EDGE('',*,*,#1817,.T.);
#1817 = EDGE_CURVE('',#1790,#1818,#1820,.T.);
#1818 = VERTEX_POINT('',#1819);
#1819 = CARTESIAN_POINT('',(-49.,-8.,29.));
#1820 = SURFACE_CURVE('',#1821,(#1825,#1832),.PCURVE_S1.);
#1821 = LINE('',#1822,#1823);
#1822 = CARTESIAN_POINT('',(-49.,-8.,22.892528195419));
#1823 = VECTOR('',#1824,1.);
#1824 = DIRECTION('',(-0.,-0.,-1.));
#1825 = PCURVE('',#100,#1826);
#1826 = DEFINITIONAL_REPRESENTATION('',(#1827),#1831);
#1827 = LINE('',#1828,#1829);
#1828 = CARTESIAN_POINT('',(0.107471804581,-51.96328417264));
#1829 = VECTOR('',#1830,1.);
#1830 = DIRECTION('',(-1.,0.));
#1831 = ( GEOMETRIC_REPRESENTATION_CONTEXT(2) 
PARAMETRIC_REPRESENTATION_CONTEXT() REPRESENTATION_CONTEXT('2D SPACE',''
  ) );
#1832 = PCURVE('',#776,#1833);
#1833 = DEFINITIONAL_REPRESENTATION('',(#1834),#1838);
#1834 = LINE('',#1835,#1836);
#1835 = CARTESIAN_POINT('',(0.107471804581,-8.));
#1836 = VECTOR('',#1837,1.);
#1837 = DIRECTION('',(1.,-0.));
#1838 = ( GEOMETRIC_REPRESENTATION_CONTEXT(2) 
PARAMETRIC_REPRESENTATION_CONTEXT() REPRESENTATION_CONTEXT('2D SPACE',''
  ) );
#1839 = ORIENTED_EDGE('',*,*,#1840,.F.);
#1840 = EDGE_CURVE('',#1841,#1818,#1843,.T.);
#1841 = VERTEX_POINT('',#1842);
#1842 = CARTESIAN_POINT('',(-55.,-8.,23.));
#1843 = SURFACE_CURVE('',#1844,(#1849,#1860),.PCURVE_S1.);
#1844 = CIRCLE('',#1845,6.);
#1845 = AXIS2_PLACEMENT_3D('',#1846,#1847,#1848);
#1846 = CARTESIAN_POINT('',(-55.,-8.,29.));
#1847 = DIRECTION('',(0.,-1.,0.));
#1848 = DIRECTION('',(0.,-0.,-1.));
#1849 = PCURVE('',#100,#1850);
#1850 = DEFINITIONAL_REPRESENTATION('',(#1851),#1859);
#1851 = ( BOUNDED_CURVE() B_SPLINE_CURVE(2,(#1852,#1853,#1854,#1855,
#1856,#1857,#1858),.UNSPECIFIED.,.T.,.F.) B_SPLINE_CURVE_WITH_KNOTS((1,2
    ,2,2,2,1),(-2.094395102393,0.,2.094395102393,4.188790204786,
6.28318530718,8.377580409573),.UNSPECIFIED.) CURVE() 
GEOMETRIC_REPRESENTATION_ITEM() RATIONAL_B_SPLINE_CURVE((1.,0.5,1.,0.5,
1.,0.5,1.)) REPRESENTATION_ITEM('') );
#1852 = CARTESIAN_POINT('',(0.214943609162,-57.96328417264));
#1853 = CARTESIAN_POINT('',(0.214943609162,-47.57097932722));
#1854 = CARTESIAN_POINT('',(9.214943609162,-52.76713174993));
#1855 = CARTESIAN_POINT('',(18.214943609162,-57.96328417264));
#1856 = CARTESIAN_POINT('',(9.214943609162,-63.15943659534));
#1857 = CARTESIAN_POINT('',(0.214943609162,-68.35558901805));
#1858 = CARTESIAN_POINT('',(0.214943609162,-57.96328417264));
#1859 = ( GEOMETRIC_REPRESENTATION_CONTEXT(2) 
PARAMETRIC_REPRESENTATION_CONTEXT() REPRESENTATION_CONTEXT('2D SPACE',''
  ) );
#1860 = PCURVE('',#807,#1861);
#1861 = DEFINITIONAL_REPRESENTATION('',(#1862),#1866);
#1862 = LINE('',#1863,#1864);
#1863 = CARTESIAN_POINT('',(-0.,8.));
#1864 = VECTOR('',#1865,1.);
#1865 = DIRECTION('',(-1.,0.));
#1866 = ( GEOMETRIC_REPRESENTATION_CONTEXT(2) 
PARAMETRIC_REPRESENTATION_CONTEXT() REPRESENTATION_CONTEXT('2D SPACE',''
  ) );
#1867 = ORIENTED_EDGE('',*,*,#1868,.T.);
#1868 = EDGE_CURVE('',#1841,#1869,#1871,.T.);
#1869 = VERTEX_POINT('',#1870);
#1870 = CARTESIAN_POINT('',(-56.,-8.,23.));
#1871 = SURFACE_CURVE('',#1872,(#1876,#1883),.PCURVE_S1.);
#1872 = LINE('',#1873,#1874);
#1873 = CARTESIAN_POINT('',(-31.01835791367,-8.,23.));
#1874 = VECTOR('',#1875,1.);
#1875 = DIRECTION('',(-1.,-0.,-0.));
#1876 = PCURVE('',#100,#1877);
#1877 = DEFINITIONAL_REPRESENTATION('',(#1878),#1882);
#1878 = LINE('',#1879,#1880);
#1879 = CARTESIAN_POINT('',(0.214943609162,-33.98164208632));
#1880 = VECTOR('',#1881,1.);
#1881 = DIRECTION('',(-0.,-1.));
#1882 = ( GEOMETRIC_REPRESENTATION_CONTEXT(2) 
PARAMETRIC_REPRESENTATION_CONTEXT() REPRESENTATION_CONTEXT('2D SPACE',''
  ) );
#1883 = PCURVE('',#597,#1884);
#1884 = DEFINITIONAL_REPRESENTATION('',(#1885),#1889);
#1885 = LINE('',#1886,#1887);
#1886 = CARTESIAN_POINT('',(-33.98164208632,-8.));
#1887 = VECTOR('',#1888,1.);
#1888 = DIRECTION('',(1.,-0.));
#1889 = ( GEOMETRIC_REPRESENTATION_CONTEXT(2) 
PARAMETRIC_REPRESENTATION_CONTEXT() REPRESENTATION_CONTEXT('2D SPACE',''
  ) );
#1890 = ORIENTED_EDGE('',*,*,#1891,.F.);
#1891 = EDGE_CURVE('',#1892,#1869,#1894,.T.);
#1892 = VERTEX_POINT('',#1893);
#1893 = CARTESIAN_POINT('',(-56.,-8.,0.));
#1894 = SURFACE_CURVE('',#1895,(#1899,#1906),.PCURVE_S1.);
#1895 = LINE('',#1896,#1897);
#1896 = CARTESIAN_POINT('',(-56.,-8.,0.));
#1897 = VECTOR('',#1898,1.);
#1898 = DIRECTION('',(0.,0.,1.));
#1899 = PCURVE('',#100,#1900);
#1900 = DEFINITIONAL_REPRESENTATION('',(#1901),#1905);
#1901 = LINE('',#1902,#1903);
#1902 = CARTESIAN_POINT('',(-22.78505639083,-58.96328417264));
#1903 = VECTOR('',#1904,1.);
#1904 = DIRECTION('',(1.,-0.));
#1905 = ( GEOMETRIC_REPRESENTATION_CONTEXT(2) 
PARAMETRIC_REPRESENTATION_CONTEXT() REPRESENTATION_CONTEXT('2D SPACE',''
  ) );
#1906 = PCURVE('',#1754,#1907);
#1907 = DEFINITIONAL_REPRESENTATION('',(#1908),#1912);
#1908 = LINE('',#1909,#1910);
#1909 = CARTESIAN_POINT('',(1.570796326795,100.));
#1910 = VECTOR('',#1911,1.);
#1911 = DIRECTION('',(0.,1.));
#1912 = ( GEOMETRIC_REPRESENTATION_CONTEXT(2) 
PARAMETRIC_REPRESENTATION_CONTEXT() REPRESENTATION_CONTEXT('2D SPACE',''
  ) );
#1913 = ORIENTED_EDGE('',*,*,#1914,.F.);
#1914 = EDGE_CURVE('',#1915,#1892,#1917,.T.);
#1915 = VERTEX_POINT('',#1916);
#1916 = CARTESIAN_POINT('',(-65.42857142857,-8.,8.881784197001E-16));
#1917 = SURFACE_CURVE('',#1918,(#1922,#1929),.PCURVE_S1.);
#1918 = LINE('',#1919,#1920);
#1919 = CARTESIAN_POINT('',(-66.,-8.,0.));
#1920 = VECTOR('',#1921,1.);
#1921 = DIRECTION('',(1.,0.,-0.));
#1922 = PCURVE('',#100,#1923);
#1923 = DEFINITIONAL_REPRESENTATION('',(#1924),#1928);
#1924 = LINE('',#1925,#1926);
#1925 = CARTESIAN_POINT('',(-22.78505639083,-68.96328417264));
#1926 = VECTOR('',#1927,1.);
#1927 = DIRECTION('',(-0.,1.));
#1928 = ( GEOMETRIC_REPRESENTATION_CONTEXT(2) 
PARAMETRIC_REPRESENTATION_CONTEXT() REPRESENTATION_CONTEXT('2D SPACE',''
  ) );
#1929 = PCURVE('',#1930,#1935);
#1930 = PLANE('',#1931);
#1931 = AXIS2_PLACEMENT_3D('',#1932,#1933,#1934);
#1932 = CARTESIAN_POINT('',(-66.,2.,0.));
#1933 = DIRECTION('',(0.,0.,1.));
#1934 = DIRECTION('',(-1.,0.,0.));
#1935 = DEFINITIONAL_REPRESENTATION('',(#1936),#1940);
#1936 = LINE('',#1937,#1938);
#1937 = CARTESIAN_POINT('',(-0.,10.));
#1938 = VECTOR('',#1939,1.);
#1939 = DIRECTION('',(-1.,0.));
#1940 = ( GEOMETRIC_REPRESENTATION_CONTEXT(2) 
PARAMETRIC_REPRESENTATION_CONTEXT() REPRESENTATION_CONTEXT('2D SPACE',''
  ) );
#1941 = ORIENTED_EDGE('',*,*,#1942,.T.);
#1942 = EDGE_CURVE('',#1915,#1943,#1945,.T.);
#1943 = VERTEX_POINT('',#1944);
#1944 = CARTESIAN_POINT('',(-50.72532265598,-8.,-17.15379023468));
#1945 = SURFACE_CURVE('',#1946,(#1950,#1957),.PCURVE_S1.);
#1946 = LINE('',#1947,#1948);
#1947 = CARTESIAN_POINT('',(-65.42857142857,-8.,8.881784197001E-16));
#1948 = VECTOR('',#1949,1.);
#1949 = DIRECTION('',(0.650791373456,-0.,-0.759256602365));
#1950 = PCURVE('',#100,#1951);
#1951 = DEFINITIONAL_REPRESENTATION('',(#1952),#1956);
#1952 = LINE('',#1953,#1954);
#1953 = CARTESIAN_POINT('',(-22.78505639083,-68.39185560121));
#1954 = VECTOR('',#1955,1.);
#1955 = DIRECTION('',(-0.759256602365,0.650791373456));
#1956 = ( GEOMETRIC_REPRESENTATION_CONTEXT(2) 
PARAMETRIC_REPRESENTATION_CONTEXT() REPRESENTATION_CONTEXT('2D SPACE',''
  ) );
#1957 = PCURVE('',#486,#1958);
#1958 = DEFINITIONAL_REPRESENTATION('',(#1959),#1963);
#1959 = LINE('',#1960,#1961);
#1960 = CARTESIAN_POINT('',(-13.17077779613,-8.));
#1961 = VECTOR('',#1962,1.);
#1962 = DIRECTION('',(-1.,0.));
#1963 = ( GEOMETRIC_REPRESENTATION_CONTEXT(2) 
PARAMETRIC_REPRESENTATION_CONTEXT() REPRESENTATION_CONTEXT('2D SPACE',''
  ) );
#1964 = ORIENTED_EDGE('',*,*,#1965,.T.);
#1965 = EDGE_CURVE('',#1943,#1966,#1968,.T.);
#1966 = VERTEX_POINT('',#1967);
#1967 = CARTESIAN_POINT('',(-49.81677337011,-8.,-19.09935977928));
#1968 = SURFACE_CURVE('',#1969,(#1974,#1981),.PCURVE_S1.);
#1969 = CIRCLE('',#1970,4.);
#1970 = AXIS2_PLACEMENT_3D('',#1971,#1972,#1973);
#1971 = CARTESIAN_POINT('',(-53.76234906544,-8.,-19.7569557285));
#1972 = DIRECTION('',(0.,1.,0.));
#1973 = DIRECTION('',(0.,-0.,-1.));
#1974 = PCURVE('',#100,#1975);
#1975 = DEFINITIONAL_REPRESENTATION('',(#1976),#1980);
#1976 = CIRCLE('',#1977,4.);
#1977 = AXIS2_PLACEMENT_2D('',#1978,#1979);
#1978 = CARTESIAN_POINT('',(-42.54201211934,-56.72563323809));
#1979 = DIRECTION('',(-1.,0.));
#1980 = ( GEOMETRIC_REPRESENTATION_CONTEXT(2) 
PARAMETRIC_REPRESENTATION_CONTEXT() REPRESENTATION_CONTEXT('2D SPACE',''
  ) );
#1981 = PCURVE('',#515,#1982);
#1982 = DEFINITIONAL_REPRESENTATION('',(#1983),#1987);
#1983 = LINE('',#1984,#1985);
#1984 = CARTESIAN_POINT('',(-4.003762708257,8.));
#1985 = VECTOR('',#1986,1.);
#1986 = DIRECTION('',(1.,0.));
#1987 = ( GEOMETRIC_REPRESENTATION_CONTEXT(2) 
PARAMETRIC_REPRESENTATION_CONTEXT() REPRESENTATION_CONTEXT('2D SPACE',''
  ) );
#1988 = ORIENTED_EDGE('',*,*,#1989,.T.);
#1989 = EDGE_CURVE('',#1966,#1241,#1990,.T.);
#1990 = SURFACE_CURVE('',#1991,(#1995,#2002),.PCURVE_S1.);
#1991 = LINE('',#1992,#1993);
#1992 = CARTESIAN_POINT('',(-50.,-8.,-18.));
#1993 = VECTOR('',#1994,1.);
#1994 = DIRECTION('',(0.164398987305,-0.,-0.986393923832));
#1995 = PCURVE('',#100,#1996);
#1996 = DEFINITIONAL_REPRESENTATION('',(#1997),#2001);
#1997 = LINE('',#1998,#1999);
#1998 = CARTESIAN_POINT('',(-40.78505639083,-52.96328417264));
#1999 = VECTOR('',#2000,1.);
#2000 = DIRECTION('',(-0.986393923832,0.164398987305));
#2001 = ( GEOMETRIC_REPRESENTATION_CONTEXT(2) 
PARAMETRIC_REPRESENTATION_CONTEXT() REPRESENTATION_CONTEXT('2D SPACE',''
  ) );
#2002 = PCURVE('',#543,#2003);
#2003 = DEFINITIONAL_REPRESENTATION('',(#2004),#2008);
#2004 = LINE('',#2005,#2006);
#2005 = CARTESIAN_POINT('',(-0.,-8.));
#2006 = VECTOR('',#2007,1.);
#2007 = DIRECTION('',(-1.,0.));
#2008 = ( GEOMETRIC_REPRESENTATION_CONTEXT(2) 
PARAMETRIC_REPRESENTATION_CONTEXT() REPRESENTATION_CONTEXT('2D SPACE',''
  ) );
#2009 = FACE_BOUND('',#2010,.F.);
#2010 = EDGE_LOOP('',(#2011));
#2011 = ORIENTED_EDGE('',*,*,#2012,.T.);
#2012 = EDGE_CURVE('',#2013,#2013,#2015,.T.);
#2013 = VERTEX_POINT('',#2014);
#2014 = CARTESIAN_POINT('',(-21.4,-8.,42.3));
#2015 = SURFACE_CURVE('',#2016,(#2021,#2028),.PCURVE_S1.);
#2016 = CIRCLE('',#2017,3.3);
#2017 = AXIS2_PLACEMENT_3D('',#2018,#2019,#2020);
#2018 = CARTESIAN_POINT('',(-24.7,-8.,42.3));
#2019 = DIRECTION('',(0.,1.,0.));
#2020 = DIRECTION('',(1.,-0.,0.));
#2021 = PCURVE('',#100,#2022);
#2022 = DEFINITIONAL_REPRESENTATION('',(#2023),#2027);
#2023 = CIRCLE('',#2024,3.3);
#2024 = AXIS2_PLACEMENT_2D('',#2025,#2026);
#2025 = CARTESIAN_POINT('',(19.514943609162,-27.66328417264));
#2026 = DIRECTION('',(-0.,1.));
#2027 = ( GEOMETRIC_REPRESENTATION_CONTEXT(2) 
PARAMETRIC_REPRESENTATION_CONTEXT() REPRESENTATION_CONTEXT('2D SPACE',''
  ) );
#2028 = PCURVE('',#842,#2029);
#2029 = DEFINITIONAL_REPRESENTATION('',(#2030),#2034);
#2030 = LINE('',#2031,#2032);
#2031 = CARTESIAN_POINT('',(6.28318530718,-8.));
#2032 = VECTOR('',#2033,1.);
#2033 = DIRECTION('',(-1.,0.));
#2034 = ( GEOMETRIC_REPRESENTATION_CONTEXT(2) 
PARAMETRIC_REPRESENTATION_CONTEXT() REPRESENTATION_CONTEXT('2D SPACE',''
  ) );
#2035 = FACE_BOUND('',#2036,.F.);
#2036 = EDGE_LOOP('',(#2037));
#2037 = ORIENTED_EDGE('',*,*,#2038,.T.);
#2038 = EDGE_CURVE('',#2039,#2039,#2041,.T.);
#2039 = VERTEX_POINT('',#2040);
#2040 = CARTESIAN_POINT('',(5.4,-8.,55.));
#2041 = SURFACE_CURVE('',#2042,(#2047,#2054),.PCURVE_S1.);
#2042 = CIRCLE('',#2043,3.3);
#2043 = AXIS2_PLACEMENT_3D('',#2044,#2045,#2046);
#2044 = CARTESIAN_POINT('',(2.1,-8.,55.));
#2045 = DIRECTION('',(0.,1.,0.));
#2046 = DIRECTION('',(1.,-0.,0.));
#2047 = PCURVE('',#100,#2048);
#2048 = DEFINITIONAL_REPRESENTATION('',(#2049),#2053);
#2049 = CIRCLE('',#2050,3.3);
#2050 = AXIS2_PLACEMENT_2D('',#2051,#2052);
#2051 = CARTESIAN_POINT('',(32.214943609162,-0.863284172643));
#2052 = DIRECTION('',(-0.,1.));
#2053 = ( GEOMETRIC_REPRESENTATION_CONTEXT(2) 
PARAMETRIC_REPRESENTATION_CONTEXT() REPRESENTATION_CONTEXT('2D SPACE',''
  ) );
#2054 = PCURVE('',#877,#2055);
#2055 = DEFINITIONAL_REPRESENTATION('',(#2056),#2060);
#2056 = LINE('',#2057,#2058);
#2057 = CARTESIAN_POINT('',(6.28318530718,-8.));
#2058 = VECTOR('',#2059,1.);
#2059 = DIRECTION('',(-1.,0.));
#2060 = ( GEOMETRIC_REPRESENTATION_CONTEXT(2) 
PARAMETRIC_REPRESENTATION_CONTEXT() REPRESENTATION_CONTEXT('2D SPACE',''
  ) );
#2061 = FACE_BOUND('',#2062,.F.);
#2062 = EDGE_LOOP('',(#2063));
#2063 = ORIENTED_EDGE('',*,*,#2064,.T.);
#2064 = EDGE_CURVE('',#2065,#2065,#2067,.T.);
#2065 = VERTEX_POINT('',#2066);
#2066 = CARTESIAN_POINT('',(30.,-8.,0.));
#2067 = SURFACE_CURVE('',#2068,(#2073,#2080),.PCURVE_S1.);
#2068 = CIRCLE('',#2069,30.);
#2069 = AXIS2_PLACEMENT_3D('',#2070,#2071,#2072);
#2070 = CARTESIAN_POINT('',(0.,-8.,0.));
#2071 = DIRECTION('',(0.,1.,0.));
#2072 = DIRECTION('',(1.,-0.,0.));
#2073 = PCURVE('',#100,#2074);
#2074 = DEFINITIONAL_REPRESENTATION('',(#2075),#2079);
#2075 = CIRCLE('',#2076,30.);
#2076 = AXIS2_PLACEMENT_2D('',#2077,#2078);
#2077 = CARTESIAN_POINT('',(-22.78505639083,-2.963284172643));
#2078 = DIRECTION('',(-0.,1.));
#2079 = ( GEOMETRIC_REPRESENTATION_CONTEXT(2) 
PARAMETRIC_REPRESENTATION_CONTEXT() REPRESENTATION_CONTEXT('2D SPACE',''
  ) );
#2080 = PCURVE('',#1154,#2081);
#2081 = DEFINITIONAL_REPRESENTATION('',(#2082),#2086);
#2082 = LINE('',#2083,#2084);
#2083 = CARTESIAN_POINT('',(6.28318530718,-8.));
#2084 = VECTOR('',#2085,1.);
#2085 = DIRECTION('',(-1.,0.));
#2086 = ( GEOMETRIC_REPRESENTATION_CONTEXT(2) 
PARAMETRIC_REPRESENTATION_CONTEXT() REPRESENTATION_CONTEXT('2D SPACE',''
  ) );
#2087 = FACE_BOUND('',#2088,.F.);
#2088 = EDGE_LOOP('',(#2089));
#2089 = ORIENTED_EDGE('',*,*,#2090,.T.);
#2090 = EDGE_CURVE('',#2091,#2091,#2093,.T.);
#2091 = VERTEX_POINT('',#2092);
#2092 = CARTESIAN_POINT('',(58.,-8.,2.1));
#2093 = SURFACE_CURVE('',#2094,(#2099,#2106),.PCURVE_S1.);
#2094 = CIRCLE('',#2095,3.3);
#2095 = AXIS2_PLACEMENT_3D('',#2096,#2097,#2098);
#2096 = CARTESIAN_POINT('',(54.7,-8.,2.1));
#2097 = DIRECTION('',(0.,1.,0.));
#2098 = DIRECTION('',(1.,-0.,0.));
#2099 = PCURVE('',#100,#2100);
#2100 = DEFINITIONAL_REPRESENTATION('',(#2101),#2105);
#2101 = CIRCLE('',#2102,3.3);
#2102 = AXIS2_PLACEMENT_2D('',#2103,#2104);
#2103 = CARTESIAN_POINT('',(-20.68505639083,51.736715827357));
#2104 = DIRECTION('',(-0.,1.));
#2105 = ( GEOMETRIC_REPRESENTATION_CONTEXT(2) 
PARAMETRIC_REPRESENTATION_CONTEXT() REPRESENTATION_CONTEXT('2D SPACE',''
  ) );
#2106 = PCURVE('',#1189,#2107);
#2107 = DEFINITIONAL_REPRESENTATION('',(#2108),#2112);
#2108 = LINE('',#2109,#2110);
#2109 = CARTESIAN_POINT('',(6.28318530718,-8.));
#2110 = VECTOR('',#2111,1.);
#2111 = DIRECTION('',(-1.,0.));
#2112 = ( GEOMETRIC_REPRESENTATION_CONTEXT(2) 
PARAMETRIC_REPRESENTATION_CONTEXT() REPRESENTATION_CONTEXT('2D SPACE',''
  ) );
#2113 = FACE_BOUND('',#2114,.F.);
#2114 = EDGE_LOOP('',(#2115));
#2115 = ORIENTED_EDGE('',*,*,#2116,.T.);
#2116 = EDGE_CURVE('',#2117,#2117,#2119,.T.);
#2117 = VERTEX_POINT('',#2118);
#2118 = CARTESIAN_POINT('',(45.1,-8.,-24.6));
#2119 = SURFACE_CURVE('',#2120,(#2125,#2132),.PCURVE_S1.);
#2120 = CIRCLE('',#2121,3.3);
#2121 = AXIS2_PLACEMENT_3D('',#2122,#2123,#2124);
#2122 = CARTESIAN_POINT('',(41.8,-8.,-24.6));
#2123 = DIRECTION('',(0.,1.,0.));
#2124 = DIRECTION('',(1.,-0.,0.));
#2125 = PCURVE('',#100,#2126);
#2126 = DEFINITIONAL_REPRESENTATION('',(#2127),#2131);
#2127 = CIRCLE('',#2128,3.3);
#2128 = AXIS2_PLACEMENT_2D('',#2129,#2130);
#2129 = CARTESIAN_POINT('',(-47.38505639083,38.836715827357));
#2130 = DIRECTION('',(-0.,1.));
#2131 = ( GEOMETRIC_REPRESENTATION_CONTEXT(2) 
PARAMETRIC_REPRESENTATION_CONTEXT() REPRESENTATION_CONTEXT('2D SPACE',''
  ) );
#2132 = PCURVE('',#1224,#2133);
#2133 = DEFINITIONAL_REPRESENTATION('',(#2134),#2138);
#2134 = LINE('',#2135,#2136);
#2135 = CARTESIAN_POINT('',(6.28318530718,-8.));
#2136 = VECTOR('',#2137,1.);
#2137 = DIRECTION('',(-1.,0.));
#2138 = ( GEOMETRIC_REPRESENTATION_CONTEXT(2) 
PARAMETRIC_REPRESENTATION_CONTEXT() REPRESENTATION_CONTEXT('2D SPACE',''
  ) );
#2139 = ADVANCED_FACE('',(#2140),#126,.T.);
#2140 = FACE_BOUND('',#2141,.F.);
#2141 = EDGE_LOOP('',(#2142,#2143,#2164,#2165));
#2142 = ORIENTED_EDGE('',*,*,#142,.T.);
#2143 = ORIENTED_EDGE('',*,*,#2144,.T.);
#2144 = EDGE_CURVE('',#143,#1292,#2145,.T.);
#2145 = SURFACE_CURVE('',#2146,(#2150,#2157),.PCURVE_S1.);
#2146 = LINE('',#2147,#2148);
#2147 = CARTESIAN_POINT('',(63.171572875254,-16.,-40.82842712474));
#2148 = VECTOR('',#2149,1.);
#2149 = DIRECTION('',(-0.,1.,-0.));
#2150 = PCURVE('',#126,#2151);
#2151 = DEFINITIONAL_REPRESENTATION('',(#2152),#2156);
#2152 = LINE('',#2153,#2154);
#2153 = CARTESIAN_POINT('',(-0.785398163397,0.));
#2154 = VECTOR('',#2155,1.);
#2155 = DIRECTION('',(-0.,1.));
#2156 = ( GEOMETRIC_REPRESENTATION_CONTEXT(2) 
PARAMETRIC_REPRESENTATION_CONTEXT() REPRESENTATION_CONTEXT('2D SPACE',''
  ) );
#2157 = PCURVE('',#186,#2158);
#2158 = DEFINITIONAL_REPRESENTATION('',(#2159),#2163);
#2159 = LINE('',#2160,#2161);
#2160 = CARTESIAN_POINT('',(-1.656854249492,0.));
#2161 = VECTOR('',#2162,1.);
#2162 = DIRECTION('',(-0.,-1.));
#2163 = ( GEOMETRIC_REPRESENTATION_CONTEXT(2) 
PARAMETRIC_REPRESENTATION_CONTEXT() REPRESENTATION_CONTEXT('2D SPACE',''
  ) );
#2164 = ORIENTED_EDGE('',*,*,#1291,.F.);
#2165 = ORIENTED_EDGE('',*,*,#112,.F.);
#2166 = ADVANCED_FACE('',(#2167),#543,.F.);
#2167 = FACE_BOUND('',#2168,.T.);
#2168 = EDGE_LOOP('',(#2169,#2170,#2191,#2192));
#2169 = ORIENTED_EDGE('',*,*,#527,.F.);
#2170 = ORIENTED_EDGE('',*,*,#2171,.T.);
#2171 = EDGE_CURVE('',#499,#1966,#2172,.T.);
#2172 = SURFACE_CURVE('',#2173,(#2177,#2184),.PCURVE_S1.);
#2173 = LINE('',#2174,#2175);
#2174 = CARTESIAN_POINT('',(-49.81677337011,-16.,-19.09935977928));
#2175 = VECTOR('',#2176,1.);
#2176 = DIRECTION('',(-0.,1.,-0.));
#2177 = PCURVE('',#543,#2178);
#2178 = DEFINITIONAL_REPRESENTATION('',(#2179),#2183);
#2179 = LINE('',#2180,#2181);
#2180 = CARTESIAN_POINT('',(-1.114524078792,0.));
#2181 = VECTOR('',#2182,1.);
#2182 = DIRECTION('',(-0.,-1.));
#2183 = ( GEOMETRIC_REPRESENTATION_CONTEXT(2) 
PARAMETRIC_REPRESENTATION_CONTEXT() REPRESENTATION_CONTEXT('2D SPACE',''
  ) );
#2184 = PCURVE('',#515,#2185);
#2185 = DEFINITIONAL_REPRESENTATION('',(#2186),#2190);
#2186 = LINE('',#2187,#2188);
#2187 = CARTESIAN_POINT('',(0.543477594713,0.));
#2188 = VECTOR('',#2189,1.);
#2189 = DIRECTION('',(0.,1.));
#2190 = ( GEOMETRIC_REPRESENTATION_CONTEXT(2) 
PARAMETRIC_REPRESENTATION_CONTEXT() REPRESENTATION_CONTEXT('2D SPACE',''
  ) );
#2191 = ORIENTED_EDGE('',*,*,#1989,.T.);
#2192 = ORIENTED_EDGE('',*,*,#1240,.F.);
#2193 = ADVANCED_FACE('',(#2194),#186,.F.);
#2194 = FACE_BOUND('',#2195,.T.);
#2195 = EDGE_LOOP('',(#2196,#2197,#2198,#2199));
#2196 = ORIENTED_EDGE('',*,*,#170,.F.);
#2197 = ORIENTED_EDGE('',*,*,#2144,.T.);
#2198 = ORIENTED_EDGE('',*,*,#1319,.T.);
#2199 = ORIENTED_EDGE('',*,*,#2200,.F.);
#2200 = EDGE_CURVE('',#171,#1320,#2201,.T.);
#2201 = SURFACE_CURVE('',#2202,(#2206,#2213),.PCURVE_S1.);
#2202 = LINE('',#2203,#2204);
#2203 = CARTESIAN_POINT('',(72.828427124746,-16.,-31.17157287525));
#2204 = VECTOR('',#2205,1.);
#2205 = DIRECTION('',(-0.,1.,-0.));
#2206 = PCURVE('',#186,#2207);
#2207 = DEFINITIONAL_REPRESENTATION('',(#2208),#2212);
#2208 = LINE('',#2209,#2210);
#2209 = CARTESIAN_POINT('',(-15.31370849898,0.));
#2210 = VECTOR('',#2211,1.);
#2211 = DIRECTION('',(-0.,-1.));
#2212 = ( GEOMETRIC_REPRESENTATION_CONTEXT(2) 
PARAMETRIC_REPRESENTATION_CONTEXT() REPRESENTATION_CONTEXT('2D SPACE',''
  ) );
#2213 = PCURVE('',#219,#2214);
#2214 = DEFINITIONAL_REPRESENTATION('',(#2215),#2219);
#2215 = LINE('',#2216,#2217);
#2216 = CARTESIAN_POINT('',(-0.,0.));
#2217 = VECTOR('',#2218,1.);
#2218 = DIRECTION('',(-0.,1.));
#2219 = ( GEOMETRIC_REPRESENTATION_CONTEXT(2) 
PARAMETRIC_REPRESENTATION_CONTEXT() REPRESENTATION_CONTEXT('2D SPACE',''
  ) );
#2220 = ADVANCED_FACE('',(#2221),#515,.F.);
#2221 = FACE_BOUND('',#2222,.F.);
#2222 = EDGE_LOOP('',(#2223,#2224,#2225,#2226));
#2223 = ORIENTED_EDGE('',*,*,#498,.T.);
#2224 = ORIENTED_EDGE('',*,*,#2171,.T.);
#2225 = ORIENTED_EDGE('',*,*,#1965,.F.);
#2226 = ORIENTED_EDGE('',*,*,#2227,.F.);
#2227 = EDGE_CURVE('',#471,#1943,#2228,.T.);
#2228 = SURFACE_CURVE('',#2229,(#2233,#2240),.PCURVE_S1.);
#2229 = LINE('',#2230,#2231);
#2230 = CARTESIAN_POINT('',(-50.72532265598,-16.,-17.15379023468));
#2231 = VECTOR('',#2232,1.);
#2232 = DIRECTION('',(-0.,1.,-0.));
#2233 = PCURVE('',#515,#2234);
#2234 = DEFINITIONAL_REPRESENTATION('',(#2235),#2239);
#2235 = LINE('',#2236,#2237);
#2236 = CARTESIAN_POINT('',(0.,0.));
#2237 = VECTOR('',#2238,1.);
#2238 = DIRECTION('',(0.,1.));
#2239 = ( GEOMETRIC_REPRESENTATION_CONTEXT(2) 
PARAMETRIC_REPRESENTATION_CONTEXT() REPRESENTATION_CONTEXT('2D SPACE',''
  ) );
#2240 = PCURVE('',#486,#2241);
#2241 = DEFINITIONAL_REPRESENTATION('',(#2242),#2246);
#2242 = LINE('',#2243,#2244);
#2243 = CARTESIAN_POINT('',(-35.76365375038,0.));
#2244 = VECTOR('',#2245,1.);
#2245 = DIRECTION('',(-0.,-1.));
#2246 = ( GEOMETRIC_REPRESENTATION_CONTEXT(2) 
PARAMETRIC_REPRESENTATION_CONTEXT() REPRESENTATION_CONTEXT('2D SPACE',''
  ) );
#2247 = ADVANCED_FACE('',(#2248),#219,.T.);
#2248 = FACE_BOUND('',#2249,.F.);
#2249 = EDGE_LOOP('',(#2250,#2251,#2272,#2273));
#2250 = ORIENTED_EDGE('',*,*,#198,.T.);
#2251 = ORIENTED_EDGE('',*,*,#2252,.T.);
#2252 = EDGE_CURVE('',#199,#1343,#2253,.T.);
#2253 = SURFACE_CURVE('',#2254,(#2258,#2265),.PCURVE_S1.);
#2254 = LINE('',#2255,#2256);
#2255 = CARTESIAN_POINT('',(74.,-16.,-28.3431457505));
#2256 = VECTOR('',#2257,1.);
#2257 = DIRECTION('',(-0.,1.,-0.));
#2258 = PCURVE('',#219,#2259);
#2259 = DEFINITIONAL_REPRESENTATION('',(#2260),#2264);
#2260 = LINE('',#2261,#2262);
#2261 = CARTESIAN_POINT('',(-0.785398163397,0.));
#2262 = VECTOR('',#2263,1.);
#2263 = DIRECTION('',(-0.,1.));
#2264 = ( GEOMETRIC_REPRESENTATION_CONTEXT(2) 
PARAMETRIC_REPRESENTATION_CONTEXT() REPRESENTATION_CONTEXT('2D SPACE',''
  ) );
#2265 = PCURVE('',#247,#2266);
#2266 = DEFINITIONAL_REPRESENTATION('',(#2267),#2271);
#2267 = LINE('',#2268,#2269);
#2268 = CARTESIAN_POINT('',(-1.656854249492,0.));
#2269 = VECTOR('',#2270,1.);
#2270 = DIRECTION('',(-0.,-1.));
#2271 = ( GEOMETRIC_REPRESENTATION_CONTEXT(2) 
PARAMETRIC_REPRESENTATION_CONTEXT() REPRESENTATION_CONTEXT('2D SPACE',''
  ) );
#2272 = ORIENTED_EDGE('',*,*,#1342,.F.);
#2273 = ORIENTED_EDGE('',*,*,#2200,.F.);
#2274 = ADVANCED_FACE('',(#2275),#486,.F.);
#2275 = FACE_BOUND('',#2276,.T.);
#2276 = EDGE_LOOP('',(#2277,#2278,#2301,#2327,#2328));
#2277 = ORIENTED_EDGE('',*,*,#470,.F.);
#2278 = ORIENTED_EDGE('',*,*,#2279,.T.);
#2279 = EDGE_CURVE('',#438,#2280,#2282,.T.);
#2280 = VERTEX_POINT('',#2281);
#2281 = CARTESIAN_POINT('',(-73.03702640946,-8.,8.876530811038));
#2282 = SURFACE_CURVE('',#2283,(#2287,#2294),.PCURVE_S1.);
#2283 = LINE('',#2284,#2285);
#2284 = CARTESIAN_POINT('',(-73.03702640946,-16.,8.876530811038));
#2285 = VECTOR('',#2286,1.);
#2286 = DIRECTION('',(-0.,1.,-0.));
#2287 = PCURVE('',#486,#2288);
#2288 = DEFINITIONAL_REPRESENTATION('',(#2289),#2293);
#2289 = LINE('',#2290,#2291);
#2290 = CARTESIAN_POINT('',(-1.479696304862,0.));
#2291 = VECTOR('',#2292,1.);
#2292 = DIRECTION('',(-0.,-1.));
#2293 = ( GEOMETRIC_REPRESENTATION_CONTEXT(2) 
PARAMETRIC_REPRESENTATION_CONTEXT() REPRESENTATION_CONTEXT('2D SPACE',''
  ) );
#2294 = PCURVE('',#458,#2295);
#2295 = DEFINITIONAL_REPRESENTATION('',(#2296),#2300);
#2296 = LINE('',#2297,#2298);
#2297 = CARTESIAN_POINT('',(-0.708626272128,0.));
#2298 = VECTOR('',#2299,1.);
#2299 = DIRECTION('',(-0.,1.));
#2300 = ( GEOMETRIC_REPRESENTATION_CONTEXT(2) 
PARAMETRIC_REPRESENTATION_CONTEXT() REPRESENTATION_CONTEXT('2D SPACE',''
  ) );
#2301 = ORIENTED_EDGE('',*,*,#2302,.F.);
#2302 = EDGE_CURVE('',#1915,#2280,#2303,.T.);
#2303 = SURFACE_CURVE('',#2304,(#2308,#2315),.PCURVE_S1.);
#2304 = LINE('',#2305,#2306);
#2305 = CARTESIAN_POINT('',(-65.42857142857,-8.,8.881784197001E-16));
#2306 = VECTOR('',#2307,1.);
#2307 = DIRECTION('',(-0.650791373456,-0.,0.759256602365));
#2308 = PCURVE('',#486,#2309);
#2309 = DEFINITIONAL_REPRESENTATION('',(#2310),#2314);
#2310 = LINE('',#2311,#2312);
#2311 = CARTESIAN_POINT('',(-13.17077779613,-8.));
#2312 = VECTOR('',#2313,1.);
#2313 = DIRECTION('',(1.,-0.));
#2314 = ( GEOMETRIC_REPRESENTATION_CONTEXT(2) 
PARAMETRIC_REPRESENTATION_CONTEXT() REPRESENTATION_CONTEXT('2D SPACE',''
  ) );
#2315 = PCURVE('',#2316,#2321);
#2316 = PLANE('',#2317);
#2317 = AXIS2_PLACEMENT_3D('',#2318,#2319,#2320);
#2318 = CARTESIAN_POINT('',(-74.,-8.,0.));
#2319 = DIRECTION('',(-0.,1.,-0.));
#2320 = DIRECTION('',(0.,-0.,-1.));
#2321 = DEFINITIONAL_REPRESENTATION('',(#2322),#2326);
#2322 = LINE('',#2323,#2324);
#2323 = CARTESIAN_POINT('',(-8.881784197001E-16,-8.571428571429));
#2324 = VECTOR('',#2325,1.);
#2325 = DIRECTION('',(-0.759256602365,0.650791373456));
#2326 = ( GEOMETRIC_REPRESENTATION_CONTEXT(2) 
PARAMETRIC_REPRESENTATION_CONTEXT() REPRESENTATION_CONTEXT('2D SPACE',''
  ) );
#2327 = ORIENTED_EDGE('',*,*,#1942,.T.);
#2328 = ORIENTED_EDGE('',*,*,#2227,.F.);
#2329 = ADVANCED_FACE('',(#2330,#2537),#247,.F.);
#2330 = FACE_BOUND('',#2331,.T.);
#2331 = EDGE_LOOP('',(#2332,#2333,#2334,#2335,#2358,#2386,#2414,#2437,
    #2460,#2488,#2516));
#2332 = ORIENTED_EDGE('',*,*,#231,.F.);
#2333 = ORIENTED_EDGE('',*,*,#2252,.T.);
#2334 = ORIENTED_EDGE('',*,*,#1370,.T.);
#2335 = ORIENTED_EDGE('',*,*,#2336,.F.);
#2336 = EDGE_CURVE('',#2337,#1371,#2339,.T.);
#2337 = VERTEX_POINT('',#2338);
#2338 = CARTESIAN_POINT('',(74.,72.,80.));
#2339 = SURFACE_CURVE('',#2340,(#2344,#2351),.PCURVE_S1.);
#2340 = LINE('',#2341,#2342);
#2341 = CARTESIAN_POINT('',(74.,72.,80.));
#2342 = VECTOR('',#2343,1.);
#2343 = DIRECTION('',(-0.,-0.707106781187,-0.707106781187));
#2344 = PCURVE('',#247,#2345);
#2345 = DEFINITIONAL_REPRESENTATION('',(#2346),#2350);
#2346 = LINE('',#2347,#2348);
#2347 = CARTESIAN_POINT('',(-110.,-88.));
#2348 = VECTOR('',#2349,1.);
#2349 = DIRECTION('',(0.707106781187,0.707106781187));
#2350 = ( GEOMETRIC_REPRESENTATION_CONTEXT(2) 
PARAMETRIC_REPRESENTATION_CONTEXT() REPRESENTATION_CONTEXT('2D SPACE',''
  ) );
#2351 = PCURVE('',#1409,#2352);
#2352 = DEFINITIONAL_REPRESENTATION('',(#2353),#2357);
#2353 = LINE('',#2354,#2355);
#2354 = CARTESIAN_POINT('',(-0.,-8.));
#2355 = VECTOR('',#2356,1.);
#2356 = DIRECTION('',(-1.,0.));
#2357 = ( GEOMETRIC_REPRESENTATION_CONTEXT(2) 
PARAMETRIC_REPRESENTATION_CONTEXT() REPRESENTATION_CONTEXT('2D SPACE',''
  ) );
#2358 = ORIENTED_EDGE('',*,*,#2359,.F.);
#2359 = EDGE_CURVE('',#2360,#2337,#2362,.T.);
#2360 = VERTEX_POINT('',#2361);
#2361 = CARTESIAN_POINT('',(74.,68.,80.));
#2362 = SURFACE_CURVE('',#2363,(#2367,#2374),.PCURVE_S1.);
#2363 = LINE('',#2364,#2365);
#2364 = CARTESIAN_POINT('',(74.,-8.,80.));
#2365 = VECTOR('',#2366,1.);
#2366 = DIRECTION('',(-0.,1.,-0.));
#2367 = PCURVE('',#247,#2368);
#2368 = DEFINITIONAL_REPRESENTATION('',(#2369),#2373);
#2369 = LINE('',#2370,#2371);
#2370 = CARTESIAN_POINT('',(-110.,-8.));
#2371 = VECTOR('',#2372,1.);
#2372 = DIRECTION('',(-0.,-1.));
#2373 = ( GEOMETRIC_REPRESENTATION_CONTEXT(2) 
PARAMETRIC_REPRESENTATION_CONTEXT() REPRESENTATION_CONTEXT('2D SPACE',''
  ) );
#2374 = PCURVE('',#2375,#2380);
#2375 = PLANE('',#2376);
#2376 = AXIS2_PLACEMENT_3D('',#2377,#2378,#2379);
#2377 = CARTESIAN_POINT('',(66.,-8.,80.));
#2378 = DIRECTION('',(-0.,-0.,-1.));
#2379 = DIRECTION('',(-0.,-1.,0.));
#2380 = DEFINITIONAL_REPRESENTATION('',(#2381),#2385);
#2381 = LINE('',#2382,#2383);
#2382 = CARTESIAN_POINT('',(-0.,-8.));
#2383 = VECTOR('',#2384,1.);
#2384 = DIRECTION('',(-1.,0.));
#2385 = ( GEOMETRIC_REPRESENTATION_CONTEXT(2) 
PARAMETRIC_REPRESENTATION_CONTEXT() REPRESENTATION_CONTEXT('2D SPACE',''
  ) );
#2386 = ORIENTED_EDGE('',*,*,#2387,.T.);
#2387 = EDGE_CURVE('',#2360,#2388,#2390,.T.);
#2388 = VERTEX_POINT('',#2389);
#2389 = CARTESIAN_POINT('',(74.,68.,88.));
#2390 = SURFACE_CURVE('',#2391,(#2395,#2402),.PCURVE_S1.);
#2391 = LINE('',#2392,#2393);
#2392 = CARTESIAN_POINT('',(74.,68.,80.));
#2393 = VECTOR('',#2394,1.);
#2394 = DIRECTION('',(-0.,-0.,1.));
#2395 = PCURVE('',#247,#2396);
#2396 = DEFINITIONAL_REPRESENTATION('',(#2397),#2401);
#2397 = LINE('',#2398,#2399);
#2398 = CARTESIAN_POINT('',(-110.,-84.));
#2399 = VECTOR('',#2400,1.);
#2400 = DIRECTION('',(-1.,0.));
#2401 = ( GEOMETRIC_REPRESENTATION_CONTEXT(2) 
PARAMETRIC_REPRESENTATION_CONTEXT() REPRESENTATION_CONTEXT('2D SPACE',''
  ) );
#2402 = PCURVE('',#2403,#2408);
#2403 = CYLINDRICAL_SURFACE('',#2404,4.);
#2404 = AXIS2_PLACEMENT_3D('',#2405,#2406,#2407);
#2405 = CARTESIAN_POINT('',(70.,68.,80.));
#2406 = DIRECTION('',(-0.,-0.,1.));
#2407 = DIRECTION('',(-0.,1.,0.));
#2408 = DEFINITIONAL_REPRESENTATION('',(#2409),#2413);
#2409 = LINE('',#2410,#2411);
#2410 = CARTESIAN_POINT('',(-1.570796326795,0.));
#2411 = VECTOR('',#2412,1.);
#2412 = DIRECTION('',(-0.,1.));
#2413 = ( GEOMETRIC_REPRESENTATION_CONTEXT(2) 
PARAMETRIC_REPRESENTATION_CONTEXT() REPRESENTATION_CONTEXT('2D SPACE',''
  ) );
#2414 = ORIENTED_EDGE('',*,*,#2415,.T.);
#2415 = EDGE_CURVE('',#2388,#2416,#2418,.T.);
#2416 = VERTEX_POINT('',#2417);
#2417 = CARTESIAN_POINT('',(74.,-12.,88.));
#2418 = SURFACE_CURVE('',#2419,(#2423,#2430),.PCURVE_S1.);
#2419 = LINE('',#2420,#2421);
#2420 = CARTESIAN_POINT('',(74.,72.,88.));
#2421 = VECTOR('',#2422,1.);
#2422 = DIRECTION('',(-0.,-1.,-0.));
#2423 = PCURVE('',#247,#2424);
#2424 = DEFINITIONAL_REPRESENTATION('',(#2425),#2429);
#2425 = LINE('',#2426,#2427);
#2426 = CARTESIAN_POINT('',(-118.,-88.));
#2427 = VECTOR('',#2428,1.);
#2428 = DIRECTION('',(-0.,1.));
#2429 = ( GEOMETRIC_REPRESENTATION_CONTEXT(2) 
PARAMETRIC_REPRESENTATION_CONTEXT() REPRESENTATION_CONTEXT('2D SPACE',''
  ) );
#2430 = PCURVE('',#336,#2431);
#2431 = DEFINITIONAL_REPRESENTATION('',(#2432),#2436);
#2432 = LINE('',#2433,#2434);
#2433 = CARTESIAN_POINT('',(-74.,-44.));
#2434 = VECTOR('',#2435,1.);
#2435 = DIRECTION('',(-0.,1.));
#2436 = ( GEOMETRIC_REPRESENTATION_CONTEXT(2) 
PARAMETRIC_REPRESENTATION_CONTEXT() REPRESENTATION_CONTEXT('2D SPACE',''
  ) );
#2437 = ORIENTED_EDGE('',*,*,#2438,.F.);
#2438 = EDGE_CURVE('',#2439,#2416,#2441,.T.);
#2439 = VERTEX_POINT('',#2440);
#2440 = CARTESIAN_POINT('',(74.,-12.,80.));
#2441 = SURFACE_CURVE('',#2442,(#2446,#2453),.PCURVE_S1.);
#2442 = LINE('',#2443,#2444);
#2443 = CARTESIAN_POINT('',(74.,-12.,80.));
#2444 = VECTOR('',#2445,1.);
#2445 = DIRECTION('',(-0.,-0.,1.));
#2446 = PCURVE('',#247,#2447);
#2447 = DEFINITIONAL_REPRESENTATION('',(#2448),#2452);
#2448 = LINE('',#2449,#2450);
#2449 = CARTESIAN_POINT('',(-110.,-4.));
#2450 = VECTOR('',#2451,1.);
#2451 = DIRECTION('',(-1.,0.));
#2452 = ( GEOMETRIC_REPRESENTATION_CONTEXT(2) 
PARAMETRIC_REPRESENTATION_CONTEXT() REPRESENTATION_CONTEXT('2D SPACE',''
  ) );
#2453 = PCURVE('',#308,#2454);
#2454 = DEFINITIONAL_REPRESENTATION('',(#2455),#2459);
#2455 = LINE('',#2456,#2457);
#2456 = CARTESIAN_POINT('',(-0.,0.));
#2457 = VECTOR('',#2458,1.);
#2458 = DIRECTION('',(-0.,1.));
#2459 = ( GEOMETRIC_REPRESENTATION_CONTEXT(2) 
PARAMETRIC_REPRESENTATION_CONTEXT() REPRESENTATION_CONTEXT('2D SPACE',''
  ) );
#2460 = ORIENTED_EDGE('',*,*,#2461,.F.);
#2461 = EDGE_CURVE('',#2462,#2439,#2464,.T.);
#2462 = VERTEX_POINT('',#2463);
#2463 = CARTESIAN_POINT('',(74.,-8.,80.));
#2464 = SURFACE_CURVE('',#2465,(#2469,#2476),.PCURVE_S1.);
#2465 = LINE('',#2466,#2467);
#2466 = CARTESIAN_POINT('',(74.,72.,80.));
#2467 = VECTOR('',#2468,1.);
#2468 = DIRECTION('',(-0.,-1.,-0.));
#2469 = PCURVE('',#247,#2470);
#2470 = DEFINITIONAL_REPRESENTATION('',(#2471),#2475);
#2471 = LINE('',#2472,#2473);
#2472 = CARTESIAN_POINT('',(-110.,-88.));
#2473 = VECTOR('',#2474,1.);
#2474 = DIRECTION('',(-0.,1.));
#2475 = ( GEOMETRIC_REPRESENTATION_CONTEXT(2) 
PARAMETRIC_REPRESENTATION_CONTEXT() REPRESENTATION_CONTEXT('2D SPACE',''
  ) );
#2476 = PCURVE('',#2477,#2482);
#2477 = PLANE('',#2478);
#2478 = AXIS2_PLACEMENT_3D('',#2479,#2480,#2481);
#2479 = CARTESIAN_POINT('',(0.,28.,80.));
#2480 = DIRECTION('',(-0.,-0.,1.));
#2481 = DIRECTION('',(-1.,0.,-0.));
#2482 = DEFINITIONAL_REPRESENTATION('',(#2483),#2487);
#2483 = LINE('',#2484,#2485);
#2484 = CARTESIAN_POINT('',(-74.,-44.));
#2485 = VECTOR('',#2486,1.);
#2486 = DIRECTION('',(-0.,1.));
#2487 = ( GEOMETRIC_REPRESENTATION_CONTEXT(2) 
PARAMETRIC_REPRESENTATION_CONTEXT() REPRESENTATION_CONTEXT('2D SPACE',''
  ) );
#2488 = ORIENTED_EDGE('',*,*,#2489,.F.);
#2489 = EDGE_CURVE('',#2490,#2462,#2492,.T.);
#2490 = VERTEX_POINT('',#2491);
#2491 = CARTESIAN_POINT('',(74.,-8.,76.));
#2492 = SURFACE_CURVE('',#2493,(#2497,#2504),.PCURVE_S1.);
#2493 = LINE('',#2494,#2495);
#2494 = CARTESIAN_POINT('',(74.,-8.,0.));
#2495 = VECTOR('',#2496,1.);
#2496 = DIRECTION('',(-0.,-0.,1.));
#2497 = PCURVE('',#247,#2498);
#2498 = DEFINITIONAL_REPRESENTATION('',(#2499),#2503);
#2499 = LINE('',#2500,#2501);
#2500 = CARTESIAN_POINT('',(-30.,-8.));
#2501 = VECTOR('',#2502,1.);
#2502 = DIRECTION('',(-1.,0.));
#2503 = ( GEOMETRIC_REPRESENTATION_CONTEXT(2) 
PARAMETRIC_REPRESENTATION_CONTEXT() REPRESENTATION_CONTEXT('2D SPACE',''
  ) );
#2504 = PCURVE('',#2505,#2510);
#2505 = PLANE('',#2506);
#2506 = AXIS2_PLACEMENT_3D('',#2507,#2508,#2509);
#2507 = CARTESIAN_POINT('',(66.,-8.,0.));
#2508 = DIRECTION('',(-0.,1.,-0.));
#2509 = DIRECTION('',(0.,-0.,-1.));
#2510 = DEFINITIONAL_REPRESENTATION('',(#2511),#2515);
#2511 = LINE('',#2512,#2513);
#2512 = CARTESIAN_POINT('',(-0.,-8.));
#2513 = VECTOR('',#2514,1.);
#2514 = DIRECTION('',(-1.,0.));
#2515 = ( GEOMETRIC_REPRESENTATION_CONTEXT(2) 
PARAMETRIC_REPRESENTATION_CONTEXT() REPRESENTATION_CONTEXT('2D SPACE',''
  ) );
#2516 = ORIENTED_EDGE('',*,*,#2517,.F.);
#2517 = EDGE_CURVE('',#232,#2490,#2518,.T.);
#2518 = SURFACE_CURVE('',#2519,(#2523,#2530),.PCURVE_S1.);
#2519 = LINE('',#2520,#2521);
#2520 = CARTESIAN_POINT('',(74.,-16.,76.));
#2521 = VECTOR('',#2522,1.);
#2522 = DIRECTION('',(-0.,1.,-0.));
#2523 = PCURVE('',#247,#2524);
#2524 = DEFINITIONAL_REPRESENTATION('',(#2525),#2529);
#2525 = LINE('',#2526,#2527);
#2526 = CARTESIAN_POINT('',(-106.,0.));
#2527 = VECTOR('',#2528,1.);
#2528 = DIRECTION('',(-0.,-1.));
#2529 = ( GEOMETRIC_REPRESENTATION_CONTEXT(2) 
PARAMETRIC_REPRESENTATION_CONTEXT() REPRESENTATION_CONTEXT('2D SPACE',''
  ) );
#2530 = PCURVE('',#280,#2531);
#2531 = DEFINITIONAL_REPRESENTATION('',(#2532),#2536);
#2532 = LINE('',#2533,#2534);
#2533 = CARTESIAN_POINT('',(-0.,0.));
#2534 = VECTOR('',#2535,1.);
#2535 = DIRECTION('',(-0.,1.));
#2536 = ( GEOMETRIC_REPRESENTATION_CONTEXT(2) 
PARAMETRIC_REPRESENTATION_CONTEXT() REPRESENTATION_CONTEXT('2D SPACE',''
  ) );
#2537 = FACE_BOUND('',#2538,.T.);
#2538 = EDGE_LOOP('',(#2539,#2570,#2598,#2627,#2655,#2684));
#2539 = ORIENTED_EDGE('',*,*,#2540,.T.);
#2540 = EDGE_CURVE('',#2541,#2543,#2545,.T.);
#2541 = VERTEX_POINT('',#2542);
#2542 = CARTESIAN_POINT('',(74.,12.828427124746,40.828427124746));
#2543 = VERTEX_POINT('',#2544);
#2544 = CARTESIAN_POINT('',(74.,6.,43.656854249492));
#2545 = SURFACE_CURVE('',#2546,(#2551,#2558),.PCURVE_S1.);
#2546 = CIRCLE('',#2547,4.);
#2547 = AXIS2_PLACEMENT_3D('',#2548,#2549,#2550);
#2548 = CARTESIAN_POINT('',(74.,10.,43.656854249492));
#2549 = DIRECTION('',(-1.,0.,0.));
#2550 = DIRECTION('',(-0.,-1.,-0.));
#2551 = PCURVE('',#247,#2552);
#2552 = DEFINITIONAL_REPRESENTATION('',(#2553),#2557);
#2553 = CIRCLE('',#2554,4.);
#2554 = AXIS2_PLACEMENT_2D('',#2555,#2556);
#2555 = CARTESIAN_POINT('',(-73.65685424949,-26.));
#2556 = DIRECTION('',(-0.,1.));
#2557 = ( GEOMETRIC_REPRESENTATION_CONTEXT(2) 
PARAMETRIC_REPRESENTATION_CONTEXT() REPRESENTATION_CONTEXT('2D SPACE',''
  ) );
#2558 = PCURVE('',#2559,#2564);
#2559 = CYLINDRICAL_SURFACE('',#2560,4.);
#2560 = AXIS2_PLACEMENT_3D('',#2561,#2562,#2563);
#2561 = CARTESIAN_POINT('',(65.,10.,43.656854249492));
#2562 = DIRECTION('',(1.,-0.,-0.));
#2563 = DIRECTION('',(-0.,-1.,0.));
#2564 = DEFINITIONAL_REPRESENTATION('',(#2565),#2569);
#2565 = LINE('',#2566,#2567);
#2566 = CARTESIAN_POINT('',(6.28318530718,9.));
#2567 = VECTOR('',#2568,1.);
#2568 = DIRECTION('',(-1.,0.));
#2569 = ( GEOMETRIC_REPRESENTATION_CONTEXT(2) 
PARAMETRIC_REPRESENTATION_CONTEXT() REPRESENTATION_CONTEXT('2D SPACE',''
  ) );
#2570 = ORIENTED_EDGE('',*,*,#2571,.T.);
#2571 = EDGE_CURVE('',#2543,#2572,#2574,.T.);
#2572 = VERTEX_POINT('',#2573);
#2573 = CARTESIAN_POINT('',(74.,6.,62.));
#2574 = SURFACE_CURVE('',#2575,(#2579,#2586),.PCURVE_S1.);
#2575 = LINE('',#2576,#2577);
#2576 = CARTESIAN_POINT('',(74.,6.,2.));
#2577 = VECTOR('',#2578,1.);
#2578 = DIRECTION('',(-0.,-0.,1.));
#2579 = PCURVE('',#247,#2580);
#2580 = DEFINITIONAL_REPRESENTATION('',(#2581),#2585);
#2581 = LINE('',#2582,#2583);
#2582 = CARTESIAN_POINT('',(-32.,-22.));
#2583 = VECTOR('',#2584,1.);
#2584 = DIRECTION('',(-1.,0.));
#2585 = ( GEOMETRIC_REPRESENTATION_CONTEXT(2) 
PARAMETRIC_REPRESENTATION_CONTEXT() REPRESENTATION_CONTEXT('2D SPACE',''
  ) );
#2586 = PCURVE('',#2587,#2592);
#2587 = PLANE('',#2588);
#2588 = AXIS2_PLACEMENT_3D('',#2589,#2590,#2591);
#2589 = CARTESIAN_POINT('',(65.,6.,34.));
#2590 = DIRECTION('',(-0.,1.,-0.));
#2591 = DIRECTION('',(0.,-0.,-1.));
#2592 = DEFINITIONAL_REPRESENTATION('',(#2593),#2597);
#2593 = LINE('',#2594,#2595);
#2594 = CARTESIAN_POINT('',(32.,-9.));
#2595 = VECTOR('',#2596,1.);
#2596 = DIRECTION('',(-1.,0.));
#2597 = ( GEOMETRIC_REPRESENTATION_CONTEXT(2) 
PARAMETRIC_REPRESENTATION_CONTEXT() REPRESENTATION_CONTEXT('2D SPACE',''
  ) );
#2598 = ORIENTED_EDGE('',*,*,#2599,.T.);
#2599 = EDGE_CURVE('',#2572,#2600,#2602,.T.);
#2600 = VERTEX_POINT('',#2601);
#2601 = CARTESIAN_POINT('',(74.,10.,66.));
#2602 = SURFACE_CURVE('',#2603,(#2608,#2615),.PCURVE_S1.);
#2603 = CIRCLE('',#2604,4.);
#2604 = AXIS2_PLACEMENT_3D('',#2605,#2606,#2607);
#2605 = CARTESIAN_POINT('',(74.,10.,62.));
#2606 = DIRECTION('',(-1.,0.,0.));
#2607 = DIRECTION('',(-0.,-1.,-0.));
#2608 = PCURVE('',#247,#2609);
#2609 = DEFINITIONAL_REPRESENTATION('',(#2610),#2614);
#2610 = CIRCLE('',#2611,4.);
#2611 = AXIS2_PLACEMENT_2D('',#2612,#2613);
#2612 = CARTESIAN_POINT('',(-92.,-26.));
#2613 = DIRECTION('',(-0.,1.));
#2614 = ( GEOMETRIC_REPRESENTATION_CONTEXT(2) 
PARAMETRIC_REPRESENTATION_CONTEXT() REPRESENTATION_CONTEXT('2D SPACE',''
  ) );
#2615 = PCURVE('',#2616,#2621);
#2616 = CYLINDRICAL_SURFACE('',#2617,4.);
#2617 = AXIS2_PLACEMENT_3D('',#2618,#2619,#2620);
#2618 = CARTESIAN_POINT('',(65.,10.,62.));
#2619 = DIRECTION('',(1.,-0.,-0.));
#2620 = DIRECTION('',(-0.,-1.,0.));
#2621 = DEFINITIONAL_REPRESENTATION('',(#2622),#2626);
#2622 = LINE('',#2623,#2624);
#2623 = CARTESIAN_POINT('',(-0.,9.));
#2624 = VECTOR('',#2625,1.);
#2625 = DIRECTION('',(-1.,0.));
#2626 = ( GEOMETRIC_REPRESENTATION_CONTEXT(2) 
PARAMETRIC_REPRESENTATION_CONTEXT() REPRESENTATION_CONTEXT('2D SPACE',''
  ) );
#2627 = ORIENTED_EDGE('',*,*,#2628,.T.);
#2628 = EDGE_CURVE('',#2600,#2629,#2631,.T.);
#2629 = VERTEX_POINT('',#2630);
#2630 = CARTESIAN_POINT('',(74.,28.343145750508,66.));
#2631 = SURFACE_CURVE('',#2632,(#2636,#2643),.PCURVE_S1.);
#2632 = LINE('',#2633,#2634);
#2633 = CARTESIAN_POINT('',(74.,-5.,66.));
#2634 = VECTOR('',#2635,1.);
#2635 = DIRECTION('',(-0.,1.,-0.));
#2636 = PCURVE('',#247,#2637);
#2637 = DEFINITIONAL_REPRESENTATION('',(#2638),#2642);
#2638 = LINE('',#2639,#2640);
#2639 = CARTESIAN_POINT('',(-96.,-11.));
#2640 = VECTOR('',#2641,1.);
#2641 = DIRECTION('',(-0.,-1.));
#2642 = ( GEOMETRIC_REPRESENTATION_CONTEXT(2) 
PARAMETRIC_REPRESENTATION_CONTEXT() REPRESENTATION_CONTEXT('2D SPACE',''
  ) );
#2643 = PCURVE('',#2644,#2649);
#2644 = PLANE('',#2645);
#2645 = AXIS2_PLACEMENT_3D('',#2646,#2647,#2648);
#2646 = CARTESIAN_POINT('',(65.,6.,66.));
#2647 = DIRECTION('',(-0.,-0.,-1.));
#2648 = DIRECTION('',(-0.,-1.,0.));
#2649 = DEFINITIONAL_REPRESENTATION('',(#2650),#2654);
#2650 = LINE('',#2651,#2652);
#2651 = CARTESIAN_POINT('',(11.,-9.));
#2652 = VECTOR('',#2653,1.);
#2653 = DIRECTION('',(-1.,0.));
#2654 = ( GEOMETRIC_REPRESENTATION_CONTEXT(2) 
PARAMETRIC_REPRESENTATION_CONTEXT() REPRESENTATION_CONTEXT('2D SPACE',''
  ) );
#2655 = ORIENTED_EDGE('',*,*,#2656,.T.);
#2656 = EDGE_CURVE('',#2629,#2657,#2659,.T.);
#2657 = VERTEX_POINT('',#2658);
#2658 = CARTESIAN_POINT('',(74.,31.171572875254,59.171572875254));
#2659 = SURFACE_CURVE('',#2660,(#2665,#2672),.PCURVE_S1.);
#2660 = CIRCLE('',#2661,4.);
#2661 = AXIS2_PLACEMENT_3D('',#2662,#2663,#2664);
#2662 = CARTESIAN_POINT('',(74.,28.343145750508,62.));
#2663 = DIRECTION('',(-1.,0.,0.));
#2664 = DIRECTION('',(0.,-0.,1.));
#2665 = PCURVE('',#247,#2666);
#2666 = DEFINITIONAL_REPRESENTATION('',(#2667),#2671);
#2667 = CIRCLE('',#2668,4.);
#2668 = AXIS2_PLACEMENT_2D('',#2669,#2670);
#2669 = CARTESIAN_POINT('',(-92.,-44.3431457505));
#2670 = DIRECTION('',(-1.,0.));
#2671 = ( GEOMETRIC_REPRESENTATION_CONTEXT(2) 
PARAMETRIC_REPRESENTATION_CONTEXT() REPRESENTATION_CONTEXT('2D SPACE',''
  ) );
#2672 = PCURVE('',#2673,#2678);
#2673 = CYLINDRICAL_SURFACE('',#2674,4.);
#2674 = AXIS2_PLACEMENT_3D('',#2675,#2676,#2677);
#2675 = CARTESIAN_POINT('',(65.,28.343145750508,62.));
#2676 = DIRECTION('',(1.,-0.,-0.));
#2677 = DIRECTION('',(0.,-0.,1.));
#2678 = DEFINITIONAL_REPRESENTATION('',(#2679),#2683);
#2679 = LINE('',#2680,#2681);
#2680 = CARTESIAN_POINT('',(-0.,9.));
#2681 = VECTOR('',#2682,1.);
#2682 = DIRECTION('',(-1.,0.));
#2683 = ( GEOMETRIC_REPRESENTATION_CONTEXT(2) 
PARAMETRIC_REPRESENTATION_CONTEXT() REPRESENTATION_CONTEXT('2D SPACE',''
  ) );
#2684 = ORIENTED_EDGE('',*,*,#2685,.T.);
#2685 = EDGE_CURVE('',#2657,#2541,#2686,.T.);
#2686 = SURFACE_CURVE('',#2687,(#2691,#2698),.PCURVE_S1.);
#2687 = LINE('',#2688,#2689);
#2688 = CARTESIAN_POINT('',(74.,0.5,28.5));
#2689 = VECTOR('',#2690,1.);
#2690 = DIRECTION('',(-0.,-0.707106781187,-0.707106781187));
#2691 = PCURVE('',#247,#2692);
#2692 = DEFINITIONAL_REPRESENTATION('',(#2693),#2697);
#2693 = LINE('',#2694,#2695);
#2694 = CARTESIAN_POINT('',(-58.5,-16.5));
#2695 = VECTOR('',#2696,1.);
#2696 = DIRECTION('',(0.707106781187,0.707106781187));
#2697 = ( GEOMETRIC_REPRESENTATION_CONTEXT(2) 
PARAMETRIC_REPRESENTATION_CONTEXT() REPRESENTATION_CONTEXT('2D SPACE',''
  ) );
#2698 = PCURVE('',#2699,#2704);
#2699 = PLANE('',#2700);
#2700 = AXIS2_PLACEMENT_3D('',#2701,#2702,#2703);
#2701 = CARTESIAN_POINT('',(65.,38.,66.));
#2702 = DIRECTION('',(-0.,-0.707106781187,0.707106781187));
#2703 = DIRECTION('',(0.,0.707106781187,0.707106781187));
#2704 = DEFINITIONAL_REPRESENTATION('',(#2705),#2709);
#2705 = LINE('',#2706,#2707);
#2706 = CARTESIAN_POINT('',(-53.03300858899,-9.));
#2707 = VECTOR('',#2708,1.);
#2708 = DIRECTION('',(-1.,0.));
#2709 = ( GEOMETRIC_REPRESENTATION_CONTEXT(2) 
PARAMETRIC_REPRESENTATION_CONTEXT() REPRESENTATION_CONTEXT('2D SPACE',''
  ) );
#2710 = ADVANCED_FACE('',(#2711),#458,.T.);
#2711 = FACE_BOUND('',#2712,.F.);
#2712 = EDGE_LOOP('',(#2713,#2714,#2715,#2743));
#2713 = ORIENTED_EDGE('',*,*,#437,.T.);
#2714 = ORIENTED_EDGE('',*,*,#2279,.T.);
#2715 = ORIENTED_EDGE('',*,*,#2716,.F.);
#2716 = EDGE_CURVE('',#2717,#2280,#2719,.T.);
#2717 = VERTEX_POINT('',#2718);
#2718 = CARTESIAN_POINT('',(-74.,-8.,11.479696304862));
#2719 = SURFACE_CURVE('',#2720,(#2725,#2732),.PCURVE_S1.);
#2720 = CIRCLE('',#2721,4.);
#2721 = AXIS2_PLACEMENT_3D('',#2722,#2723,#2724);
#2722 = CARTESIAN_POINT('',(-70.,-8.,11.479696304862));
#2723 = DIRECTION('',(0.,-1.,0.));
#2724 = DIRECTION('',(0.,-0.,-1.));
#2725 = PCURVE('',#458,#2726);
#2726 = DEFINITIONAL_REPRESENTATION('',(#2727),#2731);
#2727 = LINE('',#2728,#2729);
#2728 = CARTESIAN_POINT('',(4.712388980385,8.));
#2729 = VECTOR('',#2730,1.);
#2730 = DIRECTION('',(-1.,0.));
#2731 = ( GEOMETRIC_REPRESENTATION_CONTEXT(2) 
PARAMETRIC_REPRESENTATION_CONTEXT() REPRESENTATION_CONTEXT('2D SPACE',''
  ) );
#2732 = PCURVE('',#2316,#2733);
#2733 = DEFINITIONAL_REPRESENTATION('',(#2734),#2742);
#2734 = ( BOUNDED_CURVE() B_SPLINE_CURVE(2,(#2735,#2736,#2737,#2738,
#2739,#2740,#2741),.UNSPECIFIED.,.T.,.F.) B_SPLINE_CURVE_WITH_KNOTS((1,2
    ,2,2,2,1),(-2.094395102393,0.,2.094395102393,4.188790204786,
6.28318530718,8.377580409573),.UNSPECIFIED.) CURVE() 
GEOMETRIC_REPRESENTATION_ITEM() RATIONAL_B_SPLINE_CURVE((1.,0.5,1.,0.5,
1.,0.5,1.)) REPRESENTATION_ITEM('') );
#2735 = CARTESIAN_POINT('',(-7.479696304862,-4.));
#2736 = CARTESIAN_POINT('',(-7.479696304862,-10.92820323027));
#2737 = CARTESIAN_POINT('',(-13.47969630486,-7.464101615138));
#2738 = CARTESIAN_POINT('',(-19.47969630486,-4.));
#2739 = CARTESIAN_POINT('',(-13.47969630486,-0.535898384862));
#2740 = CARTESIAN_POINT('',(-7.479696304862,2.928203230276));
#2741 = CARTESIAN_POINT('',(-7.479696304862,-4.));
#2742 = ( GEOMETRIC_REPRESENTATION_CONTEXT(2) 
PARAMETRIC_REPRESENTATION_CONTEXT() REPRESENTATION_CONTEXT('2D SPACE',''
  ) );
#2743 = ORIENTED_EDGE('',*,*,#2744,.F.);
#2744 = EDGE_CURVE('',#410,#2717,#2745,.T.);
#2745 = SURFACE_CURVE('',#2746,(#2750,#2757),.PCURVE_S1.);
#2746 = LINE('',#2747,#2748);
#2747 = CARTESIAN_POINT('',(-74.,-16.,11.479696304862));
#2748 = VECTOR('',#2749,1.);
#2749 = DIRECTION('',(-0.,1.,-0.));
#2750 = PCURVE('',#458,#2751);
#2751 = DEFINITIONAL_REPRESENTATION('',(#2752),#2756);
#2752 = LINE('',#2753,#2754);
#2753 = CARTESIAN_POINT('',(-0.,0.));
#2754 = VECTOR('',#2755,1.);
#2755 = DIRECTION('',(-0.,1.));
#2756 = ( GEOMETRIC_REPRESENTATION_CONTEXT(2) 
PARAMETRIC_REPRESENTATION_CONTEXT() REPRESENTATION_CONTEXT('2D SPACE',''
  ) );
#2757 = PCURVE('',#425,#2758);
#2758 = DEFINITIONAL_REPRESENTATION('',(#2759),#2763);
#2759 = LINE('',#2760,#2761);
#2760 = CARTESIAN_POINT('',(-68.52030369513,-0.));
#2761 = VECTOR('',#2762,1.);
#2762 = DIRECTION('',(-0.,-1.));
#2763 = ( GEOMETRIC_REPRESENTATION_CONTEXT(2) 
PARAMETRIC_REPRESENTATION_CONTEXT() REPRESENTATION_CONTEXT('2D SPACE',''
  ) );
#2764 = ADVANCED_FACE('',(#2765),#280,.T.);
#2765 = FACE_BOUND('',#2766,.F.);
#2766 = EDGE_LOOP('',(#2767,#2768,#2791,#2817));
#2767 = ORIENTED_EDGE('',*,*,#259,.T.);
#2768 = ORIENTED_EDGE('',*,*,#2769,.T.);
#2769 = EDGE_CURVE('',#260,#2770,#2772,.T.);
#2770 = VERTEX_POINT('',#2771);
#2771 = CARTESIAN_POINT('',(70.,-8.,80.));
#2772 = SURFACE_CURVE('',#2773,(#2777,#2784),.PCURVE_S1.);
#2773 = LINE('',#2774,#2775);
#2774 = CARTESIAN_POINT('',(70.,-16.,80.));
#2775 = VECTOR('',#2776,1.);
#2776 = DIRECTION('',(-0.,1.,-0.));
#2777 = PCURVE('',#280,#2778);
#2778 = DEFINITIONAL_REPRESENTATION('',(#2779),#2783);
#2779 = LINE('',#2780,#2781);
#2780 = CARTESIAN_POINT('',(-1.570796326795,0.));
#2781 = VECTOR('',#2782,1.);
#2782 = DIRECTION('',(-0.,1.));
#2783 = ( GEOMETRIC_REPRESENTATION_CONTEXT(2) 
PARAMETRIC_REPRESENTATION_CONTEXT() REPRESENTATION_CONTEXT('2D SPACE',''
  ) );
#2784 = PCURVE('',#2477,#2785);
#2785 = DEFINITIONAL_REPRESENTATION('',(#2786),#2790);
#2786 = LINE('',#2787,#2788);
#2787 = CARTESIAN_POINT('',(-70.,44.));
#2788 = VECTOR('',#2789,1.);
#2789 = DIRECTION('',(-0.,-1.));
#2790 = ( GEOMETRIC_REPRESENTATION_CONTEXT(2) 
PARAMETRIC_REPRESENTATION_CONTEXT() REPRESENTATION_CONTEXT('2D SPACE',''
  ) );
#2791 = ORIENTED_EDGE('',*,*,#2792,.F.);
#2792 = EDGE_CURVE('',#2490,#2770,#2793,.T.);
#2793 = SURFACE_CURVE('',#2794,(#2799,#2806),.PCURVE_S1.);
#2794 = CIRCLE('',#2795,4.);
#2795 = AXIS2_PLACEMENT_3D('',#2796,#2797,#2798);
#2796 = CARTESIAN_POINT('',(70.,-8.,76.));
#2797 = DIRECTION('',(0.,-1.,0.));
#2798 = DIRECTION('',(0.,-0.,-1.));
#2799 = PCURVE('',#280,#2800);
#2800 = DEFINITIONAL_REPRESENTATION('',(#2801),#2805);
#2801 = LINE('',#2802,#2803);
#2802 = CARTESIAN_POINT('',(1.570796326795,8.));
#2803 = VECTOR('',#2804,1.);
#2804 = DIRECTION('',(-1.,0.));
#2805 = ( GEOMETRIC_REPRESENTATION_CONTEXT(2) 
PARAMETRIC_REPRESENTATION_CONTEXT() REPRESENTATION_CONTEXT('2D SPACE',''
  ) );
#2806 = PCURVE('',#2505,#2807);
#2807 = DEFINITIONAL_REPRESENTATION('',(#2808),#2816);
#2808 = ( BOUNDED_CURVE() B_SPLINE_CURVE(2,(#2809,#2810,#2811,#2812,
#2813,#2814,#2815),.UNSPECIFIED.,.T.,.F.) B_SPLINE_CURVE_WITH_KNOTS((1,2
    ,2,2,2,1),(-2.094395102393,0.,2.094395102393,4.188790204786,
6.28318530718,8.377580409573),.UNSPECIFIED.) CURVE() 
GEOMETRIC_REPRESENTATION_ITEM() RATIONAL_B_SPLINE_CURVE((1.,0.5,1.,0.5,
1.,0.5,1.)) REPRESENTATION_ITEM('') );
#2809 = CARTESIAN_POINT('',(-72.,-4.));
#2810 = CARTESIAN_POINT('',(-72.,-10.92820323027));
#2811 = CARTESIAN_POINT('',(-78.,-7.464101615138));
#2812 = CARTESIAN_POINT('',(-84.,-4.));
#2813 = CARTESIAN_POINT('',(-78.,-0.535898384862));
#2814 = CARTESIAN_POINT('',(-72.,2.928203230276));
#2815 = CARTESIAN_POINT('',(-72.,-4.));
#2816 = ( GEOMETRIC_REPRESENTATION_CONTEXT(2) 
PARAMETRIC_REPRESENTATION_CONTEXT() REPRESENTATION_CONTEXT('2D SPACE',''
  ) );
#2817 = ORIENTED_EDGE('',*,*,#2517,.F.);
#2818 = ADVANCED_FACE('',(#2819,#3053),#425,.F.);
#2819 = FACE_BOUND('',#2820,.T.);
#2820 = EDGE_LOOP('',(#2821,#2822,#2845,#2873,#2901,#2924,#2947,#2975,
    #3003,#3031,#3052));
#2821 = ORIENTED_EDGE('',*,*,#409,.F.);
#2822 = ORIENTED_EDGE('',*,*,#2823,.T.);
#2823 = EDGE_CURVE('',#377,#2824,#2826,.T.);
#2824 = VERTEX_POINT('',#2825);
#2825 = CARTESIAN_POINT('',(-74.,-8.,76.));
#2826 = SURFACE_CURVE('',#2827,(#2831,#2838),.PCURVE_S1.);
#2827 = LINE('',#2828,#2829);
#2828 = CARTESIAN_POINT('',(-74.,-16.,76.));
#2829 = VECTOR('',#2830,1.);
#2830 = DIRECTION('',(-0.,1.,-0.));
#2831 = PCURVE('',#425,#2832);
#2832 = DEFINITIONAL_REPRESENTATION('',(#2833),#2837);
#2833 = LINE('',#2834,#2835);
#2834 = CARTESIAN_POINT('',(-4.,-0.));
#2835 = VECTOR('',#2836,1.);
#2836 = DIRECTION('',(-0.,-1.));
#2837 = ( GEOMETRIC_REPRESENTATION_CONTEXT(2) 
PARAMETRIC_REPRESENTATION_CONTEXT() REPRESENTATION_CONTEXT('2D SPACE',''
  ) );
#2838 = PCURVE('',#397,#2839);
#2839 = DEFINITIONAL_REPRESENTATION('',(#2840),#2844);
#2840 = LINE('',#2841,#2842);
#2841 = CARTESIAN_POINT('',(-1.570796326795,0.));
#2842 = VECTOR('',#2843,1.);
#2843 = DIRECTION('',(-0.,1.));
#2844 = ( GEOMETRIC_REPRESENTATION_CONTEXT(2) 
PARAMETRIC_REPRESENTATION_CONTEXT() REPRESENTATION_CONTEXT('2D SPACE',''
  ) );
#2845 = ORIENTED_EDGE('',*,*,#2846,.T.);
#2846 = EDGE_CURVE('',#2824,#2847,#2849,.T.);
#2847 = VERTEX_POINT('',#2848);
#2848 = CARTESIAN_POINT('',(-74.,-8.,80.));
#2849 = SURFACE_CURVE('',#2850,(#2854,#2861),.PCURVE_S1.);
#2850 = LINE('',#2851,#2852);
#2851 = CARTESIAN_POINT('',(-74.,-8.,0.));
#2852 = VECTOR('',#2853,1.);
#2853 = DIRECTION('',(-0.,-0.,1.));
#2854 = PCURVE('',#425,#2855);
#2855 = DEFINITIONAL_REPRESENTATION('',(#2856),#2860);
#2856 = LINE('',#2857,#2858);
#2857 = CARTESIAN_POINT('',(-80.,-8.));
#2858 = VECTOR('',#2859,1.);
#2859 = DIRECTION('',(1.,-0.));
#2860 = ( GEOMETRIC_REPRESENTATION_CONTEXT(2) 
PARAMETRIC_REPRESENTATION_CONTEXT() REPRESENTATION_CONTEXT('2D SPACE',''
  ) );
#2861 = PCURVE('',#2862,#2867);
#2862 = PLANE('',#2863);
#2863 = AXIS2_PLACEMENT_3D('',#2864,#2865,#2866);
#2864 = CARTESIAN_POINT('',(-74.,-8.,0.));
#2865 = DIRECTION('',(-0.,1.,-0.));
#2866 = DIRECTION('',(0.,-0.,-1.));
#2867 = DEFINITIONAL_REPRESENTATION('',(#2868),#2872);
#2868 = LINE('',#2869,#2870);
#2869 = CARTESIAN_POINT('',(-0.,-0.));
#2870 = VECTOR('',#2871,1.);
#2871 = DIRECTION('',(-1.,0.));
#2872 = ( GEOMETRIC_REPRESENTATION_CONTEXT(2) 
PARAMETRIC_REPRESENTATION_CONTEXT() REPRESENTATION_CONTEXT('2D SPACE',''
  ) );
#2873 = ORIENTED_EDGE('',*,*,#2874,.F.);
#2874 = EDGE_CURVE('',#2875,#2847,#2877,.T.);
#2875 = VERTEX_POINT('',#2876);
#2876 = CARTESIAN_POINT('',(-74.,-12.,80.));
#2877 = SURFACE_CURVE('',#2878,(#2882,#2889),.PCURVE_S1.);
#2878 = LINE('',#2879,#2880);
#2879 = CARTESIAN_POINT('',(-74.,-16.,80.));
#2880 = VECTOR('',#2881,1.);
#2881 = DIRECTION('',(-0.,1.,-0.));
#2882 = PCURVE('',#425,#2883);
#2883 = DEFINITIONAL_REPRESENTATION('',(#2884),#2888);
#2884 = LINE('',#2885,#2886);
#2885 = CARTESIAN_POINT('',(0.,-0.));
#2886 = VECTOR('',#2887,1.);
#2887 = DIRECTION('',(-0.,-1.));
#2888 = ( GEOMETRIC_REPRESENTATION_CONTEXT(2) 
PARAMETRIC_REPRESENTATION_CONTEXT() REPRESENTATION_CONTEXT('2D SPACE',''
  ) );
#2889 = PCURVE('',#2890,#2895);
#2890 = PLANE('',#2891);
#2891 = AXIS2_PLACEMENT_3D('',#2892,#2893,#2894);
#2892 = CARTESIAN_POINT('',(0.,28.,80.));
#2893 = DIRECTION('',(-0.,-0.,1.));
#2894 = DIRECTION('',(-1.,0.,-0.));
#2895 = DEFINITIONAL_REPRESENTATION('',(#2896),#2900);
#2896 = LINE('',#2897,#2898);
#2897 = CARTESIAN_POINT('',(74.,44.));
#2898 = VECTOR('',#2899,1.);
#2899 = DIRECTION('',(-0.,-1.));
#2900 = ( GEOMETRIC_REPRESENTATION_CONTEXT(2) 
PARAMETRIC_REPRESENTATION_CONTEXT() REPRESENTATION_CONTEXT('2D SPACE',''
  ) );
#2901 = ORIENTED_EDGE('',*,*,#2902,.T.);
#2902 = EDGE_CURVE('',#2875,#2903,#2905,.T.);
#2903 = VERTEX_POINT('',#2904);
#2904 = CARTESIAN_POINT('',(-74.,-12.,88.));
#2905 = SURFACE_CURVE('',#2906,(#2910,#2917),.PCURVE_S1.);
#2906 = LINE('',#2907,#2908);
#2907 = CARTESIAN_POINT('',(-74.,-12.,80.));
#2908 = VECTOR('',#2909,1.);
#2909 = DIRECTION('',(-0.,-0.,1.));
#2910 = PCURVE('',#425,#2911);
#2911 = DEFINITIONAL_REPRESENTATION('',(#2912),#2916);
#2912 = LINE('',#2913,#2914);
#2913 = CARTESIAN_POINT('',(-0.,-4.));
#2914 = VECTOR('',#2915,1.);
#2915 = DIRECTION('',(1.,-0.));
#2916 = ( GEOMETRIC_REPRESENTATION_CONTEXT(2) 
PARAMETRIC_REPRESENTATION_CONTEXT() REPRESENTATION_CONTEXT('2D SPACE',''
  ) );
#2917 = PCURVE('',#364,#2918);
#2918 = DEFINITIONAL_REPRESENTATION('',(#2919),#2923);
#2919 = LINE('',#2920,#2921);
#2920 = CARTESIAN_POINT('',(-1.570796326795,0.));
#2921 = VECTOR('',#2922,1.);
#2922 = DIRECTION('',(-0.,1.));
#2923 = ( GEOMETRIC_REPRESENTATION_CONTEXT(2) 
PARAMETRIC_REPRESENTATION_CONTEXT() REPRESENTATION_CONTEXT('2D SPACE',''
  ) );
#2924 = ORIENTED_EDGE('',*,*,#2925,.T.);
#2925 = EDGE_CURVE('',#2903,#2926,#2928,.T.);
#2926 = VERTEX_POINT('',#2927);
#2927 = CARTESIAN_POINT('',(-74.,68.,88.));
#2928 = SURFACE_CURVE('',#2929,(#2933,#2940),.PCURVE_S1.);
#2929 = LINE('',#2930,#2931);
#2930 = CARTESIAN_POINT('',(-74.,-16.,88.));
#2931 = VECTOR('',#2932,1.);
#2932 = DIRECTION('',(-0.,1.,-0.));
#2933 = PCURVE('',#425,#2934);
#2934 = DEFINITIONAL_REPRESENTATION('',(#2935),#2939);
#2935 = LINE('',#2936,#2937);
#2936 = CARTESIAN_POINT('',(8.,-0.));
#2937 = VECTOR('',#2938,1.);
#2938 = DIRECTION('',(-0.,-1.));
#2939 = ( GEOMETRIC_REPRESENTATION_CONTEXT(2) 
PARAMETRIC_REPRESENTATION_CONTEXT() REPRESENTATION_CONTEXT('2D SPACE',''
  ) );
#2940 = PCURVE('',#336,#2941);
#2941 = DEFINITIONAL_REPRESENTATION('',(#2942),#2946);
#2942 = LINE('',#2943,#2944);
#2943 = CARTESIAN_POINT('',(74.,44.));
#2944 = VECTOR('',#2945,1.);
#2945 = DIRECTION('',(-0.,-1.));
#2946 = ( GEOMETRIC_REPRESENTATION_CONTEXT(2) 
PARAMETRIC_REPRESENTATION_CONTEXT() REPRESENTATION_CONTEXT('2D SPACE',''
  ) );
#2947 = ORIENTED_EDGE('',*,*,#2948,.F.);
#2948 = EDGE_CURVE('',#2949,#2926,#2951,.T.);
#2949 = VERTEX_POINT('',#2950);
#2950 = CARTESIAN_POINT('',(-74.,68.,80.));
#2951 = SURFACE_CURVE('',#2952,(#2956,#2963),.PCURVE_S1.);
#2952 = LINE('',#2953,#2954);
#2953 = CARTESIAN_POINT('',(-74.,68.,80.));
#2954 = VECTOR('',#2955,1.);
#2955 = DIRECTION('',(-0.,-0.,1.));
#2956 = PCURVE('',#425,#2957);
#2957 = DEFINITIONAL_REPRESENTATION('',(#2958),#2962);
#2958 = LINE('',#2959,#2960);
#2959 = CARTESIAN_POINT('',(-0.,-84.));
#2960 = VECTOR('',#2961,1.);
#2961 = DIRECTION('',(1.,-0.));
#2962 = ( GEOMETRIC_REPRESENTATION_CONTEXT(2) 
PARAMETRIC_REPRESENTATION_CONTEXT() REPRESENTATION_CONTEXT('2D SPACE',''
  ) );
#2963 = PCURVE('',#2964,#2969);
#2964 = CYLINDRICAL_SURFACE('',#2965,4.);
#2965 = AXIS2_PLACEMENT_3D('',#2966,#2967,#2968);
#2966 = CARTESIAN_POINT('',(-70.,68.,80.));
#2967 = DIRECTION('',(-0.,-0.,1.));
#2968 = DIRECTION('',(-0.,1.,0.));
#2969 = DEFINITIONAL_REPRESENTATION('',(#2970),#2974);
#2970 = LINE('',#2971,#2972);
#2971 = CARTESIAN_POINT('',(1.570796326795,0.));
#2972 = VECTOR('',#2973,1.);
#2973 = DIRECTION('',(0.,1.));
#2974 = ( GEOMETRIC_REPRESENTATION_CONTEXT(2) 
PARAMETRIC_REPRESENTATION_CONTEXT() REPRESENTATION_CONTEXT('2D SPACE',''
  ) );
#2975 = ORIENTED_EDGE('',*,*,#2976,.T.);
#2976 = EDGE_CURVE('',#2949,#2977,#2979,.T.);
#2977 = VERTEX_POINT('',#2978);
#2978 = CARTESIAN_POINT('',(-74.,72.,80.));
#2979 = SURFACE_CURVE('',#2980,(#2984,#2991),.PCURVE_S1.);
#2980 = LINE('',#2981,#2982);
#2981 = CARTESIAN_POINT('',(-74.,-8.,80.));
#2982 = VECTOR('',#2983,1.);
#2983 = DIRECTION('',(-0.,1.,-0.));
#2984 = PCURVE('',#425,#2985);
#2985 = DEFINITIONAL_REPRESENTATION('',(#2986),#2990);
#2986 = LINE('',#2987,#2988);
#2987 = CARTESIAN_POINT('',(-0.,-8.));
#2988 = VECTOR('',#2989,1.);
#2989 = DIRECTION('',(-0.,-1.));
#2990 = ( GEOMETRIC_REPRESENTATION_CONTEXT(2) 
PARAMETRIC_REPRESENTATION_CONTEXT() REPRESENTATION_CONTEXT('2D SPACE',''
  ) );
#2991 = PCURVE('',#2992,#2997);
#2992 = PLANE('',#2993);
#2993 = AXIS2_PLACEMENT_3D('',#2994,#2995,#2996);
#2994 = CARTESIAN_POINT('',(-74.,-8.,80.));
#2995 = DIRECTION('',(-0.,-0.,-1.));
#2996 = DIRECTION('',(-0.,-1.,0.));
#2997 = DEFINITIONAL_REPRESENTATION('',(#2998),#3002);
#2998 = LINE('',#2999,#3000);
#2999 = CARTESIAN_POINT('',(-0.,0.));
#3000 = VECTOR('',#3001,1.);
#3001 = DIRECTION('',(-1.,0.));
#3002 = ( GEOMETRIC_REPRESENTATION_CONTEXT(2) 
PARAMETRIC_REPRESENTATION_CONTEXT() REPRESENTATION_CONTEXT('2D SPACE',''
  ) );
#3003 = ORIENTED_EDGE('',*,*,#3004,.T.);
#3004 = EDGE_CURVE('',#2977,#3005,#3007,.T.);
#3005 = VERTEX_POINT('',#3006);
#3006 = CARTESIAN_POINT('',(-74.,-8.,0.));
#3007 = SURFACE_CURVE('',#3008,(#3012,#3019),.PCURVE_S1.);
#3008 = LINE('',#3009,#3010);
#3009 = CARTESIAN_POINT('',(-74.,72.,80.));
#3010 = VECTOR('',#3011,1.);
#3011 = DIRECTION('',(-0.,-0.707106781187,-0.707106781187));
#3012 = PCURVE('',#425,#3013);
#3013 = DEFINITIONAL_REPRESENTATION('',(#3014),#3018);
#3014 = LINE('',#3015,#3016);
#3015 = CARTESIAN_POINT('',(-0.,-88.));
#3016 = VECTOR('',#3017,1.);
#3017 = DIRECTION('',(-0.707106781187,0.707106781187));
#3018 = ( GEOMETRIC_REPRESENTATION_CONTEXT(2) 
PARAMETRIC_REPRESENTATION_CONTEXT() REPRESENTATION_CONTEXT('2D SPACE',''
  ) );
#3019 = PCURVE('',#3020,#3025);
#3020 = PLANE('',#3021);
#3021 = AXIS2_PLACEMENT_3D('',#3022,#3023,#3024);
#3022 = CARTESIAN_POINT('',(-74.,72.,80.));
#3023 = DIRECTION('',(-0.,-0.707106781187,0.707106781187));
#3024 = DIRECTION('',(0.,0.707106781187,0.707106781187));
#3025 = DEFINITIONAL_REPRESENTATION('',(#3026),#3030);
#3026 = LINE('',#3027,#3028);
#3027 = CARTESIAN_POINT('',(0.,-0.));
#3028 = VECTOR('',#3029,1.);
#3029 = DIRECTION('',(-1.,0.));
#3030 = ( GEOMETRIC_REPRESENTATION_CONTEXT(2) 
PARAMETRIC_REPRESENTATION_CONTEXT() REPRESENTATION_CONTEXT('2D SPACE',''
  ) );
#3031 = ORIENTED_EDGE('',*,*,#3032,.T.);
#3032 = EDGE_CURVE('',#3005,#2717,#3033,.T.);
#3033 = SURFACE_CURVE('',#3034,(#3038,#3045),.PCURVE_S1.);
#3034 = LINE('',#3035,#3036);
#3035 = CARTESIAN_POINT('',(-74.,-8.,0.));
#3036 = VECTOR('',#3037,1.);
#3037 = DIRECTION('',(-0.,-0.,1.));
#3038 = PCURVE('',#425,#3039);
#3039 = DEFINITIONAL_REPRESENTATION('',(#3040),#3044);
#3040 = LINE('',#3041,#3042);
#3041 = CARTESIAN_POINT('',(-80.,-8.));
#3042 = VECTOR('',#3043,1.);
#3043 = DIRECTION('',(1.,-0.));
#3044 = ( GEOMETRIC_REPRESENTATION_CONTEXT(2) 
PARAMETRIC_REPRESENTATION_CONTEXT() REPRESENTATION_CONTEXT('2D SPACE',''
  ) );
#3045 = PCURVE('',#2316,#3046);
#3046 = DEFINITIONAL_REPRESENTATION('',(#3047),#3051);
#3047 = LINE('',#3048,#3049);
#3048 = CARTESIAN_POINT('',(-0.,-0.));
#3049 = VECTOR('',#3050,1.);
#3050 = DIRECTION('',(-1.,0.));
#3051 = ( GEOMETRIC_REPRESENTATION_CONTEXT(2) 
PARAMETRIC_REPRESENTATION_CONTEXT() REPRESENTATION_CONTEXT('2D SPACE',''
  ) );
#3052 = ORIENTED_EDGE('',*,*,#2744,.F.);
#3053 = FACE_BOUND('',#3054,.T.);
#3054 = EDGE_LOOP('',(#3055,#3090,#3118,#3151,#3179,#3212));
#3055 = ORIENTED_EDGE('',*,*,#3056,.F.);
#3056 = EDGE_CURVE('',#3057,#3059,#3061,.T.);
#3057 = VERTEX_POINT('',#3058);
#3058 = CARTESIAN_POINT('',(-74.,6.,62.));
#3059 = VERTEX_POINT('',#3060);
#3060 = CARTESIAN_POINT('',(-74.,10.,66.));
#3061 = SURFACE_CURVE('',#3062,(#3067,#3078),.PCURVE_S1.);
#3062 = CIRCLE('',#3063,4.);
#3063 = AXIS2_PLACEMENT_3D('',#3064,#3065,#3066);
#3064 = CARTESIAN_POINT('',(-74.,10.,62.));
#3065 = DIRECTION('',(-1.,0.,0.));
#3066 = DIRECTION('',(-0.,-1.,-0.));
#3067 = PCURVE('',#425,#3068);
#3068 = DEFINITIONAL_REPRESENTATION('',(#3069),#3077);
#3069 = ( BOUNDED_CURVE() B_SPLINE_CURVE(2,(#3070,#3071,#3072,#3073,
#3074,#3075,#3076),.UNSPECIFIED.,.T.,.F.) B_SPLINE_CURVE_WITH_KNOTS((1,2
    ,2,2,2,1),(-2.094395102393,0.,2.094395102393,4.188790204786,
6.28318530718,8.377580409573),.UNSPECIFIED.) CURVE() 
GEOMETRIC_REPRESENTATION_ITEM() RATIONAL_B_SPLINE_CURVE((1.,0.5,1.,0.5,
1.,0.5,1.)) REPRESENTATION_ITEM('') );
#3070 = CARTESIAN_POINT('',(-18.,-22.));
#3071 = CARTESIAN_POINT('',(-11.07179676972,-22.));
#3072 = CARTESIAN_POINT('',(-14.53589838486,-28.));
#3073 = CARTESIAN_POINT('',(-18.,-34.));
#3074 = CARTESIAN_POINT('',(-21.46410161513,-28.));
#3075 = CARTESIAN_POINT('',(-24.92820323027,-22.));
#3076 = CARTESIAN_POINT('',(-18.,-22.));
#3077 = ( GEOMETRIC_REPRESENTATION_CONTEXT(2) 
PARAMETRIC_REPRESENTATION_CONTEXT() REPRESENTATION_CONTEXT('2D SPACE',''
  ) );
#3078 = PCURVE('',#3079,#3084);
#3079 = CYLINDRICAL_SURFACE('',#3080,4.);
#3080 = AXIS2_PLACEMENT_3D('',#3081,#3082,#3083);
#3081 = CARTESIAN_POINT('',(-75.,10.,62.));
#3082 = DIRECTION('',(1.,-0.,-0.));
#3083 = DIRECTION('',(-0.,-1.,0.));
#3084 = DEFINITIONAL_REPRESENTATION('',(#3085),#3089);
#3085 = LINE('',#3086,#3087);
#3086 = CARTESIAN_POINT('',(-0.,1.));
#3087 = VECTOR('',#3088,1.);
#3088 = DIRECTION('',(-1.,0.));
#3089 = ( GEOMETRIC_REPRESENTATION_CONTEXT(2) 
PARAMETRIC_REPRESENTATION_CONTEXT() REPRESENTATION_CONTEXT('2D SPACE',''
  ) );
#3090 = ORIENTED_EDGE('',*,*,#3091,.T.);
#3091 = EDGE_CURVE('',#3057,#3092,#3094,.T.);
#3092 = VERTEX_POINT('',#3093);
#3093 = CARTESIAN_POINT('',(-74.,6.,43.656854249492));
#3094 = SURFACE_CURVE('',#3095,(#3099,#3106),.PCURVE_S1.);
#3095 = LINE('',#3096,#3097);
#3096 = CARTESIAN_POINT('',(-74.,6.,57.));
#3097 = VECTOR('',#3098,1.);
#3098 = DIRECTION('',(-0.,-0.,-1.));
#3099 = PCURVE('',#425,#3100);
#3100 = DEFINITIONAL_REPRESENTATION('',(#3101),#3105);
#3101 = LINE('',#3102,#3103);
#3102 = CARTESIAN_POINT('',(-23.,-22.));
#3103 = VECTOR('',#3104,1.);
#3104 = DIRECTION('',(-1.,0.));
#3105 = ( GEOMETRIC_REPRESENTATION_CONTEXT(2) 
PARAMETRIC_REPRESENTATION_CONTEXT() REPRESENTATION_CONTEXT('2D SPACE',''
  ) );
#3106 = PCURVE('',#3107,#3112);
#3107 = PLANE('',#3108);
#3108 = AXIS2_PLACEMENT_3D('',#3109,#3110,#3111);
#3109 = CARTESIAN_POINT('',(-75.,6.,34.));
#3110 = DIRECTION('',(-0.,1.,-0.));
#3111 = DIRECTION('',(0.,-0.,-1.));
#3112 = DEFINITIONAL_REPRESENTATION('',(#3113),#3117);
#3113 = LINE('',#3114,#3115);
#3114 = CARTESIAN_POINT('',(-23.,-1.));
#3115 = VECTOR('',#3116,1.);
#3116 = DIRECTION('',(1.,-0.));
#3117 = ( GEOMETRIC_REPRESENTATION_CONTEXT(2) 
PARAMETRIC_REPRESENTATION_CONTEXT() REPRESENTATION_CONTEXT('2D SPACE',''
  ) );
#3118 = ORIENTED_EDGE('',*,*,#3119,.F.);
#3119 = EDGE_CURVE('',#3120,#3092,#3122,.T.);
#3120 = VERTEX_POINT('',#3121);
#3121 = CARTESIAN_POINT('',(-74.,12.828427124746,40.828427124746));
#3122 = SURFACE_CURVE('',#3123,(#3128,#3139),.PCURVE_S1.);
#3123 = CIRCLE('',#3124,4.);
#3124 = AXIS2_PLACEMENT_3D('',#3125,#3126,#3127);
#3125 = CARTESIAN_POINT('',(-74.,10.,43.656854249492));
#3126 = DIRECTION('',(-1.,0.,0.));
#3127 = DIRECTION('',(-0.,-1.,-0.));
#3128 = PCURVE('',#425,#3129);
#3129 = DEFINITIONAL_REPRESENTATION('',(#3130),#3138);
#3130 = ( BOUNDED_CURVE() B_SPLINE_CURVE(2,(#3131,#3132,#3133,#3134,
#3135,#3136,#3137),.UNSPECIFIED.,.T.,.F.) B_SPLINE_CURVE_WITH_KNOTS((1,2
    ,2,2,2,1),(-2.094395102393,0.,2.094395102393,4.188790204786,
6.28318530718,8.377580409573),.UNSPECIFIED.) CURVE() 
GEOMETRIC_REPRESENTATION_ITEM() RATIONAL_B_SPLINE_CURVE((1.,0.5,1.,0.5,
1.,0.5,1.)) REPRESENTATION_ITEM('') );
#3131 = CARTESIAN_POINT('',(-36.3431457505,-22.));
#3132 = CARTESIAN_POINT('',(-29.41494252023,-22.));
#3133 = CARTESIAN_POINT('',(-32.87904413537,-28.));
#3134 = CARTESIAN_POINT('',(-36.3431457505,-34.));
#3135 = CARTESIAN_POINT('',(-39.80724736564,-28.));
#3136 = CARTESIAN_POINT('',(-43.27134898078,-22.));
#3137 = CARTESIAN_POINT('',(-36.3431457505,-22.));
#3138 = ( GEOMETRIC_REPRESENTATION_CONTEXT(2) 
PARAMETRIC_REPRESENTATION_CONTEXT() REPRESENTATION_CONTEXT('2D SPACE',''
  ) );
#3139 = PCURVE('',#3140,#3145);
#3140 = CYLINDRICAL_SURFACE('',#3141,4.);
#3141 = AXIS2_PLACEMENT_3D('',#3142,#3143,#3144);
#3142 = CARTESIAN_POINT('',(-75.,10.,43.656854249492));
#3143 = DIRECTION('',(1.,-0.,-0.));
#3144 = DIRECTION('',(-0.,-1.,0.));
#3145 = DEFINITIONAL_REPRESENTATION('',(#3146),#3150);
#3146 = LINE('',#3147,#3148);
#3147 = CARTESIAN_POINT('',(6.28318530718,1.));
#3148 = VECTOR('',#3149,1.);
#3149 = DIRECTION('',(-1.,0.));
#3150 = ( GEOMETRIC_REPRESENTATION_CONTEXT(2) 
PARAMETRIC_REPRESENTATION_CONTEXT() REPRESENTATION_CONTEXT('2D SPACE',''
  ) );
#3151 = ORIENTED_EDGE('',*,*,#3152,.T.);
#3152 = EDGE_CURVE('',#3120,#3153,#3155,.T.);
#3153 = VERTEX_POINT('',#3154);
#3154 = CARTESIAN_POINT('',(-74.,31.171572875254,59.171572875254));
#3155 = SURFACE_CURVE('',#3156,(#3160,#3167),.PCURVE_S1.);
#3156 = LINE('',#3157,#3158);
#3157 = CARTESIAN_POINT('',(-74.,28.,56.));
#3158 = VECTOR('',#3159,1.);
#3159 = DIRECTION('',(-0.,0.707106781187,0.707106781187));
#3160 = PCURVE('',#425,#3161);
#3161 = DEFINITIONAL_REPRESENTATION('',(#3162),#3166);
#3162 = LINE('',#3163,#3164);
#3163 = CARTESIAN_POINT('',(-24.,-44.));
#3164 = VECTOR('',#3165,1.);
#3165 = DIRECTION('',(0.707106781187,-0.707106781187));
#3166 = ( GEOMETRIC_REPRESENTATION_CONTEXT(2) 
PARAMETRIC_REPRESENTATION_CONTEXT() REPRESENTATION_CONTEXT('2D SPACE',''
  ) );
#3167 = PCURVE('',#3168,#3173);
#3168 = PLANE('',#3169);
#3169 = AXIS2_PLACEMENT_3D('',#3170,#3171,#3172);
#3170 = CARTESIAN_POINT('',(-75.,38.,66.));
#3171 = DIRECTION('',(-0.,-0.707106781187,0.707106781187));
#3172 = DIRECTION('',(0.,0.707106781187,0.707106781187));
#3173 = DEFINITIONAL_REPRESENTATION('',(#3174),#3178);
#3174 = LINE('',#3175,#3176);
#3175 = CARTESIAN_POINT('',(-14.14213562373,-1.));
#3176 = VECTOR('',#3177,1.);
#3177 = DIRECTION('',(1.,-0.));
#3178 = ( GEOMETRIC_REPRESENTATION_CONTEXT(2) 
PARAMETRIC_REPRESENTATION_CONTEXT() REPRESENTATION_CONTEXT('2D SPACE',''
  ) );
#3179 = ORIENTED_EDGE('',*,*,#3180,.F.);
#3180 = EDGE_CURVE('',#3181,#3153,#3183,.T.);
#3181 = VERTEX_POINT('',#3182);
#3182 = CARTESIAN_POINT('',(-74.,28.343145750508,66.));
#3183 = SURFACE_CURVE('',#3184,(#3189,#3200),.PCURVE_S1.);
#3184 = CIRCLE('',#3185,4.);
#3185 = AXIS2_PLACEMENT_3D('',#3186,#3187,#3188);
#3186 = CARTESIAN_POINT('',(-74.,28.343145750508,62.));
#3187 = DIRECTION('',(-1.,0.,0.));
#3188 = DIRECTION('',(0.,-0.,1.));
#3189 = PCURVE('',#425,#3190);
#3190 = DEFINITIONAL_REPRESENTATION('',(#3191),#3199);
#3191 = ( BOUNDED_CURVE() B_SPLINE_CURVE(2,(#3192,#3193,#3194,#3195,
#3196,#3197,#3198),.UNSPECIFIED.,.T.,.F.) B_SPLINE_CURVE_WITH_KNOTS((1,2
    ,2,2,2,1),(-2.094395102393,0.,2.094395102393,4.188790204786,
6.28318530718,8.377580409573),.UNSPECIFIED.) CURVE() 
GEOMETRIC_REPRESENTATION_ITEM() RATIONAL_B_SPLINE_CURVE((1.,0.5,1.,0.5,
1.,0.5,1.)) REPRESENTATION_ITEM('') );
#3192 = CARTESIAN_POINT('',(-14.,-44.3431457505));
#3193 = CARTESIAN_POINT('',(-14.,-51.27134898078));
#3194 = CARTESIAN_POINT('',(-20.,-47.80724736564));
#3195 = CARTESIAN_POINT('',(-26.,-44.3431457505));
#3196 = CARTESIAN_POINT('',(-20.,-40.87904413537));
#3197 = CARTESIAN_POINT('',(-14.,-37.41494252023));
#3198 = CARTESIAN_POINT('',(-14.,-44.3431457505));
#3199 = ( GEOMETRIC_REPRESENTATION_CONTEXT(2) 
PARAMETRIC_REPRESENTATION_CONTEXT() REPRESENTATION_CONTEXT('2D SPACE',''
  ) );
#3200 = PCURVE('',#3201,#3206);
#3201 = CYLINDRICAL_SURFACE('',#3202,4.);
#3202 = AXIS2_PLACEMENT_3D('',#3203,#3204,#3205);
#3203 = CARTESIAN_POINT('',(-75.,28.343145750508,62.));
#3204 = DIRECTION('',(1.,-0.,-0.));
#3205 = DIRECTION('',(0.,-0.,1.));
#3206 = DEFINITIONAL_REPRESENTATION('',(#3207),#3211);
#3207 = LINE('',#3208,#3209);
#3208 = CARTESIAN_POINT('',(-0.,1.));
#3209 = VECTOR('',#3210,1.);
#3210 = DIRECTION('',(-1.,0.));
#3211 = ( GEOMETRIC_REPRESENTATION_CONTEXT(2) 
PARAMETRIC_REPRESENTATION_CONTEXT() REPRESENTATION_CONTEXT('2D SPACE',''
  ) );
#3212 = ORIENTED_EDGE('',*,*,#3213,.T.);
#3213 = EDGE_CURVE('',#3181,#3059,#3214,.T.);
#3214 = SURFACE_CURVE('',#3215,(#3219,#3226),.PCURVE_S1.);
#3215 = LINE('',#3216,#3217);
#3216 = CARTESIAN_POINT('',(-74.,-5.,66.));
#3217 = VECTOR('',#3218,1.);
#3218 = DIRECTION('',(-0.,-1.,-0.));
#3219 = PCURVE('',#425,#3220);
#3220 = DEFINITIONAL_REPRESENTATION('',(#3221),#3225);
#3221 = LINE('',#3222,#3223);
#3222 = CARTESIAN_POINT('',(-14.,-11.));
#3223 = VECTOR('',#3224,1.);
#3224 = DIRECTION('',(-0.,1.));
#3225 = ( GEOMETRIC_REPRESENTATION_CONTEXT(2) 
PARAMETRIC_REPRESENTATION_CONTEXT() REPRESENTATION_CONTEXT('2D SPACE',''
  ) );
#3226 = PCURVE('',#3227,#3232);
#3227 = PLANE('',#3228);
#3228 = AXIS2_PLACEMENT_3D('',#3229,#3230,#3231);
#3229 = CARTESIAN_POINT('',(-75.,6.,66.));
#3230 = DIRECTION('',(-0.,-0.,-1.));
#3231 = DIRECTION('',(-0.,-1.,0.));
#3232 = DEFINITIONAL_REPRESENTATION('',(#3233),#3237);
#3233 = LINE('',#3234,#3235);
#3234 = CARTESIAN_POINT('',(11.,-1.));
#3235 = VECTOR('',#3236,1.);
#3236 = DIRECTION('',(1.,-0.));
#3237 = ( GEOMETRIC_REPRESENTATION_CONTEXT(2) 
PARAMETRIC_REPRESENTATION_CONTEXT() REPRESENTATION_CONTEXT('2D SPACE',''
  ) );
#3238 = ADVANCED_FACE('',(#3239),#308,.T.);
#3239 = FACE_BOUND('',#3240,.F.);
#3240 = EDGE_LOOP('',(#3241,#3267,#3268,#3294));
#3241 = ORIENTED_EDGE('',*,*,#3242,.T.);
#3242 = EDGE_CURVE('',#2439,#260,#3243,.T.);
#3243 = SURFACE_CURVE('',#3244,(#3249,#3256),.PCURVE_S1.);
#3244 = CIRCLE('',#3245,4.);
#3245 = AXIS2_PLACEMENT_3D('',#3246,#3247,#3248);
#3246 = CARTESIAN_POINT('',(70.,-12.,80.));
#3247 = DIRECTION('',(0.,-0.,-1.));
#3248 = DIRECTION('',(0.,1.,-0.));
#3249 = PCURVE('',#308,#3250);
#3250 = DEFINITIONAL_REPRESENTATION('',(#3251),#3255);
#3251 = LINE('',#3252,#3253);
#3252 = CARTESIAN_POINT('',(1.570796326795,-0.));
#3253 = VECTOR('',#3254,1.);
#3254 = DIRECTION('',(-1.,0.));
#3255 = ( GEOMETRIC_REPRESENTATION_CONTEXT(2) 
PARAMETRIC_REPRESENTATION_CONTEXT() REPRESENTATION_CONTEXT('2D SPACE',''
  ) );
#3256 = PCURVE('',#2477,#3257);
#3257 = DEFINITIONAL_REPRESENTATION('',(#3258),#3266);
#3258 = ( BOUNDED_CURVE() B_SPLINE_CURVE(2,(#3259,#3260,#3261,#3262,
#3263,#3264,#3265),.UNSPECIFIED.,.T.,.F.) B_SPLINE_CURVE_WITH_KNOTS((1,2
    ,2,2,2,1),(-2.094395102393,0.,2.094395102393,4.188790204786,
6.28318530718,8.377580409573),.UNSPECIFIED.) CURVE() 
GEOMETRIC_REPRESENTATION_ITEM() RATIONAL_B_SPLINE_CURVE((1.,0.5,1.,0.5,
1.,0.5,1.)) REPRESENTATION_ITEM('') );
#3259 = CARTESIAN_POINT('',(-70.,36.));
#3260 = CARTESIAN_POINT('',(-76.92820323027,36.));
#3261 = CARTESIAN_POINT('',(-73.46410161513,42.));
#3262 = CARTESIAN_POINT('',(-70.,48.));
#3263 = CARTESIAN_POINT('',(-66.53589838486,42.));
#3264 = CARTESIAN_POINT('',(-63.07179676972,36.));
#3265 = CARTESIAN_POINT('',(-70.,36.));
#3266 = ( GEOMETRIC_REPRESENTATION_CONTEXT(2) 
PARAMETRIC_REPRESENTATION_CONTEXT() REPRESENTATION_CONTEXT('2D SPACE',''
  ) );
#3267 = ORIENTED_EDGE('',*,*,#292,.T.);
#3268 = ORIENTED_EDGE('',*,*,#3269,.F.);
#3269 = EDGE_CURVE('',#2416,#293,#3270,.T.);
#3270 = SURFACE_CURVE('',#3271,(#3276,#3283),.PCURVE_S1.);
#3271 = CIRCLE('',#3272,4.);
#3272 = AXIS2_PLACEMENT_3D('',#3273,#3274,#3275);
#3273 = CARTESIAN_POINT('',(70.,-12.,88.));
#3274 = DIRECTION('',(0.,-0.,-1.));
#3275 = DIRECTION('',(0.,1.,-0.));
#3276 = PCURVE('',#308,#3277);
#3277 = DEFINITIONAL_REPRESENTATION('',(#3278),#3282);
#3278 = LINE('',#3279,#3280);
#3279 = CARTESIAN_POINT('',(1.570796326795,8.));
#3280 = VECTOR('',#3281,1.);
#3281 = DIRECTION('',(-1.,0.));
#3282 = ( GEOMETRIC_REPRESENTATION_CONTEXT(2) 
PARAMETRIC_REPRESENTATION_CONTEXT() REPRESENTATION_CONTEXT('2D SPACE',''
  ) );
#3283 = PCURVE('',#336,#3284);
#3284 = DEFINITIONAL_REPRESENTATION('',(#3285),#3293);
#3285 = ( BOUNDED_CURVE() B_SPLINE_CURVE(2,(#3286,#3287,#3288,#3289,
#3290,#3291,#3292),.UNSPECIFIED.,.T.,.F.) B_SPLINE_CURVE_WITH_KNOTS((1,2
    ,2,2,2,1),(-2.094395102393,0.,2.094395102393,4.188790204786,
6.28318530718,8.377580409573),.UNSPECIFIED.) CURVE() 
GEOMETRIC_REPRESENTATION_ITEM() RATIONAL_B_SPLINE_CURVE((1.,0.5,1.,0.5,
1.,0.5,1.)) REPRESENTATION_ITEM('') );
#3286 = CARTESIAN_POINT('',(-70.,36.));
#3287 = CARTESIAN_POINT('',(-76.92820323027,36.));
#3288 = CARTESIAN_POINT('',(-73.46410161513,42.));
#3289 = CARTESIAN_POINT('',(-70.,48.));
#3290 = CARTESIAN_POINT('',(-66.53589838486,42.));
#3291 = CARTESIAN_POINT('',(-63.07179676972,36.));
#3292 = CARTESIAN_POINT('',(-70.,36.));
#3293 = ( GEOMETRIC_REPRESENTATION_CONTEXT(2) 
PARAMETRIC_REPRESENTATION_CONTEXT() REPRESENTATION_CONTEXT('2D SPACE',''
  ) );
#3294 = ORIENTED_EDGE('',*,*,#2438,.F.);
#3295 = ADVANCED_FACE('',(#3296),#397,.T.);
#3296 = FACE_BOUND('',#3297,.F.);
#3297 = EDGE_LOOP('',(#3298,#3299,#3300,#3328));
#3298 = ORIENTED_EDGE('',*,*,#376,.T.);
#3299 = ORIENTED_EDGE('',*,*,#2823,.T.);
#3300 = ORIENTED_EDGE('',*,*,#3301,.F.);
#3301 = EDGE_CURVE('',#3302,#2824,#3304,.T.);
#3302 = VERTEX_POINT('',#3303);
#3303 = CARTESIAN_POINT('',(-70.,-8.,80.));
#3304 = SURFACE_CURVE('',#3305,(#3310,#3317),.PCURVE_S1.);
#3305 = CIRCLE('',#3306,4.);
#3306 = AXIS2_PLACEMENT_3D('',#3307,#3308,#3309);
#3307 = CARTESIAN_POINT('',(-70.,-8.,76.));
#3308 = DIRECTION('',(0.,-1.,0.));
#3309 = DIRECTION('',(0.,-0.,-1.));
#3310 = PCURVE('',#397,#3311);
#3311 = DEFINITIONAL_REPRESENTATION('',(#3312),#3316);
#3312 = LINE('',#3313,#3314);
#3313 = CARTESIAN_POINT('',(3.14159265359,8.));
#3314 = VECTOR('',#3315,1.);
#3315 = DIRECTION('',(-1.,0.));
#3316 = ( GEOMETRIC_REPRESENTATION_CONTEXT(2) 
PARAMETRIC_REPRESENTATION_CONTEXT() REPRESENTATION_CONTEXT('2D SPACE',''
  ) );
#3317 = PCURVE('',#2862,#3318);
#3318 = DEFINITIONAL_REPRESENTATION('',(#3319),#3327);
#3319 = ( BOUNDED_CURVE() B_SPLINE_CURVE(2,(#3320,#3321,#3322,#3323,
#3324,#3325,#3326),.UNSPECIFIED.,.T.,.F.) B_SPLINE_CURVE_WITH_KNOTS((1,2
    ,2,2,2,1),(-2.094395102393,0.,2.094395102393,4.188790204786,
6.28318530718,8.377580409573),.UNSPECIFIED.) CURVE() 
GEOMETRIC_REPRESENTATION_ITEM() RATIONAL_B_SPLINE_CURVE((1.,0.5,1.,0.5,
1.,0.5,1.)) REPRESENTATION_ITEM('') );
#3320 = CARTESIAN_POINT('',(-72.,-4.));
#3321 = CARTESIAN_POINT('',(-72.,-10.92820323027));
#3322 = CARTESIAN_POINT('',(-78.,-7.464101615138));
#3323 = CARTESIAN_POINT('',(-84.,-4.));
#3324 = CARTESIAN_POINT('',(-78.,-0.535898384862));
#3325 = CARTESIAN_POINT('',(-72.,2.928203230276));
#3326 = CARTESIAN_POINT('',(-72.,-4.));
#3327 = ( GEOMETRIC_REPRESENTATION_CONTEXT(2) 
PARAMETRIC_REPRESENTATION_CONTEXT() REPRESENTATION_CONTEXT('2D SPACE',''
  ) );
#3328 = ORIENTED_EDGE('',*,*,#3329,.F.);
#3329 = EDGE_CURVE('',#349,#3302,#3330,.T.);
#3330 = SURFACE_CURVE('',#3331,(#3335,#3342),.PCURVE_S1.);
#3331 = LINE('',#3332,#3333);
#3332 = CARTESIAN_POINT('',(-70.,-16.,80.));
#3333 = VECTOR('',#3334,1.);
#3334 = DIRECTION('',(-0.,1.,-0.));
#3335 = PCURVE('',#397,#3336);
#3336 = DEFINITIONAL_REPRESENTATION('',(#3337),#3341);
#3337 = LINE('',#3338,#3339);
#3338 = CARTESIAN_POINT('',(-0.,0.));
#3339 = VECTOR('',#3340,1.);
#3340 = DIRECTION('',(-0.,1.));
#3341 = ( GEOMETRIC_REPRESENTATION_CONTEXT(2) 
PARAMETRIC_REPRESENTATION_CONTEXT() REPRESENTATION_CONTEXT('2D SPACE',''
  ) );
#3342 = PCURVE('',#2890,#3343);
#3343 = DEFINITIONAL_REPRESENTATION('',(#3344),#3348);
#3344 = LINE('',#3345,#3346);
#3345 = CARTESIAN_POINT('',(70.,44.));
#3346 = VECTOR('',#3347,1.);
#3347 = DIRECTION('',(-0.,-1.));
#3348 = ( GEOMETRIC_REPRESENTATION_CONTEXT(2) 
PARAMETRIC_REPRESENTATION_CONTEXT() REPRESENTATION_CONTEXT('2D SPACE',''
  ) );
#3349 = ADVANCED_FACE('',(#3350,#3460,#3491,#3522,#3553,#3799),#336,.T.
  );
#3350 = FACE_BOUND('',#3351,.F.);
#3351 = EDGE_LOOP('',(#3352,#3382,#3408,#3409,#3410,#3411,#3437,#3438));
#3352 = ORIENTED_EDGE('',*,*,#3353,.T.);
#3353 = EDGE_CURVE('',#3354,#3356,#3358,.T.);
#3354 = VERTEX_POINT('',#3355);
#3355 = CARTESIAN_POINT('',(-70.,72.,88.));
#3356 = VERTEX_POINT('',#3357);
#3357 = CARTESIAN_POINT('',(70.,72.,88.));
#3358 = SURFACE_CURVE('',#3359,(#3363,#3370),.PCURVE_S1.);
#3359 = LINE('',#3360,#3361);
#3360 = CARTESIAN_POINT('',(-74.,72.,88.));
#3361 = VECTOR('',#3362,1.);
#3362 = DIRECTION('',(1.,-0.,-0.));
#3363 = PCURVE('',#336,#3364);
#3364 = DEFINITIONAL_REPRESENTATION('',(#3365),#3369);
#3365 = LINE('',#3366,#3367);
#3366 = CARTESIAN_POINT('',(74.,-44.));
#3367 = VECTOR('',#3368,1.);
#3368 = DIRECTION('',(-1.,0.));
#3369 = ( GEOMETRIC_REPRESENTATION_CONTEXT(2) 
PARAMETRIC_REPRESENTATION_CONTEXT() REPRESENTATION_CONTEXT('2D SPACE',''
  ) );
#3370 = PCURVE('',#3371,#3376);
#3371 = PLANE('',#3372);
#3372 = AXIS2_PLACEMENT_3D('',#3373,#3374,#3375);
#3373 = CARTESIAN_POINT('',(-74.,72.,80.));
#3374 = DIRECTION('',(-0.,-1.,-0.));
#3375 = DIRECTION('',(-1.,0.,-0.));
#3376 = DEFINITIONAL_REPRESENTATION('',(#3377),#3381);
#3377 = LINE('',#3378,#3379);
#3378 = CARTESIAN_POINT('',(-0.,-8.));
#3379 = VECTOR('',#3380,1.);
#3380 = DIRECTION('',(-1.,0.));
#3381 = ( GEOMETRIC_REPRESENTATION_CONTEXT(2) 
PARAMETRIC_REPRESENTATION_CONTEXT() REPRESENTATION_CONTEXT('2D SPACE',''
  ) );
#3382 = ORIENTED_EDGE('',*,*,#3383,.T.);
#3383 = EDGE_CURVE('',#3356,#2388,#3384,.T.);
#3384 = SURFACE_CURVE('',#3385,(#3390,#3401),.PCURVE_S1.);
#3385 = CIRCLE('',#3386,4.);
#3386 = AXIS2_PLACEMENT_3D('',#3387,#3388,#3389);
#3387 = CARTESIAN_POINT('',(70.,68.,88.));
#3388 = DIRECTION('',(0.,-0.,-1.));
#3389 = DIRECTION('',(0.,1.,-0.));
#3390 = PCURVE('',#336,#3391);
#3391 = DEFINITIONAL_REPRESENTATION('',(#3392),#3400);
#3392 = ( BOUNDED_CURVE() B_SPLINE_CURVE(2,(#3393,#3394,#3395,#3396,
#3397,#3398,#3399),.UNSPECIFIED.,.T.,.F.) B_SPLINE_CURVE_WITH_KNOTS((1,2
    ,2,2,2,1),(-2.094395102393,0.,2.094395102393,4.188790204786,
6.28318530718,8.377580409573),.UNSPECIFIED.) CURVE() 
GEOMETRIC_REPRESENTATION_ITEM() RATIONAL_B_SPLINE_CURVE((1.,0.5,1.,0.5,
1.,0.5,1.)) REPRESENTATION_ITEM('') );
#3393 = CARTESIAN_POINT('',(-70.,-44.));
#3394 = CARTESIAN_POINT('',(-76.92820323027,-44.));
#3395 = CARTESIAN_POINT('',(-73.46410161513,-38.));
#3396 = CARTESIAN_POINT('',(-70.,-32.));
#3397 = CARTESIAN_POINT('',(-66.53589838486,-38.));
#3398 = CARTESIAN_POINT('',(-63.07179676972,-44.));
#3399 = CARTESIAN_POINT('',(-70.,-44.));
#3400 = ( GEOMETRIC_REPRESENTATION_CONTEXT(2) 
PARAMETRIC_REPRESENTATION_CONTEXT() REPRESENTATION_CONTEXT('2D SPACE',''
  ) );
#3401 = PCURVE('',#2403,#3402);
#3402 = DEFINITIONAL_REPRESENTATION('',(#3403),#3407);
#3403 = LINE('',#3404,#3405);
#3404 = CARTESIAN_POINT('',(-0.,8.));
#3405 = VECTOR('',#3406,1.);
#3406 = DIRECTION('',(-1.,0.));
#3407 = ( GEOMETRIC_REPRESENTATION_CONTEXT(2) 
PARAMETRIC_REPRESENTATION_CONTEXT() REPRESENTATION_CONTEXT('2D SPACE',''
  ) );
#3408 = ORIENTED_EDGE('',*,*,#2415,.T.);
#3409 = ORIENTED_EDGE('',*,*,#3269,.T.);
#3410 = ORIENTED_EDGE('',*,*,#320,.T.);
#3411 = ORIENTED_EDGE('',*,*,#3412,.T.);
#3412 = EDGE_CURVE('',#321,#2903,#3413,.T.);
#3413 = SURFACE_CURVE('',#3414,(#3419,#3430),.PCURVE_S1.);
#3414 = CIRCLE('',#3415,4.);
#3415 = AXIS2_PLACEMENT_3D('',#3416,#3417,#3418);
#3416 = CARTESIAN_POINT('',(-70.,-12.,88.));
#3417 = DIRECTION('',(0.,-0.,-1.));
#3418 = DIRECTION('',(0.,1.,-0.));
#3419 = PCURVE('',#336,#3420);
#3420 = DEFINITIONAL_REPRESENTATION('',(#3421),#3429);
#3421 = ( BOUNDED_CURVE() B_SPLINE_CURVE(2,(#3422,#3423,#3424,#3425,
#3426,#3427,#3428),.UNSPECIFIED.,.T.,.F.) B_SPLINE_CURVE_WITH_KNOTS((1,2
    ,2,2,2,1),(-2.094395102393,0.,2.094395102393,4.188790204786,
6.28318530718,8.377580409573),.UNSPECIFIED.) CURVE() 
GEOMETRIC_REPRESENTATION_ITEM() RATIONAL_B_SPLINE_CURVE((1.,0.5,1.,0.5,
1.,0.5,1.)) REPRESENTATION_ITEM('') );
#3422 = CARTESIAN_POINT('',(70.,36.));
#3423 = CARTESIAN_POINT('',(63.071796769724,36.));
#3424 = CARTESIAN_POINT('',(66.535898384862,42.));
#3425 = CARTESIAN_POINT('',(70.,48.));
#3426 = CARTESIAN_POINT('',(73.464101615138,42.));
#3427 = CARTESIAN_POINT('',(76.928203230276,36.));
#3428 = CARTESIAN_POINT('',(70.,36.));
#3429 = ( GEOMETRIC_REPRESENTATION_CONTEXT(2) 
PARAMETRIC_REPRESENTATION_CONTEXT() REPRESENTATION_CONTEXT('2D SPACE',''
  ) );
#3430 = PCURVE('',#364,#3431);
#3431 = DEFINITIONAL_REPRESENTATION('',(#3432),#3436);
#3432 = LINE('',#3433,#3434);
#3433 = CARTESIAN_POINT('',(3.14159265359,8.));
#3434 = VECTOR('',#3435,1.);
#3435 = DIRECTION('',(-1.,0.));
#3436 = ( GEOMETRIC_REPRESENTATION_CONTEXT(2) 
PARAMETRIC_REPRESENTATION_CONTEXT() REPRESENTATION_CONTEXT('2D SPACE',''
  ) );
#3437 = ORIENTED_EDGE('',*,*,#2925,.T.);
#3438 = ORIENTED_EDGE('',*,*,#3439,.F.);
#3439 = EDGE_CURVE('',#3354,#2926,#3440,.T.);
#3440 = SURFACE_CURVE('',#3441,(#3446,#3453),.PCURVE_S1.);
#3441 = CIRCLE('',#3442,4.);
#3442 = AXIS2_PLACEMENT_3D('',#3443,#3444,#3445);
#3443 = CARTESIAN_POINT('',(-70.,68.,88.));
#3444 = DIRECTION('',(0.,0.,1.));
#3445 = DIRECTION('',(0.,1.,-0.));
#3446 = PCURVE('',#336,#3447);
#3447 = DEFINITIONAL_REPRESENTATION('',(#3448),#3452);
#3448 = CIRCLE('',#3449,4.);
#3449 = AXIS2_PLACEMENT_2D('',#3450,#3451);
#3450 = CARTESIAN_POINT('',(70.,-40.));
#3451 = DIRECTION('',(-0.,-1.));
#3452 = ( GEOMETRIC_REPRESENTATION_CONTEXT(2) 
PARAMETRIC_REPRESENTATION_CONTEXT() REPRESENTATION_CONTEXT('2D SPACE',''
  ) );
#3453 = PCURVE('',#2964,#3454);
#3454 = DEFINITIONAL_REPRESENTATION('',(#3455),#3459);
#3455 = LINE('',#3456,#3457);
#3456 = CARTESIAN_POINT('',(0.,8.));
#3457 = VECTOR('',#3458,1.);
#3458 = DIRECTION('',(1.,0.));
#3459 = ( GEOMETRIC_REPRESENTATION_CONTEXT(2) 
PARAMETRIC_REPRESENTATION_CONTEXT() REPRESENTATION_CONTEXT('2D SPACE',''
  ) );
#3460 = FACE_BOUND('',#3461,.F.);
#3461 = EDGE_LOOP('',(#3462));
#3462 = ORIENTED_EDGE('',*,*,#3463,.T.);
#3463 = EDGE_CURVE('',#3464,#3464,#3466,.T.);
#3464 = VERTEX_POINT('',#3465);
#3465 = CARTESIAN_POINT('',(-41.75,56.,88.));
#3466 = SURFACE_CURVE('',#3467,(#3472,#3479),.PCURVE_S1.);
#3467 = CIRCLE('',#3468,4.25);
#3468 = AXIS2_PLACEMENT_3D('',#3469,#3470,#3471);
#3469 = CARTESIAN_POINT('',(-46.,56.,88.));
#3470 = DIRECTION('',(0.,0.,1.));
#3471 = DIRECTION('',(1.,0.,-0.));
#3472 = PCURVE('',#336,#3473);
#3473 = DEFINITIONAL_REPRESENTATION('',(#3474),#3478);
#3474 = CIRCLE('',#3475,4.25);
#3475 = AXIS2_PLACEMENT_2D('',#3476,#3477);
#3476 = CARTESIAN_POINT('',(46.,-28.));
#3477 = DIRECTION('',(-1.,0.));
#3478 = ( GEOMETRIC_REPRESENTATION_CONTEXT(2) 
PARAMETRIC_REPRESENTATION_CONTEXT() REPRESENTATION_CONTEXT('2D SPACE',''
  ) );
#3479 = PCURVE('',#3480,#3485);
#3480 = CYLINDRICAL_SURFACE('',#3481,4.25);
#3481 = AXIS2_PLACEMENT_3D('',#3482,#3483,#3484);
#3482 = CARTESIAN_POINT('',(-46.,56.,79.));
#3483 = DIRECTION('',(-0.,0.,-1.));
#3484 = DIRECTION('',(1.,0.,-0.));
#3485 = DEFINITIONAL_REPRESENTATION('',(#3486),#3490);
#3486 = LINE('',#3487,#3488);
#3487 = CARTESIAN_POINT('',(6.28318530718,-9.));
#3488 = VECTOR('',#3489,1.);
#3489 = DIRECTION('',(-1.,0.));
#3490 = ( GEOMETRIC_REPRESENTATION_CONTEXT(2) 
PARAMETRIC_REPRESENTATION_CONTEXT() REPRESENTATION_CONTEXT('2D SPACE',''
  ) );
#3491 = FACE_BOUND('',#3492,.F.);
#3492 = EDGE_LOOP('',(#3493));
#3493 = ORIENTED_EDGE('',*,*,#3494,.T.);
#3494 = EDGE_CURVE('',#3495,#3495,#3497,.T.);
#3495 = VERTEX_POINT('',#3496);
#3496 = CARTESIAN_POINT('',(50.25,56.,88.));
#3497 = SURFACE_CURVE('',#3498,(#3503,#3510),.PCURVE_S1.);
#3498 = CIRCLE('',#3499,4.25);
#3499 = AXIS2_PLACEMENT_3D('',#3500,#3501,#3502);
#3500 = CARTESIAN_POINT('',(46.,56.,88.));
#3501 = DIRECTION('',(0.,0.,1.));
#3502 = DIRECTION('',(1.,0.,-0.));
#3503 = PCURVE('',#336,#3504);
#3504 = DEFINITIONAL_REPRESENTATION('',(#3505),#3509);
#3505 = CIRCLE('',#3506,4.25);
#3506 = AXIS2_PLACEMENT_2D('',#3507,#3508);
#3507 = CARTESIAN_POINT('',(-46.,-28.));
#3508 = DIRECTION('',(-1.,0.));
#3509 = ( GEOMETRIC_REPRESENTATION_CONTEXT(2) 
PARAMETRIC_REPRESENTATION_CONTEXT() REPRESENTATION_CONTEXT('2D SPACE',''
  ) );
#3510 = PCURVE('',#3511,#3516);
#3511 = CYLINDRICAL_SURFACE('',#3512,4.25);
#3512 = AXIS2_PLACEMENT_3D('',#3513,#3514,#3515);
#3513 = CARTESIAN_POINT('',(46.,56.,79.));
#3514 = DIRECTION('',(-0.,0.,-1.));
#3515 = DIRECTION('',(1.,0.,-0.));
#3516 = DEFINITIONAL_REPRESENTATION('',(#3517),#3521);
#3517 = LINE('',#3518,#3519);
#3518 = CARTESIAN_POINT('',(6.28318530718,-9.));
#3519 = VECTOR('',#3520,1.);
#3520 = DIRECTION('',(-1.,0.));
#3521 = ( GEOMETRIC_REPRESENTATION_CONTEXT(2) 
PARAMETRIC_REPRESENTATION_CONTEXT() REPRESENTATION_CONTEXT('2D SPACE',''
  ) );
#3522 = FACE_BOUND('',#3523,.F.);
#3523 = EDGE_LOOP('',(#3524));
#3524 = ORIENTED_EDGE('',*,*,#3525,.T.);
#3525 = EDGE_CURVE('',#3526,#3526,#3528,.T.);
#3526 = VERTEX_POINT('',#3527);
#3527 = CARTESIAN_POINT('',(-41.75,14.,88.));
#3528 = SURFACE_CURVE('',#3529,(#3534,#3541),.PCURVE_S1.);
#3529 = CIRCLE('',#3530,4.25);
#3530 = AXIS2_PLACEMENT_3D('',#3531,#3532,#3533);
#3531 = CARTESIAN_POINT('',(-46.,14.,88.));
#3532 = DIRECTION('',(0.,0.,1.));
#3533 = DIRECTION('',(1.,0.,-0.));
#3534 = PCURVE('',#336,#3535);
#3535 = DEFINITIONAL_REPRESENTATION('',(#3536),#3540);
#3536 = CIRCLE('',#3537,4.25);
#3537 = AXIS2_PLACEMENT_2D('',#3538,#3539);
#3538 = CARTESIAN_POINT('',(46.,14.));
#3539 = DIRECTION('',(-1.,0.));
#3540 = ( GEOMETRIC_REPRESENTATION_CONTEXT(2) 
PARAMETRIC_REPRESENTATION_CONTEXT() REPRESENTATION_CONTEXT('2D SPACE',''
  ) );
#3541 = PCURVE('',#3542,#3547);
#3542 = CYLINDRICAL_SURFACE('',#3543,4.25);
#3543 = AXIS2_PLACEMENT_3D('',#3544,#3545,#3546);
#3544 = CARTESIAN_POINT('',(-46.,14.,79.));
#3545 = DIRECTION('',(-0.,0.,-1.));
#3546 = DIRECTION('',(1.,0.,-0.));
#3547 = DEFINITIONAL_REPRESENTATION('',(#3548),#3552);
#3548 = LINE('',#3549,#3550);
#3549 = CARTESIAN_POINT('',(6.28318530718,-9.));
#3550 = VECTOR('',#3551,1.);
#3551 = DIRECTION('',(-1.,0.));
#3552 = ( GEOMETRIC_REPRESENTATION_CONTEXT(2) 
PARAMETRIC_REPRESENTATION_CONTEXT() REPRESENTATION_CONTEXT('2D SPACE',''
  ) );
#3553 = FACE_BOUND('',#3554,.F.);
#3554 = EDGE_LOOP('',(#3555,#3590,#3618,#3651,#3679,#3712,#3740,#3773));
#3555 = ORIENTED_EDGE('',*,*,#3556,.F.);
#3556 = EDGE_CURVE('',#3557,#3559,#3561,.T.);
#3557 = VERTEX_POINT('',#3558);
#3558 = CARTESIAN_POINT('',(29.,57.,88.));
#3559 = VERTEX_POINT('',#3560);
#3560 = CARTESIAN_POINT('',(35.,51.,88.));
#3561 = SURFACE_CURVE('',#3562,(#3567,#3578),.PCURVE_S1.);
#3562 = CIRCLE('',#3563,6.);
#3563 = AXIS2_PLACEMENT_3D('',#3564,#3565,#3566);
#3564 = CARTESIAN_POINT('',(29.,51.,88.));
#3565 = DIRECTION('',(0.,-0.,-1.));
#3566 = DIRECTION('',(0.,1.,-0.));
#3567 = PCURVE('',#336,#3568);
#3568 = DEFINITIONAL_REPRESENTATION('',(#3569),#3577);
#3569 = ( BOUNDED_CURVE() B_SPLINE_CURVE(2,(#3570,#3571,#3572,#3573,
#3574,#3575,#3576),.UNSPECIFIED.,.T.,.F.) B_SPLINE_CURVE_WITH_KNOTS((1,2
    ,2,2,2,1),(-2.094395102393,0.,2.094395102393,4.188790204786,
6.28318530718,8.377580409573),.UNSPECIFIED.) CURVE() 
GEOMETRIC_REPRESENTATION_ITEM() RATIONAL_B_SPLINE_CURVE((1.,0.5,1.,0.5,
1.,0.5,1.)) REPRESENTATION_ITEM('') );
#3570 = CARTESIAN_POINT('',(-29.,-29.));
#3571 = CARTESIAN_POINT('',(-39.39230484541,-29.));
#3572 = CARTESIAN_POINT('',(-34.1961524227,-20.));
#3573 = CARTESIAN_POINT('',(-29.,-11.));
#3574 = CARTESIAN_POINT('',(-23.80384757729,-20.));
#3575 = CARTESIAN_POINT('',(-18.60769515458,-29.));
#3576 = CARTESIAN_POINT('',(-29.,-29.));
#3577 = ( GEOMETRIC_REPRESENTATION_CONTEXT(2) 
PARAMETRIC_REPRESENTATION_CONTEXT() REPRESENTATION_CONTEXT('2D SPACE',''
  ) );
#3578 = PCURVE('',#3579,#3584);
#3579 = CYLINDRICAL_SURFACE('',#3580,6.);
#3580 = AXIS2_PLACEMENT_3D('',#3581,#3582,#3583);
#3581 = CARTESIAN_POINT('',(29.,51.,79.));
#3582 = DIRECTION('',(-0.,-0.,1.));
#3583 = DIRECTION('',(-0.,1.,0.));
#3584 = DEFINITIONAL_REPRESENTATION('',(#3585),#3589);
#3585 = LINE('',#3586,#3587);
#3586 = CARTESIAN_POINT('',(-0.,9.));
#3587 = VECTOR('',#3588,1.);
#3588 = DIRECTION('',(-1.,0.));
#3589 = ( GEOMETRIC_REPRESENTATION_CONTEXT(2) 
PARAMETRIC_REPRESENTATION_CONTEXT() REPRESENTATION_CONTEXT('2D SPACE',''
  ) );
#3590 = ORIENTED_EDGE('',*,*,#3591,.T.);
#3591 = EDGE_CURVE('',#3557,#3592,#3594,.T.);
#3592 = VERTEX_POINT('',#3593);
#3593 = CARTESIAN_POINT('',(-29.,57.,88.));
#3594 = SURFACE_CURVE('',#3595,(#3599,#3606),.PCURVE_S1.);
#3595 = LINE('',#3596,#3597);
#3596 = CARTESIAN_POINT('',(-17.5,57.,88.));
#3597 = VECTOR('',#3598,1.);
#3598 = DIRECTION('',(-1.,-0.,-0.));
#3599 = PCURVE('',#336,#3600);
#3600 = DEFINITIONAL_REPRESENTATION('',(#3601),#3605);
#3601 = LINE('',#3602,#3603);
#3602 = CARTESIAN_POINT('',(17.5,-29.));
#3603 = VECTOR('',#3604,1.);
#3604 = DIRECTION('',(1.,-0.));
#3605 = ( GEOMETRIC_REPRESENTATION_CONTEXT(2) 
PARAMETRIC_REPRESENTATION_CONTEXT() REPRESENTATION_CONTEXT('2D SPACE',''
  ) );
#3606 = PCURVE('',#3607,#3612);
#3607 = PLANE('',#3608);
#3608 = AXIS2_PLACEMENT_3D('',#3609,#3610,#3611);
#3609 = CARTESIAN_POINT('',(-35.,57.,79.));
#3610 = DIRECTION('',(-0.,-1.,-0.));
#3611 = DIRECTION('',(-1.,0.,-0.));
#3612 = DEFINITIONAL_REPRESENTATION('',(#3613),#3617);
#3613 = LINE('',#3614,#3615);
#3614 = CARTESIAN_POINT('',(-17.5,-9.));
#3615 = VECTOR('',#3616,1.);
#3616 = DIRECTION('',(1.,-0.));
#3617 = ( GEOMETRIC_REPRESENTATION_CONTEXT(2) 
PARAMETRIC_REPRESENTATION_CONTEXT() REPRESENTATION_CONTEXT('2D SPACE',''
  ) );
#3618 = ORIENTED_EDGE('',*,*,#3619,.F.);
#3619 = EDGE_CURVE('',#3620,#3592,#3622,.T.);
#3620 = VERTEX_POINT('',#3621);
#3621 = CARTESIAN_POINT('',(-35.,51.,88.));
#3622 = SURFACE_CURVE('',#3623,(#3628,#3639),.PCURVE_S1.);
#3623 = CIRCLE('',#3624,6.);
#3624 = AXIS2_PLACEMENT_3D('',#3625,#3626,#3627);
#3625 = CARTESIAN_POINT('',(-29.,51.,88.));
#3626 = DIRECTION('',(0.,-0.,-1.));
#3627 = DIRECTION('',(0.,1.,-0.));
#3628 = PCURVE('',#336,#3629);
#3629 = DEFINITIONAL_REPRESENTATION('',(#3630),#3638);
#3630 = ( BOUNDED_CURVE() B_SPLINE_CURVE(2,(#3631,#3632,#3633,#3634,
#3635,#3636,#3637),.UNSPECIFIED.,.T.,.F.) B_SPLINE_CURVE_WITH_KNOTS((1,2
    ,2,2,2,1),(-2.094395102393,0.,2.094395102393,4.188790204786,
6.28318530718,8.377580409573),.UNSPECIFIED.) CURVE() 
GEOMETRIC_REPRESENTATION_ITEM() RATIONAL_B_SPLINE_CURVE((1.,0.5,1.,0.5,
1.,0.5,1.)) REPRESENTATION_ITEM('') );
#3631 = CARTESIAN_POINT('',(29.,-29.));
#3632 = CARTESIAN_POINT('',(18.607695154587,-29.));
#3633 = CARTESIAN_POINT('',(23.803847577293,-20.));
#3634 = CARTESIAN_POINT('',(29.,-11.));
#3635 = CARTESIAN_POINT('',(34.196152422707,-20.));
#3636 = CARTESIAN_POINT('',(39.392304845413,-29.));
#3637 = CARTESIAN_POINT('',(29.,-29.));
#3638 = ( GEOMETRIC_REPRESENTATION_CONTEXT(2) 
PARAMETRIC_REPRESENTATION_CONTEXT() REPRESENTATION_CONTEXT('2D SPACE',''
  ) );
#3639 = PCURVE('',#3640,#3645);
#3640 = CYLINDRICAL_SURFACE('',#3641,6.);
#3641 = AXIS2_PLACEMENT_3D('',#3642,#3643,#3644);
#3642 = CARTESIAN_POINT('',(-29.,51.,79.));
#3643 = DIRECTION('',(-0.,-0.,1.));
#3644 = DIRECTION('',(-0.,1.,0.));
#3645 = DEFINITIONAL_REPRESENTATION('',(#3646),#3650);
#3646 = LINE('',#3647,#3648);
#3647 = CARTESIAN_POINT('',(6.28318530718,9.));
#3648 = VECTOR('',#3649,1.);
#3649 = DIRECTION('',(-1.,0.));
#3650 = ( GEOMETRIC_REPRESENTATION_CONTEXT(2) 
PARAMETRIC_REPRESENTATION_CONTEXT() REPRESENTATION_CONTEXT('2D SPACE',''
  ) );
#3651 = ORIENTED_EDGE('',*,*,#3652,.T.);
#3652 = EDGE_CURVE('',#3620,#3653,#3655,.T.);
#3653 = VERTEX_POINT('',#3654);
#3654 = CARTESIAN_POINT('',(-35.,17.,88.));
#3655 = SURFACE_CURVE('',#3656,(#3660,#3667),.PCURVE_S1.);
#3656 = LINE('',#3657,#3658);
#3657 = CARTESIAN_POINT('',(-35.,19.5,88.));
#3658 = VECTOR('',#3659,1.);
#3659 = DIRECTION('',(-0.,-1.,-0.));
#3660 = PCURVE('',#336,#3661);
#3661 = DEFINITIONAL_REPRESENTATION('',(#3662),#3666);
#3662 = LINE('',#3663,#3664);
#3663 = CARTESIAN_POINT('',(35.,8.5));
#3664 = VECTOR('',#3665,1.);
#3665 = DIRECTION('',(-0.,1.));
#3666 = ( GEOMETRIC_REPRESENTATION_CONTEXT(2) 
PARAMETRIC_REPRESENTATION_CONTEXT() REPRESENTATION_CONTEXT('2D SPACE',''
  ) );
#3667 = PCURVE('',#3668,#3673);
#3668 = PLANE('',#3669);
#3669 = AXIS2_PLACEMENT_3D('',#3670,#3671,#3672);
#3670 = CARTESIAN_POINT('',(-35.,11.,79.));
#3671 = DIRECTION('',(1.,-0.,-0.));
#3672 = DIRECTION('',(-0.,-1.,0.));
#3673 = DEFINITIONAL_REPRESENTATION('',(#3674),#3678);
#3674 = LINE('',#3675,#3676);
#3675 = CARTESIAN_POINT('',(-8.5,-9.));
#3676 = VECTOR('',#3677,1.);
#3677 = DIRECTION('',(1.,-0.));
#3678 = ( GEOMETRIC_REPRESENTATION_CONTEXT(2) 
PARAMETRIC_REPRESENTATION_CONTEXT() REPRESENTATION_CONTEXT('2D SPACE',''
  ) );
#3679 = ORIENTED_EDGE('',*,*,#3680,.F.);
#3680 = EDGE_CURVE('',#3681,#3653,#3683,.T.);
#3681 = VERTEX_POINT('',#3682);
#3682 = CARTESIAN_POINT('',(-29.,11.,88.));
#3683 = SURFACE_CURVE('',#3684,(#3689,#3700),.PCURVE_S1.);
#3684 = CIRCLE('',#3685,6.);
#3685 = AXIS2_PLACEMENT_3D('',#3686,#3687,#3688);
#3686 = CARTESIAN_POINT('',(-29.,17.,88.));
#3687 = DIRECTION('',(-0.,0.,-1.));
#3688 = DIRECTION('',(0.,-1.,-0.));
#3689 = PCURVE('',#336,#3690);
#3690 = DEFINITIONAL_REPRESENTATION('',(#3691),#3699);
#3691 = ( BOUNDED_CURVE() B_SPLINE_CURVE(2,(#3692,#3693,#3694,#3695,
#3696,#3697,#3698),.UNSPECIFIED.,.T.,.F.) B_SPLINE_CURVE_WITH_KNOTS((1,2
    ,2,2,2,1),(-2.094395102393,0.,2.094395102393,4.188790204786,
6.28318530718,8.377580409573),.UNSPECIFIED.) CURVE() 
GEOMETRIC_REPRESENTATION_ITEM() RATIONAL_B_SPLINE_CURVE((1.,0.5,1.,0.5,
1.,0.5,1.)) REPRESENTATION_ITEM('') );
#3692 = CARTESIAN_POINT('',(29.,17.));
#3693 = CARTESIAN_POINT('',(39.392304845413,17.));
#3694 = CARTESIAN_POINT('',(34.196152422707,8.));
#3695 = CARTESIAN_POINT('',(29.,-1.));
#3696 = CARTESIAN_POINT('',(23.803847577293,8.));
#3697 = CARTESIAN_POINT('',(18.607695154587,17.));
#3698 = CARTESIAN_POINT('',(29.,17.));
#3699 = ( GEOMETRIC_REPRESENTATION_CONTEXT(2) 
PARAMETRIC_REPRESENTATION_CONTEXT() REPRESENTATION_CONTEXT('2D SPACE',''
  ) );
#3700 = PCURVE('',#3701,#3706);
#3701 = CYLINDRICAL_SURFACE('',#3702,6.);
#3702 = AXIS2_PLACEMENT_3D('',#3703,#3704,#3705);
#3703 = CARTESIAN_POINT('',(-29.,17.,79.));
#3704 = DIRECTION('',(-0.,-0.,1.));
#3705 = DIRECTION('',(-0.,-1.,-0.));
#3706 = DEFINITIONAL_REPRESENTATION('',(#3707),#3711);
#3707 = LINE('',#3708,#3709);
#3708 = CARTESIAN_POINT('',(-0.,9.));
#3709 = VECTOR('',#3710,1.);
#3710 = DIRECTION('',(-1.,0.));
#3711 = ( GEOMETRIC_REPRESENTATION_CONTEXT(2) 
PARAMETRIC_REPRESENTATION_CONTEXT() REPRESENTATION_CONTEXT('2D SPACE',''
  ) );
#3712 = ORIENTED_EDGE('',*,*,#3713,.T.);
#3713 = EDGE_CURVE('',#3681,#3714,#3716,.T.);
#3714 = VERTEX_POINT('',#3715);
#3715 = CARTESIAN_POINT('',(29.,11.,88.));
#3716 = SURFACE_CURVE('',#3717,(#3721,#3728),.PCURVE_S1.);
#3717 = LINE('',#3718,#3719);
#3718 = CARTESIAN_POINT('',(17.5,11.,88.));
#3719 = VECTOR('',#3720,1.);
#3720 = DIRECTION('',(1.,-0.,-0.));
#3721 = PCURVE('',#336,#3722);
#3722 = DEFINITIONAL_REPRESENTATION('',(#3723),#3727);
#3723 = LINE('',#3724,#3725);
#3724 = CARTESIAN_POINT('',(-17.5,17.));
#3725 = VECTOR('',#3726,1.);
#3726 = DIRECTION('',(-1.,0.));
#3727 = ( GEOMETRIC_REPRESENTATION_CONTEXT(2) 
PARAMETRIC_REPRESENTATION_CONTEXT() REPRESENTATION_CONTEXT('2D SPACE',''
  ) );
#3728 = PCURVE('',#3729,#3734);
#3729 = PLANE('',#3730);
#3730 = AXIS2_PLACEMENT_3D('',#3731,#3732,#3733);
#3731 = CARTESIAN_POINT('',(35.,11.,79.));
#3732 = DIRECTION('',(-0.,1.,-0.));
#3733 = DIRECTION('',(1.,0.,0.));
#3734 = DEFINITIONAL_REPRESENTATION('',(#3735),#3739);
#3735 = LINE('',#3736,#3737);
#3736 = CARTESIAN_POINT('',(-17.5,-9.));
#3737 = VECTOR('',#3738,1.);
#3738 = DIRECTION('',(1.,-0.));
#3739 = ( GEOMETRIC_REPRESENTATION_CONTEXT(2) 
PARAMETRIC_REPRESENTATION_CONTEXT() REPRESENTATION_CONTEXT('2D SPACE',''
  ) );
#3740 = ORIENTED_EDGE('',*,*,#3741,.F.);
#3741 = EDGE_CURVE('',#3742,#3714,#3744,.T.);
#3742 = VERTEX_POINT('',#3743);
#3743 = CARTESIAN_POINT('',(35.,17.,88.));
#3744 = SURFACE_CURVE('',#3745,(#3750,#3761),.PCURVE_S1.);
#3745 = CIRCLE('',#3746,6.);
#3746 = AXIS2_PLACEMENT_3D('',#3747,#3748,#3749);
#3747 = CARTESIAN_POINT('',(29.,17.,88.));
#3748 = DIRECTION('',(0.,0.,-1.));
#3749 = DIRECTION('',(1.,-0.,0.));
#3750 = PCURVE('',#336,#3751);
#3751 = DEFINITIONAL_REPRESENTATION('',(#3752),#3760);
#3752 = ( BOUNDED_CURVE() B_SPLINE_CURVE(2,(#3753,#3754,#3755,#3756,
#3757,#3758,#3759),.UNSPECIFIED.,.T.,.F.) B_SPLINE_CURVE_WITH_KNOTS((1,2
    ,2,2,2,1),(-2.094395102393,0.,2.094395102393,4.188790204786,
6.28318530718,8.377580409573),.UNSPECIFIED.) CURVE() 
GEOMETRIC_REPRESENTATION_ITEM() RATIONAL_B_SPLINE_CURVE((1.,0.5,1.,0.5,
1.,0.5,1.)) REPRESENTATION_ITEM('') );
#3753 = CARTESIAN_POINT('',(-35.,11.));
#3754 = CARTESIAN_POINT('',(-35.,21.392304845413));
#3755 = CARTESIAN_POINT('',(-26.,16.196152422707));
#3756 = CARTESIAN_POINT('',(-17.,11.));
#3757 = CARTESIAN_POINT('',(-26.,5.803847577293));
#3758 = CARTESIAN_POINT('',(-35.,0.607695154587));
#3759 = CARTESIAN_POINT('',(-35.,11.));
#3760 = ( GEOMETRIC_REPRESENTATION_CONTEXT(2) 
PARAMETRIC_REPRESENTATION_CONTEXT() REPRESENTATION_CONTEXT('2D SPACE',''
  ) );
#3761 = PCURVE('',#3762,#3767);
#3762 = CYLINDRICAL_SURFACE('',#3763,6.);
#3763 = AXIS2_PLACEMENT_3D('',#3764,#3765,#3766);
#3764 = CARTESIAN_POINT('',(29.,17.,79.));
#3765 = DIRECTION('',(-0.,-0.,1.));
#3766 = DIRECTION('',(1.,-0.,0.));
#3767 = DEFINITIONAL_REPRESENTATION('',(#3768),#3772);
#3768 = LINE('',#3769,#3770);
#3769 = CARTESIAN_POINT('',(-0.,9.));
#3770 = VECTOR('',#3771,1.);
#3771 = DIRECTION('',(-1.,0.));
#3772 = ( GEOMETRIC_REPRESENTATION_CONTEXT(2) 
PARAMETRIC_REPRESENTATION_CONTEXT() REPRESENTATION_CONTEXT('2D SPACE',''
  ) );
#3773 = ORIENTED_EDGE('',*,*,#3774,.T.);
#3774 = EDGE_CURVE('',#3742,#3559,#3775,.T.);
#3775 = SURFACE_CURVE('',#3776,(#3780,#3787),.PCURVE_S1.);
#3776 = LINE('',#3777,#3778);
#3777 = CARTESIAN_POINT('',(35.,42.5,88.));
#3778 = VECTOR('',#3779,1.);
#3779 = DIRECTION('',(-0.,1.,-0.));
#3780 = PCURVE('',#336,#3781);
#3781 = DEFINITIONAL_REPRESENTATION('',(#3782),#3786);
#3782 = LINE('',#3783,#3784);
#3783 = CARTESIAN_POINT('',(-35.,-14.5));
#3784 = VECTOR('',#3785,1.);
#3785 = DIRECTION('',(-0.,-1.));
#3786 = ( GEOMETRIC_REPRESENTATION_CONTEXT(2) 
PARAMETRIC_REPRESENTATION_CONTEXT() REPRESENTATION_CONTEXT('2D SPACE',''
  ) );
#3787 = PCURVE('',#3788,#3793);
#3788 = PLANE('',#3789);
#3789 = AXIS2_PLACEMENT_3D('',#3790,#3791,#3792);
#3790 = CARTESIAN_POINT('',(35.,57.,79.));
#3791 = DIRECTION('',(-1.,-0.,-0.));
#3792 = DIRECTION('',(-0.,1.,-0.));
#3793 = DEFINITIONAL_REPRESENTATION('',(#3794),#3798);
#3794 = LINE('',#3795,#3796);
#3795 = CARTESIAN_POINT('',(-14.5,-9.));
#3796 = VECTOR('',#3797,1.);
#3797 = DIRECTION('',(1.,-0.));
#3798 = ( GEOMETRIC_REPRESENTATION_CONTEXT(2) 
PARAMETRIC_REPRESENTATION_CONTEXT() REPRESENTATION_CONTEXT('2D SPACE',''
  ) );
#3799 = FACE_BOUND('',#3800,.F.);
#3800 = EDGE_LOOP('',(#3801));
#3801 = ORIENTED_EDGE('',*,*,#3802,.T.);
#3802 = EDGE_CURVE('',#3803,#3803,#3805,.T.);
#3803 = VERTEX_POINT('',#3804);
#3804 = CARTESIAN_POINT('',(50.25,14.,88.));
#3805 = SURFACE_CURVE('',#3806,(#3811,#3818),.PCURVE_S1.);
#3806 = CIRCLE('',#3807,4.25);
#3807 = AXIS2_PLACEMENT_3D('',#3808,#3809,#3810);
#3808 = CARTESIAN_POINT('',(46.,14.,88.));
#3809 = DIRECTION('',(0.,0.,1.));
#3810 = DIRECTION('',(1.,0.,-0.));
#3811 = PCURVE('',#336,#3812);
#3812 = DEFINITIONAL_REPRESENTATION('',(#3813),#3817);
#3813 = CIRCLE('',#3814,4.25);
#3814 = AXIS2_PLACEMENT_2D('',#3815,#3816);
#3815 = CARTESIAN_POINT('',(-46.,14.));
#3816 = DIRECTION('',(-1.,0.));
#3817 = ( GEOMETRIC_REPRESENTATION_CONTEXT(2) 
PARAMETRIC_REPRESENTATION_CONTEXT() REPRESENTATION_CONTEXT('2D SPACE',''
  ) );
#3818 = PCURVE('',#3819,#3824);
#3819 = CYLINDRICAL_SURFACE('',#3820,4.25);
#3820 = AXIS2_PLACEMENT_3D('',#3821,#3822,#3823);
#3821 = CARTESIAN_POINT('',(46.,14.,79.));
#3822 = DIRECTION('',(-0.,0.,-1.));
#3823 = DIRECTION('',(1.,0.,-0.));
#3824 = DEFINITIONAL_REPRESENTATION('',(#3825),#3829);
#3825 = LINE('',#3826,#3827);
#3826 = CARTESIAN_POINT('',(6.28318530718,-9.));
#3827 = VECTOR('',#3828,1.);
#3828 = DIRECTION('',(-1.,0.));
#3829 = ( GEOMETRIC_REPRESENTATION_CONTEXT(2) 
PARAMETRIC_REPRESENTATION_CONTEXT() REPRESENTATION_CONTEXT('2D SPACE',''
  ) );
#3830 = ADVANCED_FACE('',(#3831),#364,.T.);
#3831 = FACE_BOUND('',#3832,.F.);
#3832 = EDGE_LOOP('',(#3833,#3859,#3860,#3861));
#3833 = ORIENTED_EDGE('',*,*,#3834,.T.);
#3834 = EDGE_CURVE('',#349,#2875,#3835,.T.);
#3835 = SURFACE_CURVE('',#3836,(#3841,#3848),.PCURVE_S1.);
#3836 = CIRCLE('',#3837,4.);
#3837 = AXIS2_PLACEMENT_3D('',#3838,#3839,#3840);
#3838 = CARTESIAN_POINT('',(-70.,-12.,80.));
#3839 = DIRECTION('',(0.,-0.,-1.));
#3840 = DIRECTION('',(0.,1.,-0.));
#3841 = PCURVE('',#364,#3842);
#3842 = DEFINITIONAL_REPRESENTATION('',(#3843),#3847);
#3843 = LINE('',#3844,#3845);
#3844 = CARTESIAN_POINT('',(3.14159265359,-0.));
#3845 = VECTOR('',#3846,1.);
#3846 = DIRECTION('',(-1.,0.));
#3847 = ( GEOMETRIC_REPRESENTATION_CONTEXT(2) 
PARAMETRIC_REPRESENTATION_CONTEXT() REPRESENTATION_CONTEXT('2D SPACE',''
  ) );
#3848 = PCURVE('',#2890,#3849);
#3849 = DEFINITIONAL_REPRESENTATION('',(#3850),#3858);
#3850 = ( BOUNDED_CURVE() B_SPLINE_CURVE(2,(#3851,#3852,#3853,#3854,
#3855,#3856,#3857),.UNSPECIFIED.,.T.,.F.) B_SPLINE_CURVE_WITH_KNOTS((1,2
    ,2,2,2,1),(-2.094395102393,0.,2.094395102393,4.188790204786,
6.28318530718,8.377580409573),.UNSPECIFIED.) CURVE() 
GEOMETRIC_REPRESENTATION_ITEM() RATIONAL_B_SPLINE_CURVE((1.,0.5,1.,0.5,
1.,0.5,1.)) REPRESENTATION_ITEM('') );
#3851 = CARTESIAN_POINT('',(70.,36.));
#3852 = CARTESIAN_POINT('',(63.071796769724,36.));
#3853 = CARTESIAN_POINT('',(66.535898384862,42.));
#3854 = CARTESIAN_POINT('',(70.,48.));
#3855 = CARTESIAN_POINT('',(73.464101615138,42.));
#3856 = CARTESIAN_POINT('',(76.928203230276,36.));
#3857 = CARTESIAN_POINT('',(70.,36.));
#3858 = ( GEOMETRIC_REPRESENTATION_CONTEXT(2) 
PARAMETRIC_REPRESENTATION_CONTEXT() REPRESENTATION_CONTEXT('2D SPACE',''
  ) );
#3859 = ORIENTED_EDGE('',*,*,#2902,.T.);
#3860 = ORIENTED_EDGE('',*,*,#3412,.F.);
#3861 = ORIENTED_EDGE('',*,*,#348,.F.);
#3862 = ADVANCED_FACE('',(#3863),#597,.T.);
#3863 = FACE_BOUND('',#3864,.F.);
#3864 = EDGE_LOOP('',(#3865,#3866,#3889,#3915,#3916));
#3865 = ORIENTED_EDGE('',*,*,#579,.F.);
#3866 = ORIENTED_EDGE('',*,*,#3867,.T.);
#3867 = EDGE_CURVE('',#580,#3868,#3870,.T.);
#3868 = VERTEX_POINT('',#3869);
#3869 = CARTESIAN_POINT('',(-59.,-7.539392014169,23.));
#3870 = SURFACE_CURVE('',#3871,(#3875,#3882),.PCURVE_S1.);
#3871 = LINE('',#3872,#3873);
#3872 = CARTESIAN_POINT('',(-59.,-16.,23.));
#3873 = VECTOR('',#3874,1.);
#3874 = DIRECTION('',(-0.,1.,-0.));
#3875 = PCURVE('',#597,#3876);
#3876 = DEFINITIONAL_REPRESENTATION('',(#3877),#3881);
#3877 = LINE('',#3878,#3879);
#3878 = CARTESIAN_POINT('',(-6.,-0.));
#3879 = VECTOR('',#3880,1.);
#3880 = DIRECTION('',(-0.,-1.));
#3881 = ( GEOMETRIC_REPRESENTATION_CONTEXT(2) 
PARAMETRIC_REPRESENTATION_CONTEXT() REPRESENTATION_CONTEXT('2D SPACE',''
  ) );
#3882 = PCURVE('',#626,#3883);
#3883 = DEFINITIONAL_REPRESENTATION('',(#3884),#3888);
#3884 = LINE('',#3885,#3886);
#3885 = CARTESIAN_POINT('',(0.,0.));
#3886 = VECTOR('',#3887,1.);
#3887 = DIRECTION('',(0.,1.));
#3888 = ( GEOMETRIC_REPRESENTATION_CONTEXT(2) 
PARAMETRIC_REPRESENTATION_CONTEXT() REPRESENTATION_CONTEXT('2D SPACE',''
  ) );
#3889 = ORIENTED_EDGE('',*,*,#3890,.F.);
#3890 = EDGE_CURVE('',#1869,#3868,#3891,.T.);
#3891 = SURFACE_CURVE('',#3892,(#3897,#3908),.PCURVE_S1.);
#3892 = CIRCLE('',#3893,10.);
#3893 = AXIS2_PLACEMENT_3D('',#3894,#3895,#3896);
#3894 = CARTESIAN_POINT('',(-56.,2.,23.));
#3895 = DIRECTION('',(0.,-0.,-1.));
#3896 = DIRECTION('',(-1.,-0.,0.));
#3897 = PCURVE('',#597,#3898);
#3898 = DEFINITIONAL_REPRESENTATION('',(#3899),#3907);
#3899 = ( BOUNDED_CURVE() B_SPLINE_CURVE(2,(#3900,#3901,#3902,#3903,
#3904,#3905,#3906),.UNSPECIFIED.,.T.,.F.) B_SPLINE_CURVE_WITH_KNOTS((1,2
    ,2,2,2,1),(-2.094395102393,0.,2.094395102393,4.188790204786,
6.28318530718,8.377580409573),.UNSPECIFIED.) CURVE() 
GEOMETRIC_REPRESENTATION_ITEM() RATIONAL_B_SPLINE_CURVE((1.,0.5,1.,0.5,
1.,0.5,1.)) REPRESENTATION_ITEM('') );
#3900 = CARTESIAN_POINT('',(1.,-18.));
#3901 = CARTESIAN_POINT('',(1.,-35.32050807568));
#3902 = CARTESIAN_POINT('',(-14.,-26.66025403784));
#3903 = CARTESIAN_POINT('',(-29.,-18.));
#3904 = CARTESIAN_POINT('',(-14.,-9.339745962156));
#3905 = CARTESIAN_POINT('',(1.,-0.679491924311));
#3906 = CARTESIAN_POINT('',(1.,-18.));
#3907 = ( GEOMETRIC_REPRESENTATION_CONTEXT(2) 
PARAMETRIC_REPRESENTATION_CONTEXT() REPRESENTATION_CONTEXT('2D SPACE',''
  ) );
#3908 = PCURVE('',#1754,#3909);
#3909 = DEFINITIONAL_REPRESENTATION('',(#3910),#3914);
#3910 = LINE('',#3911,#3912);
#3911 = CARTESIAN_POINT('',(6.28318530718,123.));
#3912 = VECTOR('',#3913,1.);
#3913 = DIRECTION('',(-1.,0.));
#3914 = ( GEOMETRIC_REPRESENTATION_CONTEXT(2) 
PARAMETRIC_REPRESENTATION_CONTEXT() REPRESENTATION_CONTEXT('2D SPACE',''
  ) );
#3915 = ORIENTED_EDGE('',*,*,#1868,.F.);
#3916 = ORIENTED_EDGE('',*,*,#3917,.F.);
#3917 = EDGE_CURVE('',#582,#1841,#3918,.T.);
#3918 = SURFACE_CURVE('',#3919,(#3923,#3930),.PCURVE_S1.);
#3919 = LINE('',#3920,#3921);
#3920 = CARTESIAN_POINT('',(-55.,-16.,23.));
#3921 = VECTOR('',#3922,1.);
#3922 = DIRECTION('',(-0.,1.,-0.));
#3923 = PCURVE('',#597,#3924);
#3924 = DEFINITIONAL_REPRESENTATION('',(#3925),#3929);
#3925 = LINE('',#3926,#3927);
#3926 = CARTESIAN_POINT('',(-10.,-0.));
#3927 = VECTOR('',#3928,1.);
#3928 = DIRECTION('',(-0.,-1.));
#3929 = ( GEOMETRIC_REPRESENTATION_CONTEXT(2) 
PARAMETRIC_REPRESENTATION_CONTEXT() REPRESENTATION_CONTEXT('2D SPACE',''
  ) );
#3930 = PCURVE('',#807,#3931);
#3931 = DEFINITIONAL_REPRESENTATION('',(#3932),#3936);
#3932 = LINE('',#3933,#3934);
#3933 = CARTESIAN_POINT('',(-0.,0.));
#3934 = VECTOR('',#3935,1.);
#3935 = DIRECTION('',(-0.,1.));
#3936 = ( GEOMETRIC_REPRESENTATION_CONTEXT(2) 
PARAMETRIC_REPRESENTATION_CONTEXT() REPRESENTATION_CONTEXT('2D SPACE',''
  ) );
#3937 = ADVANCED_FACE('',(#3938),#626,.F.);
#3938 = FACE_BOUND('',#3939,.F.);
#3939 = EDGE_LOOP('',(#3940,#3941,#3942,#3965,#3994));
#3940 = ORIENTED_EDGE('',*,*,#3867,.F.);
#3941 = ORIENTED_EDGE('',*,*,#609,.T.);
#3942 = ORIENTED_EDGE('',*,*,#3943,.T.);
#3943 = EDGE_CURVE('',#610,#3944,#3946,.T.);
#3944 = VERTEX_POINT('',#3945);
#3945 = CARTESIAN_POINT('',(-65.,-7.,29.));
#3946 = SURFACE_CURVE('',#3947,(#3951,#3958),.PCURVE_S1.);
#3947 = LINE('',#3948,#3949);
#3948 = CARTESIAN_POINT('',(-65.,-16.,29.));
#3949 = VECTOR('',#3950,1.);
#3950 = DIRECTION('',(-0.,1.,-0.));
#3951 = PCURVE('',#626,#3952);
#3952 = DEFINITIONAL_REPRESENTATION('',(#3953),#3957);
#3953 = LINE('',#3954,#3955);
#3954 = CARTESIAN_POINT('',(1.570796326795,0.));
#3955 = VECTOR('',#3956,1.);
#3956 = DIRECTION('',(0.,1.));
#3957 = ( GEOMETRIC_REPRESENTATION_CONTEXT(2) 
PARAMETRIC_REPRESENTATION_CONTEXT() REPRESENTATION_CONTEXT('2D SPACE',''
  ) );
#3958 = PCURVE('',#654,#3959);
#3959 = DEFINITIONAL_REPRESENTATION('',(#3960),#3964);
#3960 = LINE('',#3961,#3962);
#3961 = CARTESIAN_POINT('',(-36.,-0.));
#3962 = VECTOR('',#3963,1.);
#3963 = DIRECTION('',(-0.,-1.));
#3964 = ( GEOMETRIC_REPRESENTATION_CONTEXT(2) 
PARAMETRIC_REPRESENTATION_CONTEXT() REPRESENTATION_CONTEXT('2D SPACE',''
  ) );
#3965 = ORIENTED_EDGE('',*,*,#3966,.F.);
#3966 = EDGE_CURVE('',#3967,#3944,#3969,.T.);
#3967 = VERTEX_POINT('',#3968);
#3968 = CARTESIAN_POINT('',(-60.35889894354,-7.,23.155909509492));
#3969 = SURFACE_CURVE('',#3970,(#3975,#3982),.PCURVE_S1.);
#3970 = CIRCLE('',#3971,6.);
#3971 = AXIS2_PLACEMENT_3D('',#3972,#3973,#3974);
#3972 = CARTESIAN_POINT('',(-59.,-7.,29.));
#3973 = DIRECTION('',(0.,1.,0.));
#3974 = DIRECTION('',(0.,-0.,-1.));
#3975 = PCURVE('',#626,#3976);
#3976 = DEFINITIONAL_REPRESENTATION('',(#3977),#3981);
#3977 = LINE('',#3978,#3979);
#3978 = CARTESIAN_POINT('',(0.,9.));
#3979 = VECTOR('',#3980,1.);
#3980 = DIRECTION('',(1.,0.));
#3981 = ( GEOMETRIC_REPRESENTATION_CONTEXT(2) 
PARAMETRIC_REPRESENTATION_CONTEXT() REPRESENTATION_CONTEXT('2D SPACE',''
  ) );
#3982 = PCURVE('',#3983,#3988);
#3983 = PLANE('',#3984);
#3984 = AXIS2_PLACEMENT_3D('',#3985,#3986,#3987);
#3985 = CARTESIAN_POINT('',(-57.,-7.,44.));
#3986 = DIRECTION('',(-0.,1.,-0.));
#3987 = DIRECTION('',(-0.,0.,1.));
#3988 = DEFINITIONAL_REPRESENTATION('',(#3989),#3993);
#3989 = CIRCLE('',#3990,6.);
#3990 = AXIS2_PLACEMENT_2D('',#3991,#3992);
#3991 = CARTESIAN_POINT('',(-15.,-2.));
#3992 = DIRECTION('',(-1.,0.));
#3993 = ( GEOMETRIC_REPRESENTATION_CONTEXT(2) 
PARAMETRIC_REPRESENTATION_CONTEXT() REPRESENTATION_CONTEXT('2D SPACE',''
  ) );
#3994 = ORIENTED_EDGE('',*,*,#3995,.F.);
#3995 = EDGE_CURVE('',#3868,#3967,#3996,.T.);
#3996 = SURFACE_CURVE('',#3997,(#4004,#4014),.PCURVE_S1.);
#3997 = B_SPLINE_CURVE_WITH_KNOTS('',5,(#3998,#3999,#4000,#4001,#4002,
    #4003),.UNSPECIFIED.,.F.,.F.,(6,6),(0.,1.),
  .PIECEWISE_BEZIER_KNOTS.);
#3998 = CARTESIAN_POINT('',(-59.,-7.539392014169,23.));
#3999 = CARTESIAN_POINT('',(-59.28871957703,-7.448593907768,23.));
#4000 = CARTESIAN_POINT('',(-59.57055279713,-7.347958086935,
    23.017366579723));
#4001 = CARTESIAN_POINT('',(-59.84380927409,-7.238590643397,
    23.050442090692));
#4002 = CARTESIAN_POINT('',(-60.10701798011,-7.121991561181,
    23.097340754513));
#4003 = CARTESIAN_POINT('',(-60.35890018238,-6.9999994,23.155909797555)
  );
#4004 = PCURVE('',#626,#4005);
#4005 = DEFINITIONAL_REPRESENTATION('',(#4006),#4013);
#4006 = B_SPLINE_CURVE_WITH_KNOTS('',5,(#4007,#4008,#4009,#4010,#4011,
    #4012),.UNSPECIFIED.,.F.,.F.,(6,6),(0.,1.),
  .PIECEWISE_BEZIER_KNOTS.);
#4007 = CARTESIAN_POINT('',(0.,8.460607985831));
#4008 = CARTESIAN_POINT('',(4.811992950595E-02,8.551406092232));
#4009 = CARTESIAN_POINT('',(9.509216487562E-02,8.652041913065));
#4010 = CARTESIAN_POINT('',(0.140866900589,8.761409356603));
#4011 = CARTESIAN_POINT('',(0.185365376808,8.878008438819));
#4012 = CARTESIAN_POINT('',(0.228465704412,9.0000006));
#4013 = ( GEOMETRIC_REPRESENTATION_CONTEXT(2) 
PARAMETRIC_REPRESENTATION_CONTEXT() REPRESENTATION_CONTEXT('2D SPACE',''
  ) );
#4014 = PCURVE('',#1754,#4015);
#4015 = DEFINITIONAL_REPRESENTATION('',(#4016),#4023);
#4016 = B_SPLINE_CURVE_WITH_KNOTS('',5,(#4017,#4018,#4019,#4020,#4021,
    #4022),.UNSPECIFIED.,.F.,.F.,(6,6),(0.,1.),
  .PIECEWISE_BEZIER_KNOTS.);
#4017 = CARTESIAN_POINT('',(1.266103672779,123.));
#4018 = CARTESIAN_POINT('',(1.235837637312,123.));
#4019 = CARTESIAN_POINT('',(1.205933407119,123.01736657972));
#4020 = CARTESIAN_POINT('',(1.176527530613,123.05044209069));
#4021 = CARTESIAN_POINT('',(1.147756290579,123.09734075451));
#4022 = CARTESIAN_POINT('',(1.119769377349,123.15590979755));
#4023 = ( GEOMETRIC_REPRESENTATION_CONTEXT(2) 
PARAMETRIC_REPRESENTATION_CONTEXT() REPRESENTATION_CONTEXT('2D SPACE',''
  ) );
#4024 = ADVANCED_FACE('',(#4025),#807,.F.);
#4025 = FACE_BOUND('',#4026,.T.);
#4026 = EDGE_LOOP('',(#4027,#4028,#4029,#4050));
#4027 = ORIENTED_EDGE('',*,*,#3917,.F.);
#4028 = ORIENTED_EDGE('',*,*,#788,.T.);
#4029 = ORIENTED_EDGE('',*,*,#4030,.T.);
#4030 = EDGE_CURVE('',#761,#1818,#4031,.T.);
#4031 = SURFACE_CURVE('',#4032,(#4036,#4043),.PCURVE_S1.);
#4032 = LINE('',#4033,#4034);
#4033 = CARTESIAN_POINT('',(-49.,-16.,29.));
#4034 = VECTOR('',#4035,1.);
#4035 = DIRECTION('',(-0.,1.,-0.));
#4036 = PCURVE('',#807,#4037);
#4037 = DEFINITIONAL_REPRESENTATION('',(#4038),#4042);
#4038 = LINE('',#4039,#4040);
#4039 = CARTESIAN_POINT('',(-1.570796326795,0.));
#4040 = VECTOR('',#4041,1.);
#4041 = DIRECTION('',(-0.,1.));
#4042 = ( GEOMETRIC_REPRESENTATION_CONTEXT(2) 
PARAMETRIC_REPRESENTATION_CONTEXT() REPRESENTATION_CONTEXT('2D SPACE',''
  ) );
#4043 = PCURVE('',#776,#4044);
#4044 = DEFINITIONAL_REPRESENTATION('',(#4045),#4049);
#4045 = LINE('',#4046,#4047);
#4046 = CARTESIAN_POINT('',(-6.,0.));
#4047 = VECTOR('',#4048,1.);
#4048 = DIRECTION('',(-0.,-1.));
#4049 = ( GEOMETRIC_REPRESENTATION_CONTEXT(2) 
PARAMETRIC_REPRESENTATION_CONTEXT() REPRESENTATION_CONTEXT('2D SPACE',''
  ) );
#4050 = ORIENTED_EDGE('',*,*,#1840,.F.);
#4051 = ADVANCED_FACE('',(#4052),#654,.T.);
#4052 = FACE_BOUND('',#4053,.F.);
#4053 = EDGE_LOOP('',(#4054,#4055,#4078,#4099));
#4054 = ORIENTED_EDGE('',*,*,#638,.F.);
#4055 = ORIENTED_EDGE('',*,*,#4056,.T.);
#4056 = EDGE_CURVE('',#639,#4057,#4059,.T.);
#4057 = VERTEX_POINT('',#4058);
#4058 = CARTESIAN_POINT('',(-65.,-7.,59.));
#4059 = SURFACE_CURVE('',#4060,(#4064,#4071),.PCURVE_S1.);
#4060 = LINE('',#4061,#4062);
#4061 = CARTESIAN_POINT('',(-65.,-16.,59.));
#4062 = VECTOR('',#4063,1.);
#4063 = DIRECTION('',(-0.,1.,-0.));
#4064 = PCURVE('',#654,#4065);
#4065 = DEFINITIONAL_REPRESENTATION('',(#4066),#4070);
#4066 = LINE('',#4067,#4068);
#4067 = CARTESIAN_POINT('',(-6.,-0.));
#4068 = VECTOR('',#4069,1.);
#4069 = DIRECTION('',(-0.,-1.));
#4070 = ( GEOMETRIC_REPRESENTATION_CONTEXT(2) 
PARAMETRIC_REPRESENTATION_CONTEXT() REPRESENTATION_CONTEXT('2D SPACE',''
  ) );
#4071 = PCURVE('',#687,#4072);
#4072 = DEFINITIONAL_REPRESENTATION('',(#4073),#4077);
#4073 = LINE('',#4074,#4075);
#4074 = CARTESIAN_POINT('',(-1.570796326795,0.));
#4075 = VECTOR('',#4076,1.);
#4076 = DIRECTION('',(-0.,1.));
#4077 = ( GEOMETRIC_REPRESENTATION_CONTEXT(2) 
PARAMETRIC_REPRESENTATION_CONTEXT() REPRESENTATION_CONTEXT('2D SPACE',''
  ) );
#4078 = ORIENTED_EDGE('',*,*,#4079,.T.);
#4079 = EDGE_CURVE('',#4057,#3944,#4080,.T.);
#4080 = SURFACE_CURVE('',#4081,(#4085,#4092),.PCURVE_S1.);
#4081 = LINE('',#4082,#4083);
#4082 = CARTESIAN_POINT('',(-65.,-7.,65.));
#4083 = VECTOR('',#4084,1.);
#4084 = DIRECTION('',(-0.,-0.,-1.));
#4085 = PCURVE('',#654,#4086);
#4086 = DEFINITIONAL_REPRESENTATION('',(#4087),#4091);
#4087 = LINE('',#4088,#4089);
#4088 = CARTESIAN_POINT('',(-0.,-9.));
#4089 = VECTOR('',#4090,1.);
#4090 = DIRECTION('',(-1.,0.));
#4091 = ( GEOMETRIC_REPRESENTATION_CONTEXT(2) 
PARAMETRIC_REPRESENTATION_CONTEXT() REPRESENTATION_CONTEXT('2D SPACE',''
  ) );
#4092 = PCURVE('',#3983,#4093);
#4093 = DEFINITIONAL_REPRESENTATION('',(#4094),#4098);
#4094 = LINE('',#4095,#4096);
#4095 = CARTESIAN_POINT('',(21.,-8.));
#4096 = VECTOR('',#4097,1.);
#4097 = DIRECTION('',(-1.,0.));
#4098 = ( GEOMETRIC_REPRESENTATION_CONTEXT(2) 
PARAMETRIC_REPRESENTATION_CONTEXT() REPRESENTATION_CONTEXT('2D SPACE',''
  ) );
#4099 = ORIENTED_EDGE('',*,*,#3943,.F.);
#4100 = ADVANCED_FACE('',(#4101),#776,.T.);
#4101 = FACE_BOUND('',#4102,.F.);
#4102 = EDGE_LOOP('',(#4103,#4104,#4105,#4106));
#4103 = ORIENTED_EDGE('',*,*,#760,.F.);
#4104 = ORIENTED_EDGE('',*,*,#4030,.T.);
#4105 = ORIENTED_EDGE('',*,*,#1817,.F.);
#4106 = ORIENTED_EDGE('',*,*,#4107,.F.);
#4107 = EDGE_CURVE('',#728,#1790,#4108,.T.);
#4108 = SURFACE_CURVE('',#4109,(#4113,#4120),.PCURVE_S1.);
#4109 = LINE('',#4110,#4111);
#4110 = CARTESIAN_POINT('',(-49.,-16.,59.));
#4111 = VECTOR('',#4112,1.);
#4112 = DIRECTION('',(-0.,1.,-0.));
#4113 = PCURVE('',#776,#4114);
#4114 = DEFINITIONAL_REPRESENTATION('',(#4115),#4119);
#4115 = LINE('',#4116,#4117);
#4116 = CARTESIAN_POINT('',(-36.,0.));
#4117 = VECTOR('',#4118,1.);
#4118 = DIRECTION('',(-0.,-1.));
#4119 = ( GEOMETRIC_REPRESENTATION_CONTEXT(2) 
PARAMETRIC_REPRESENTATION_CONTEXT() REPRESENTATION_CONTEXT('2D SPACE',''
  ) );
#4120 = PCURVE('',#748,#4121);
#4121 = DEFINITIONAL_REPRESENTATION('',(#4122),#4126);
#4122 = LINE('',#4123,#4124);
#4123 = CARTESIAN_POINT('',(-0.,0.));
#4124 = VECTOR('',#4125,1.);
#4125 = DIRECTION('',(-0.,1.));
#4126 = ( GEOMETRIC_REPRESENTATION_CONTEXT(2) 
PARAMETRIC_REPRESENTATION_CONTEXT() REPRESENTATION_CONTEXT('2D SPACE',''
  ) );
#4127 = ADVANCED_FACE('',(#4128),#687,.F.);
#4128 = FACE_BOUND('',#4129,.T.);
#4129 = EDGE_LOOP('',(#4130,#4153,#4154,#4155,#4183));
#4130 = ORIENTED_EDGE('',*,*,#4131,.F.);
#4131 = EDGE_CURVE('',#667,#4132,#4134,.T.);
#4132 = VERTEX_POINT('',#4133);
#4133 = CARTESIAN_POINT('',(-59.,-7.539392014169,65.));
#4134 = SURFACE_CURVE('',#4135,(#4139,#4146),.PCURVE_S1.);
#4135 = LINE('',#4136,#4137);
#4136 = CARTESIAN_POINT('',(-59.,-16.,65.));
#4137 = VECTOR('',#4138,1.);
#4138 = DIRECTION('',(-0.,1.,-0.));
#4139 = PCURVE('',#687,#4140);
#4140 = DEFINITIONAL_REPRESENTATION('',(#4141),#4145);
#4141 = LINE('',#4142,#4143);
#4142 = CARTESIAN_POINT('',(-0.,0.));
#4143 = VECTOR('',#4144,1.);
#4144 = DIRECTION('',(-0.,1.));
#4145 = ( GEOMETRIC_REPRESENTATION_CONTEXT(2) 
PARAMETRIC_REPRESENTATION_CONTEXT() REPRESENTATION_CONTEXT('2D SPACE',''
  ) );
#4146 = PCURVE('',#715,#4147);
#4147 = DEFINITIONAL_REPRESENTATION('',(#4148),#4152);
#4148 = LINE('',#4149,#4150);
#4149 = CARTESIAN_POINT('',(-10.,0.));
#4150 = VECTOR('',#4151,1.);
#4151 = DIRECTION('',(-0.,-1.));
#4152 = ( GEOMETRIC_REPRESENTATION_CONTEXT(2) 
PARAMETRIC_REPRESENTATION_CONTEXT() REPRESENTATION_CONTEXT('2D SPACE',''
  ) );
#4153 = ORIENTED_EDGE('',*,*,#666,.T.);
#4154 = ORIENTED_EDGE('',*,*,#4056,.T.);
#4155 = ORIENTED_EDGE('',*,*,#4156,.F.);
#4156 = EDGE_CURVE('',#4157,#4057,#4159,.T.);
#4157 = VERTEX_POINT('',#4158);
#4158 = CARTESIAN_POINT('',(-60.35889894354,-7.,64.844090490508));
#4159 = SURFACE_CURVE('',#4160,(#4165,#4172),.PCURVE_S1.);
#4160 = CIRCLE('',#4161,6.);
#4161 = AXIS2_PLACEMENT_3D('',#4162,#4163,#4164);
#4162 = CARTESIAN_POINT('',(-59.,-7.,59.));
#4163 = DIRECTION('',(0.,-1.,0.));
#4164 = DIRECTION('',(0.,-0.,-1.));
#4165 = PCURVE('',#687,#4166);
#4166 = DEFINITIONAL_REPRESENTATION('',(#4167),#4171);
#4167 = LINE('',#4168,#4169);
#4168 = CARTESIAN_POINT('',(3.14159265359,9.));
#4169 = VECTOR('',#4170,1.);
#4170 = DIRECTION('',(-1.,0.));
#4171 = ( GEOMETRIC_REPRESENTATION_CONTEXT(2) 
PARAMETRIC_REPRESENTATION_CONTEXT() REPRESENTATION_CONTEXT('2D SPACE',''
  ) );
#4172 = PCURVE('',#3983,#4173);
#4173 = DEFINITIONAL_REPRESENTATION('',(#4174),#4182);
#4174 = ( BOUNDED_CURVE() B_SPLINE_CURVE(2,(#4175,#4176,#4177,#4178,
#4179,#4180,#4181),.UNSPECIFIED.,.T.,.F.) B_SPLINE_CURVE_WITH_KNOTS((1,2
    ,2,2,2,1),(-2.094395102393,0.,2.094395102393,4.188790204786,
6.28318530718,8.377580409573),.UNSPECIFIED.) CURVE() 
GEOMETRIC_REPRESENTATION_ITEM() RATIONAL_B_SPLINE_CURVE((1.,0.5,1.,0.5,
1.,0.5,1.)) REPRESENTATION_ITEM('') );
#4175 = CARTESIAN_POINT('',(9.,-2.));
#4176 = CARTESIAN_POINT('',(9.,8.392304845413));
#4177 = CARTESIAN_POINT('',(18.,3.196152422707));
#4178 = CARTESIAN_POINT('',(27.,-2.));
#4179 = CARTESIAN_POINT('',(18.,-7.196152422707));
#4180 = CARTESIAN_POINT('',(9.,-12.39230484541));
#4181 = CARTESIAN_POINT('',(9.,-2.));
#4182 = ( GEOMETRIC_REPRESENTATION_CONTEXT(2) 
PARAMETRIC_REPRESENTATION_CONTEXT() REPRESENTATION_CONTEXT('2D SPACE',''
  ) );
#4183 = ORIENTED_EDGE('',*,*,#4184,.F.);
#4184 = EDGE_CURVE('',#4132,#4157,#4185,.T.);
#4185 = SURFACE_CURVE('',#4186,(#4193,#4203),.PCURVE_S1.);
#4186 = B_SPLINE_CURVE_WITH_KNOTS('',5,(#4187,#4188,#4189,#4190,#4191,
    #4192),.UNSPECIFIED.,.F.,.F.,(6,6),(0.,1.),
  .PIECEWISE_BEZIER_KNOTS.);
#4187 = CARTESIAN_POINT('',(-59.,-7.539392014169,65.));
#4188 = CARTESIAN_POINT('',(-59.28871957703,-7.448593907768,65.));
#4189 = CARTESIAN_POINT('',(-59.57055279713,-7.347958086935,
    64.982633420277));
#4190 = CARTESIAN_POINT('',(-59.84380927408,-7.238590643397,
    64.949557909308));
#4191 = CARTESIAN_POINT('',(-60.10701798011,-7.121991561181,
    64.902659245487));
#4192 = CARTESIAN_POINT('',(-60.35890018238,-6.9999994,64.844090202445)
  );
#4193 = PCURVE('',#687,#4194);
#4194 = DEFINITIONAL_REPRESENTATION('',(#4195),#4202);
#4195 = B_SPLINE_CURVE_WITH_KNOTS('',5,(#4196,#4197,#4198,#4199,#4200,
    #4201),.UNSPECIFIED.,.F.,.F.,(6,6),(0.,1.),
  .PIECEWISE_BEZIER_KNOTS.);
#4196 = CARTESIAN_POINT('',(0.,8.460607985831));
#4197 = CARTESIAN_POINT('',(-4.811992950596E-02,8.551406092232));
#4198 = CARTESIAN_POINT('',(-9.509216487563E-02,8.652041913065));
#4199 = CARTESIAN_POINT('',(-0.140866900589,8.761409356603));
#4200 = CARTESIAN_POINT('',(-0.185365376808,8.878008438819));
#4201 = CARTESIAN_POINT('',(-0.228465704412,9.0000006));
#4202 = ( GEOMETRIC_REPRESENTATION_CONTEXT(2) 
PARAMETRIC_REPRESENTATION_CONTEXT() REPRESENTATION_CONTEXT('2D SPACE',''
  ) );
#4203 = PCURVE('',#1754,#4204);
#4204 = DEFINITIONAL_REPRESENTATION('',(#4205),#4212);
#4205 = B_SPLINE_CURVE_WITH_KNOTS('',5,(#4206,#4207,#4208,#4209,#4210,
    #4211),.UNSPECIFIED.,.F.,.F.,(6,6),(0.,1.),
  .PIECEWISE_BEZIER_KNOTS.);
#4206 = CARTESIAN_POINT('',(1.266103672779,165.));
#4207 = CARTESIAN_POINT('',(1.235837637312,165.));
#4208 = CARTESIAN_POINT('',(1.205933407119,164.98263342027));
#4209 = CARTESIAN_POINT('',(1.176527530613,164.9495579093));
#4210 = CARTESIAN_POINT('',(1.147756290579,164.90265924548));
#4211 = CARTESIAN_POINT('',(1.119769377349,164.84409020244));
#4212 = ( GEOMETRIC_REPRESENTATION_CONTEXT(2) 
PARAMETRIC_REPRESENTATION_CONTEXT() REPRESENTATION_CONTEXT('2D SPACE',''
  ) );
#4213 = ADVANCED_FACE('',(#4214),#748,.F.);
#4214 = FACE_BOUND('',#4215,.T.);
#4215 = EDGE_LOOP('',(#4216,#4217,#4218,#4239));
#4216 = ORIENTED_EDGE('',*,*,#4107,.F.);
#4217 = ORIENTED_EDGE('',*,*,#727,.T.);
#4218 = ORIENTED_EDGE('',*,*,#4219,.T.);
#4219 = EDGE_CURVE('',#700,#1767,#4220,.T.);
#4220 = SURFACE_CURVE('',#4221,(#4225,#4232),.PCURVE_S1.);
#4221 = LINE('',#4222,#4223);
#4222 = CARTESIAN_POINT('',(-55.,-16.,65.));
#4223 = VECTOR('',#4224,1.);
#4224 = DIRECTION('',(-0.,1.,-0.));
#4225 = PCURVE('',#748,#4226);
#4226 = DEFINITIONAL_REPRESENTATION('',(#4227),#4231);
#4227 = LINE('',#4228,#4229);
#4228 = CARTESIAN_POINT('',(-1.570796326795,0.));
#4229 = VECTOR('',#4230,1.);
#4230 = DIRECTION('',(-0.,1.));
#4231 = ( GEOMETRIC_REPRESENTATION_CONTEXT(2) 
PARAMETRIC_REPRESENTATION_CONTEXT() REPRESENTATION_CONTEXT('2D SPACE',''
  ) );
#4232 = PCURVE('',#715,#4233);
#4233 = DEFINITIONAL_REPRESENTATION('',(#4234),#4238);
#4234 = LINE('',#4235,#4236);
#4235 = CARTESIAN_POINT('',(-6.,0.));
#4236 = VECTOR('',#4237,1.);
#4237 = DIRECTION('',(-0.,-1.));
#4238 = ( GEOMETRIC_REPRESENTATION_CONTEXT(2) 
PARAMETRIC_REPRESENTATION_CONTEXT() REPRESENTATION_CONTEXT('2D SPACE',''
  ) );
#4239 = ORIENTED_EDGE('',*,*,#1789,.F.);
#4240 = ADVANCED_FACE('',(#4241),#715,.T.);
#4241 = FACE_BOUND('',#4242,.F.);
#4242 = EDGE_LOOP('',(#4243,#4244,#4245,#4246,#4268));
#4243 = ORIENTED_EDGE('',*,*,#699,.F.);
#4244 = ORIENTED_EDGE('',*,*,#4219,.T.);
#4245 = ORIENTED_EDGE('',*,*,#1766,.F.);
#4246 = ORIENTED_EDGE('',*,*,#4247,.T.);
#4247 = EDGE_CURVE('',#1739,#4132,#4248,.T.);
#4248 = SURFACE_CURVE('',#4249,(#4254,#4261),.PCURVE_S1.);
#4249 = CIRCLE('',#4250,10.);
#4250 = AXIS2_PLACEMENT_3D('',#4251,#4252,#4253);
#4251 = CARTESIAN_POINT('',(-56.,2.,65.));
#4252 = DIRECTION('',(0.,-0.,-1.));
#4253 = DIRECTION('',(-1.,-0.,0.));
#4254 = PCURVE('',#715,#4255);
#4255 = DEFINITIONAL_REPRESENTATION('',(#4256),#4260);
#4256 = CIRCLE('',#4257,10.);
#4257 = AXIS2_PLACEMENT_2D('',#4258,#4259);
#4258 = CARTESIAN_POINT('',(-7.,-18.));
#4259 = DIRECTION('',(-1.,0.));
#4260 = ( GEOMETRIC_REPRESENTATION_CONTEXT(2) 
PARAMETRIC_REPRESENTATION_CONTEXT() REPRESENTATION_CONTEXT('2D SPACE',''
  ) );
#4261 = PCURVE('',#1754,#4262);
#4262 = DEFINITIONAL_REPRESENTATION('',(#4263),#4267);
#4263 = LINE('',#4264,#4265);
#4264 = CARTESIAN_POINT('',(6.28318530718,165.));
#4265 = VECTOR('',#4266,1.);
#4266 = DIRECTION('',(-1.,0.));
#4267 = ( GEOMETRIC_REPRESENTATION_CONTEXT(2) 
PARAMETRIC_REPRESENTATION_CONTEXT() REPRESENTATION_CONTEXT('2D SPACE',''
  ) );
#4268 = ORIENTED_EDGE('',*,*,#4131,.F.);
#4269 = ADVANCED_FACE('',(#4270),#842,.F.);
#4270 = FACE_BOUND('',#4271,.F.);
#4271 = EDGE_LOOP('',(#4272,#4273,#4294,#4295));
#4272 = ORIENTED_EDGE('',*,*,#821,.F.);
#4273 = ORIENTED_EDGE('',*,*,#4274,.T.);
#4274 = EDGE_CURVE('',#822,#2013,#4275,.T.);
#4275 = SEAM_CURVE('',#4276,(#4280,#4287),.PCURVE_S1.);
#4276 = LINE('',#4277,#4278);
#4277 = CARTESIAN_POINT('',(-21.4,-16.,42.3));
#4278 = VECTOR('',#4279,1.);
#4279 = DIRECTION('',(-0.,1.,-0.));
#4280 = PCURVE('',#842,#4281);
#4281 = DEFINITIONAL_REPRESENTATION('',(#4282),#4286);
#4282 = LINE('',#4283,#4284);
#4283 = CARTESIAN_POINT('',(6.28318530718,0.));
#4284 = VECTOR('',#4285,1.);
#4285 = DIRECTION('',(0.,-1.));
#4286 = ( GEOMETRIC_REPRESENTATION_CONTEXT(2) 
PARAMETRIC_REPRESENTATION_CONTEXT() REPRESENTATION_CONTEXT('2D SPACE',''
  ) );
#4287 = PCURVE('',#842,#4288);
#4288 = DEFINITIONAL_REPRESENTATION('',(#4289),#4293);
#4289 = LINE('',#4290,#4291);
#4290 = CARTESIAN_POINT('',(0.,0.));
#4291 = VECTOR('',#4292,1.);
#4292 = DIRECTION('',(0.,-1.));
#4293 = ( GEOMETRIC_REPRESENTATION_CONTEXT(2) 
PARAMETRIC_REPRESENTATION_CONTEXT() REPRESENTATION_CONTEXT('2D SPACE',''
  ) );
#4294 = ORIENTED_EDGE('',*,*,#2012,.F.);
#4295 = ORIENTED_EDGE('',*,*,#4274,.F.);
#4296 = ADVANCED_FACE('',(#4297),#877,.F.);
#4297 = FACE_BOUND('',#4298,.F.);
#4298 = EDGE_LOOP('',(#4299,#4300,#4321,#4322));
#4299 = ORIENTED_EDGE('',*,*,#856,.F.);
#4300 = ORIENTED_EDGE('',*,*,#4301,.T.);
#4301 = EDGE_CURVE('',#857,#2039,#4302,.T.);
#4302 = SEAM_CURVE('',#4303,(#4307,#4314),.PCURVE_S1.);
#4303 = LINE('',#4304,#4305);
#4304 = CARTESIAN_POINT('',(5.4,-16.,55.));
#4305 = VECTOR('',#4306,1.);
#4306 = DIRECTION('',(-0.,1.,-0.));
#4307 = PCURVE('',#877,#4308);
#4308 = DEFINITIONAL_REPRESENTATION('',(#4309),#4313);
#4309 = LINE('',#4310,#4311);
#4310 = CARTESIAN_POINT('',(6.28318530718,0.));
#4311 = VECTOR('',#4312,1.);
#4312 = DIRECTION('',(0.,-1.));
#4313 = ( GEOMETRIC_REPRESENTATION_CONTEXT(2) 
PARAMETRIC_REPRESENTATION_CONTEXT() REPRESENTATION_CONTEXT('2D SPACE',''
  ) );
#4314 = PCURVE('',#877,#4315);
#4315 = DEFINITIONAL_REPRESENTATION('',(#4316),#4320);
#4316 = LINE('',#4317,#4318);
#4317 = CARTESIAN_POINT('',(0.,0.));
#4318 = VECTOR('',#4319,1.);
#4319 = DIRECTION('',(0.,-1.));
#4320 = ( GEOMETRIC_REPRESENTATION_CONTEXT(2) 
PARAMETRIC_REPRESENTATION_CONTEXT() REPRESENTATION_CONTEXT('2D SPACE',''
  ) );
#4321 = ORIENTED_EDGE('',*,*,#2038,.F.);
#4322 = ORIENTED_EDGE('',*,*,#4301,.F.);
#4323 = ADVANCED_FACE('',(#4324),#909,.T.);
#4324 = FACE_BOUND('',#4325,.F.);
#4325 = EDGE_LOOP('',(#4326,#4327,#4348,#4349));
#4326 = ORIENTED_EDGE('',*,*,#891,.F.);
#4327 = ORIENTED_EDGE('',*,*,#4328,.T.);
#4328 = EDGE_CURVE('',#892,#1535,#4329,.T.);
#4329 = SURFACE_CURVE('',#4330,(#4334,#4341),.PCURVE_S1.);
#4330 = LINE('',#4331,#4332);
#4331 = CARTESIAN_POINT('',(29.,-16.,32.));
#4332 = VECTOR('',#4333,1.);
#4333 = DIRECTION('',(-0.,1.,-0.));
#4334 = PCURVE('',#909,#4335);
#4335 = DEFINITIONAL_REPRESENTATION('',(#4336),#4340);
#4336 = LINE('',#4337,#4338);
#4337 = CARTESIAN_POINT('',(-6.,-0.));
#4338 = VECTOR('',#4339,1.);
#4339 = DIRECTION('',(-0.,-1.));
#4340 = ( GEOMETRIC_REPRESENTATION_CONTEXT(2) 
PARAMETRIC_REPRESENTATION_CONTEXT() REPRESENTATION_CONTEXT('2D SPACE',''
  ) );
#4341 = PCURVE('',#938,#4342);
#4342 = DEFINITIONAL_REPRESENTATION('',(#4343),#4347);
#4343 = LINE('',#4344,#4345);
#4344 = CARTESIAN_POINT('',(0.,0.));
#4345 = VECTOR('',#4346,1.);
#4346 = DIRECTION('',(0.,1.));
#4347 = ( GEOMETRIC_REPRESENTATION_CONTEXT(2) 
PARAMETRIC_REPRESENTATION_CONTEXT() REPRESENTATION_CONTEXT('2D SPACE',''
  ) );
#4348 = ORIENTED_EDGE('',*,*,#1534,.F.);
#4349 = ORIENTED_EDGE('',*,*,#4350,.F.);
#4350 = EDGE_CURVE('',#894,#1507,#4351,.T.);
#4351 = SURFACE_CURVE('',#4352,(#4356,#4363),.PCURVE_S1.);
#4352 = LINE('',#4353,#4354);
#4353 = CARTESIAN_POINT('',(51.,-16.,32.));
#4354 = VECTOR('',#4355,1.);
#4355 = DIRECTION('',(-0.,1.,-0.));
#4356 = PCURVE('',#909,#4357);
#4357 = DEFINITIONAL_REPRESENTATION('',(#4358),#4362);
#4358 = LINE('',#4359,#4360);
#4359 = CARTESIAN_POINT('',(-28.,-0.));
#4360 = VECTOR('',#4361,1.);
#4361 = DIRECTION('',(-0.,-1.));
#4362 = ( GEOMETRIC_REPRESENTATION_CONTEXT(2) 
PARAMETRIC_REPRESENTATION_CONTEXT() REPRESENTATION_CONTEXT('2D SPACE',''
  ) );
#4363 = PCURVE('',#1119,#4364);
#4364 = DEFINITIONAL_REPRESENTATION('',(#4365),#4369);
#4365 = LINE('',#4366,#4367);
#4366 = CARTESIAN_POINT('',(-0.,0.));
#4367 = VECTOR('',#4368,1.);
#4368 = DIRECTION('',(-0.,1.));
#4369 = ( GEOMETRIC_REPRESENTATION_CONTEXT(2) 
PARAMETRIC_REPRESENTATION_CONTEXT() REPRESENTATION_CONTEXT('2D SPACE',''
  ) );
#4370 = ADVANCED_FACE('',(#4371),#1119,.F.);
#4371 = FACE_BOUND('',#4372,.T.);
#4372 = EDGE_LOOP('',(#4373,#4374,#4375,#4398,#4434));
#4373 = ORIENTED_EDGE('',*,*,#4350,.F.);
#4374 = ORIENTED_EDGE('',*,*,#1100,.T.);
#4375 = ORIENTED_EDGE('',*,*,#4376,.T.);
#4376 = EDGE_CURVE('',#1073,#4377,#4379,.T.);
#4377 = VERTEX_POINT('',#4378);
#4378 = CARTESIAN_POINT('',(57.,-7.949874371066,38.));
#4379 = SURFACE_CURVE('',#4380,(#4384,#4391),.PCURVE_S1.);
#4380 = LINE('',#4381,#4382);
#4381 = CARTESIAN_POINT('',(57.,-16.,38.));
#4382 = VECTOR('',#4383,1.);
#4383 = DIRECTION('',(-0.,1.,-0.));
#4384 = PCURVE('',#1119,#4385);
#4385 = DEFINITIONAL_REPRESENTATION('',(#4386),#4390);
#4386 = LINE('',#4387,#4388);
#4387 = CARTESIAN_POINT('',(-1.570796326795,0.));
#4388 = VECTOR('',#4389,1.);
#4389 = DIRECTION('',(-0.,1.));
#4390 = ( GEOMETRIC_REPRESENTATION_CONTEXT(2) 
PARAMETRIC_REPRESENTATION_CONTEXT() REPRESENTATION_CONTEXT('2D SPACE',''
  ) );
#4391 = PCURVE('',#1088,#4392);
#4392 = DEFINITIONAL_REPRESENTATION('',(#4393),#4397);
#4393 = LINE('',#4394,#4395);
#4394 = CARTESIAN_POINT('',(-6.,0.));
#4395 = VECTOR('',#4396,1.);
#4396 = DIRECTION('',(-0.,-1.));
#4397 = ( GEOMETRIC_REPRESENTATION_CONTEXT(2) 
PARAMETRIC_REPRESENTATION_CONTEXT() REPRESENTATION_CONTEXT('2D SPACE',''
  ) );
#4398 = ORIENTED_EDGE('',*,*,#4399,.F.);
#4399 = EDGE_CURVE('',#1479,#4377,#4400,.T.);
#4400 = SURFACE_CURVE('',#4401,(#4410,#4422),.PCURVE_S1.);
#4401 = B_SPLINE_CURVE_WITH_KNOTS('',7,(#4402,#4403,#4404,#4405,#4406,
    #4407,#4408,#4409),.UNSPECIFIED.,.F.,.F.,(8,8),(0.,1.),
  .PIECEWISE_BEZIER_KNOTS.);
#4402 = CARTESIAN_POINT('',(56.,-8.,34.683375209645));
#4403 = CARTESIAN_POINT('',(56.292775622486,-8.,35.124751067621));
#4404 = CARTESIAN_POINT('',(56.532193977051,-7.990000010547,
    35.584367215259));
#4405 = CARTESIAN_POINT('',(56.720789865843,-7.976558101286,
    36.056463906849));
#4406 = CARTESIAN_POINT('',(56.860717634228,-7.96387134993,
    36.536917960593));
#4407 = CARTESIAN_POINT('',(56.953528018171,-7.954545318225,
    37.022644721839));
#4408 = CARTESIAN_POINT('',(57.,-7.949874371066,37.511122864551));
#4409 = CARTESIAN_POINT('',(57.,-7.949874371066,38.));
#4410 = PCURVE('',#1119,#4411);
#4411 = DEFINITIONAL_REPRESENTATION('',(#4412),#4421);
#4412 = B_SPLINE_CURVE_WITH_KNOTS('',7,(#4413,#4414,#4415,#4416,#4417,
    #4418,#4419,#4420),.UNSPECIFIED.,.F.,.F.,(8,8),(0.,1.),
  .PIECEWISE_BEZIER_KNOTS.);
#4413 = CARTESIAN_POINT('',(-0.985110783338,8.));
#4414 = CARTESIAN_POINT('',(-1.073385954933,8.));
#4415 = CARTESIAN_POINT('',(-1.159278799737,8.009999989453));
#4416 = CARTESIAN_POINT('',(-1.243346222926,8.023441898714));
#4417 = CARTESIAN_POINT('',(-1.326065658556,8.03612865007));
#4418 = CARTESIAN_POINT('',(-1.407903817339,8.045454681775));
#4419 = CARTESIAN_POINT('',(-1.48931680422,8.050125628934));
#4420 = CARTESIAN_POINT('',(-1.570796326795,8.050125628934));
#4421 = ( GEOMETRIC_REPRESENTATION_CONTEXT(2) 
PARAMETRIC_REPRESENTATION_CONTEXT() REPRESENTATION_CONTEXT('2D SPACE',''
  ) );
#4422 = PCURVE('',#1494,#4423);
#4423 = DEFINITIONAL_REPRESENTATION('',(#4424),#4433);
#4424 = B_SPLINE_CURVE_WITH_KNOTS('',7,(#4425,#4426,#4427,#4428,#4429,
    #4430,#4431,#4432),.UNSPECIFIED.,.F.,.F.,(8,8),(0.,1.),
  .PIECEWISE_BEZIER_KNOTS.);
#4425 = CARTESIAN_POINT('',(-1.570796326795,134.68337520964));
#4426 = CARTESIAN_POINT('',(-1.541518764546,135.12475106762));
#4427 = CARTESIAN_POINT('',(-1.517576897975,135.58436721525));
#4428 = CARTESIAN_POINT('',(-1.498676496498,136.05646390684));
#4429 = CARTESIAN_POINT('',(-1.484627424163,136.53691796059));
#4430 = CARTESIAN_POINT('',(-1.475299488959,137.02264472183));
#4431 = CARTESIAN_POINT('',(-1.470628905633,137.51112286455));
#4432 = CARTESIAN_POINT('',(-1.470628905633,138.));
#4433 = ( GEOMETRIC_REPRESENTATION_CONTEXT(2) 
PARAMETRIC_REPRESENTATION_CONTEXT() REPRESENTATION_CONTEXT('2D SPACE',''
  ) );
#4434 = ORIENTED_EDGE('',*,*,#1506,.F.);
#4435 = ADVANCED_FACE('',(#4436),#1088,.T.);
#4436 = FACE_BOUND('',#4437,.F.);
#4437 = EDGE_LOOP('',(#4438,#4439,#4440,#4463));
#4438 = ORIENTED_EDGE('',*,*,#1072,.F.);
#4439 = ORIENTED_EDGE('',*,*,#4376,.T.);
#4440 = ORIENTED_EDGE('',*,*,#4441,.T.);
#4441 = EDGE_CURVE('',#4377,#4442,#4444,.T.);
#4442 = VERTEX_POINT('',#4443);
#4443 = CARTESIAN_POINT('',(57.,-7.949874371066,60.));
#4444 = SURFACE_CURVE('',#4445,(#4449,#4456),.PCURVE_S1.);
#4445 = LINE('',#4446,#4447);
#4446 = CARTESIAN_POINT('',(57.,-7.949874371066,-100.));
#4447 = VECTOR('',#4448,1.);
#4448 = DIRECTION('',(-0.,-0.,1.));
#4449 = PCURVE('',#1088,#4450);
#4450 = DEFINITIONAL_REPRESENTATION('',(#4451),#4455);
#4451 = LINE('',#4452,#4453);
#4452 = CARTESIAN_POINT('',(132.,-8.050125628934));
#4453 = VECTOR('',#4454,1.);
#4454 = DIRECTION('',(-1.,0.));
#4455 = ( GEOMETRIC_REPRESENTATION_CONTEXT(2) 
PARAMETRIC_REPRESENTATION_CONTEXT() REPRESENTATION_CONTEXT('2D SPACE',''
  ) );
#4456 = PCURVE('',#1494,#4457);
#4457 = DEFINITIONAL_REPRESENTATION('',(#4458),#4462);
#4458 = LINE('',#4459,#4460);
#4459 = CARTESIAN_POINT('',(-1.470628905633,0.));
#4460 = VECTOR('',#4461,1.);
#4461 = DIRECTION('',(-0.,1.));
#4462 = ( GEOMETRIC_REPRESENTATION_CONTEXT(2) 
PARAMETRIC_REPRESENTATION_CONTEXT() REPRESENTATION_CONTEXT('2D SPACE',''
  ) );
#4463 = ORIENTED_EDGE('',*,*,#4464,.F.);
#4464 = EDGE_CURVE('',#1040,#4442,#4465,.T.);
#4465 = SURFACE_CURVE('',#4466,(#4470,#4477),.PCURVE_S1.);
#4466 = LINE('',#4467,#4468);
#4467 = CARTESIAN_POINT('',(57.,-16.,60.));
#4468 = VECTOR('',#4469,1.);
#4469 = DIRECTION('',(-0.,1.,-0.));
#4470 = PCURVE('',#1088,#4471);
#4471 = DEFINITIONAL_REPRESENTATION('',(#4472),#4476);
#4472 = LINE('',#4473,#4474);
#4473 = CARTESIAN_POINT('',(-28.,0.));
#4474 = VECTOR('',#4475,1.);
#4475 = DIRECTION('',(-0.,-1.));
#4476 = ( GEOMETRIC_REPRESENTATION_CONTEXT(2) 
PARAMETRIC_REPRESENTATION_CONTEXT() REPRESENTATION_CONTEXT('2D SPACE',''
  ) );
#4477 = PCURVE('',#1060,#4478);
#4478 = DEFINITIONAL_REPRESENTATION('',(#4479),#4483);
#4479 = LINE('',#4480,#4481);
#4480 = CARTESIAN_POINT('',(-0.,0.));
#4481 = VECTOR('',#4482,1.);
#4482 = DIRECTION('',(-0.,1.));
#4483 = ( GEOMETRIC_REPRESENTATION_CONTEXT(2) 
PARAMETRIC_REPRESENTATION_CONTEXT() REPRESENTATION_CONTEXT('2D SPACE',''
  ) );
#4484 = ADVANCED_FACE('',(#4485),#1060,.F.);
#4485 = FACE_BOUND('',#4486,.T.);
#4486 = EDGE_LOOP('',(#4487,#4488,#4489,#4510,#4511));
#4487 = ORIENTED_EDGE('',*,*,#4464,.F.);
#4488 = ORIENTED_EDGE('',*,*,#1039,.T.);
#4489 = ORIENTED_EDGE('',*,*,#4490,.T.);
#4490 = EDGE_CURVE('',#1012,#1637,#4491,.T.);
#4491 = SURFACE_CURVE('',#4492,(#4496,#4503),.PCURVE_S1.);
#4492 = LINE('',#4493,#4494);
#4493 = CARTESIAN_POINT('',(51.,-16.,66.));
#4494 = VECTOR('',#4495,1.);
#4495 = DIRECTION('',(-0.,1.,-0.));
#4496 = PCURVE('',#1060,#4497);
#4497 = DEFINITIONAL_REPRESENTATION('',(#4498),#4502);
#4498 = LINE('',#4499,#4500);
#4499 = CARTESIAN_POINT('',(-1.570796326795,0.));
#4500 = VECTOR('',#4501,1.);
#4501 = DIRECTION('',(-0.,1.));
#4502 = ( GEOMETRIC_REPRESENTATION_CONTEXT(2) 
PARAMETRIC_REPRESENTATION_CONTEXT() REPRESENTATION_CONTEXT('2D SPACE',''
  ) );
#4503 = PCURVE('',#1027,#4504);
#4504 = DEFINITIONAL_REPRESENTATION('',(#4505),#4509);
#4505 = LINE('',#4506,#4507);
#4506 = CARTESIAN_POINT('',(-6.,0.));
#4507 = VECTOR('',#4508,1.);
#4508 = DIRECTION('',(-0.,-1.));
#4509 = ( GEOMETRIC_REPRESENTATION_CONTEXT(2) 
PARAMETRIC_REPRESENTATION_CONTEXT() REPRESENTATION_CONTEXT('2D SPACE',''
  ) );
#4510 = ORIENTED_EDGE('',*,*,#1659,.F.);
#4511 = ORIENTED_EDGE('',*,*,#4512,.F.);
#4512 = EDGE_CURVE('',#4442,#1660,#4513,.T.);
#4513 = SURFACE_CURVE('',#4514,(#4523,#4535),.PCURVE_S1.);
#4514 = B_SPLINE_CURVE_WITH_KNOTS('',7,(#4515,#4516,#4517,#4518,#4519,
    #4520,#4521,#4522),.UNSPECIFIED.,.F.,.F.,(8,8),(0.,1.),
  .PIECEWISE_BEZIER_KNOTS.);
#4515 = CARTESIAN_POINT('',(57.,-7.949874371066,60.));
#4516 = CARTESIAN_POINT('',(57.,-7.949874371066,60.488877136851));
#4517 = CARTESIAN_POINT('',(56.953528017898,-7.954545318249,
    60.97735527671));
#4518 = CARTESIAN_POINT('',(56.860717634907,-7.963871349876,
    61.463082035238));
#4519 = CARTESIAN_POINT('',(56.720789867494,-7.976558101071,
    61.943536089693));
#4520 = CARTESIAN_POINT('',(56.53219397777,-7.990000010701,
    62.415632785214));
#4521 = CARTESIAN_POINT('',(56.292775620164,-8.,62.87524893588));
#4522 = CARTESIAN_POINT('',(56.,-8.,63.316624790355));
#4523 = PCURVE('',#1060,#4524);
#4524 = DEFINITIONAL_REPRESENTATION('',(#4525),#4534);
#4525 = B_SPLINE_CURVE_WITH_KNOTS('',7,(#4526,#4527,#4528,#4529,#4530,
    #4531,#4532,#4533),.UNSPECIFIED.,.F.,.F.,(8,8),(0.,1.),
  .PIECEWISE_BEZIER_KNOTS.);
#4526 = CARTESIAN_POINT('',(0.,8.050125628934));
#4527 = CARTESIAN_POINT('',(-8.147952280856E-02,8.050125628934));
#4528 = CARTESIAN_POINT('',(-0.162892509215,8.045454681751));
#4529 = CARTESIAN_POINT('',(-0.244730667548,8.036128650124));
#4530 = CARTESIAN_POINT('',(-0.327450103261,8.023441898929));
#4531 = CARTESIAN_POINT('',(-0.411517527058,8.009999989299));
#4532 = CARTESIAN_POINT('',(-0.497410372562,8.));
#4533 = CARTESIAN_POINT('',(-0.585685543457,8.));
#4534 = ( GEOMETRIC_REPRESENTATION_CONTEXT(2) 
PARAMETRIC_REPRESENTATION_CONTEXT() REPRESENTATION_CONTEXT('2D SPACE',''
  ) );
#4535 = PCURVE('',#1494,#4536);
#4536 = DEFINITIONAL_REPRESENTATION('',(#4537),#4546);
#4537 = B_SPLINE_CURVE_WITH_KNOTS('',7,(#4538,#4539,#4540,#4541,#4542,
    #4543,#4544,#4545),.UNSPECIFIED.,.F.,.F.,(8,8),(0.,1.),
  .PIECEWISE_BEZIER_KNOTS.);
#4538 = CARTESIAN_POINT('',(-1.470628905633,160.));
#4539 = CARTESIAN_POINT('',(-1.470628905633,160.48887713685));
#4540 = CARTESIAN_POINT('',(-1.475299488987,160.97735527671));
#4541 = CARTESIAN_POINT('',(-1.484627424094,161.46308203523));
#4542 = CARTESIAN_POINT('',(-1.498676496333,161.94353608969));
#4543 = CARTESIAN_POINT('',(-1.517576897904,162.41563278521));
#4544 = CARTESIAN_POINT('',(-1.541518764779,162.87524893588));
#4545 = CARTESIAN_POINT('',(-1.570796326795,163.31662479035));
#4546 = ( GEOMETRIC_REPRESENTATION_CONTEXT(2) 
PARAMETRIC_REPRESENTATION_CONTEXT() REPRESENTATION_CONTEXT('2D SPACE',''
  ) );
#4547 = ADVANCED_FACE('',(#4548),#1027,.T.);
#4548 = FACE_BOUND('',#4549,.F.);
#4549 = EDGE_LOOP('',(#4550,#4551,#4552,#4553));
#4550 = ORIENTED_EDGE('',*,*,#1011,.F.);
#4551 = ORIENTED_EDGE('',*,*,#4490,.T.);
#4552 = ORIENTED_EDGE('',*,*,#1636,.F.);
#4553 = ORIENTED_EDGE('',*,*,#4554,.F.);
#4554 = EDGE_CURVE('',#979,#1609,#4555,.T.);
#4555 = SURFACE_CURVE('',#4556,(#4560,#4567),.PCURVE_S1.);
#4556 = LINE('',#4557,#4558);
#4557 = CARTESIAN_POINT('',(29.,-16.,66.));
#4558 = VECTOR('',#4559,1.);
#4559 = DIRECTION('',(-0.,1.,-0.));
#4560 = PCURVE('',#1027,#4561);
#4561 = DEFINITIONAL_REPRESENTATION('',(#4562),#4566);
#4562 = LINE('',#4563,#4564);
#4563 = CARTESIAN_POINT('',(-28.,0.));
#4564 = VECTOR('',#4565,1.);
#4565 = DIRECTION('',(-0.,-1.));
#4566 = ( GEOMETRIC_REPRESENTATION_CONTEXT(2) 
PARAMETRIC_REPRESENTATION_CONTEXT() REPRESENTATION_CONTEXT('2D SPACE',''
  ) );
#4567 = PCURVE('',#999,#4568);
#4568 = DEFINITIONAL_REPRESENTATION('',(#4569),#4573);
#4569 = LINE('',#4570,#4571);
#4570 = CARTESIAN_POINT('',(-0.,0.));
#4571 = VECTOR('',#4572,1.);
#4572 = DIRECTION('',(-0.,1.));
#4573 = ( GEOMETRIC_REPRESENTATION_CONTEXT(2) 
PARAMETRIC_REPRESENTATION_CONTEXT() REPRESENTATION_CONTEXT('2D SPACE',''
  ) );
#4574 = ADVANCED_FACE('',(#4575),#999,.F.);
#4575 = FACE_BOUND('',#4576,.T.);
#4576 = EDGE_LOOP('',(#4577,#4578,#4579,#4600));
#4577 = ORIENTED_EDGE('',*,*,#4554,.F.);
#4578 = ORIENTED_EDGE('',*,*,#978,.T.);
#4579 = ORIENTED_EDGE('',*,*,#4580,.T.);
#4580 = EDGE_CURVE('',#951,#1586,#4581,.T.);
#4581 = SURFACE_CURVE('',#4582,(#4586,#4593),.PCURVE_S1.);
#4582 = LINE('',#4583,#4584);
#4583 = CARTESIAN_POINT('',(23.,-16.,60.));
#4584 = VECTOR('',#4585,1.);
#4585 = DIRECTION('',(-0.,1.,-0.));
#4586 = PCURVE('',#999,#4587);
#4587 = DEFINITIONAL_REPRESENTATION('',(#4588),#4592);
#4588 = LINE('',#4589,#4590);
#4589 = CARTESIAN_POINT('',(-1.570796326795,0.));
#4590 = VECTOR('',#4591,1.);
#4591 = DIRECTION('',(-0.,1.));
#4592 = ( GEOMETRIC_REPRESENTATION_CONTEXT(2) 
PARAMETRIC_REPRESENTATION_CONTEXT() REPRESENTATION_CONTEXT('2D SPACE',''
  ) );
#4593 = PCURVE('',#966,#4594);
#4594 = DEFINITIONAL_REPRESENTATION('',(#4595),#4599);
#4595 = LINE('',#4596,#4597);
#4596 = CARTESIAN_POINT('',(-6.,-0.));
#4597 = VECTOR('',#4598,1.);
#4598 = DIRECTION('',(-0.,-1.));
#4599 = ( GEOMETRIC_REPRESENTATION_CONTEXT(2) 
PARAMETRIC_REPRESENTATION_CONTEXT() REPRESENTATION_CONTEXT('2D SPACE',''
  ) );
#4600 = ORIENTED_EDGE('',*,*,#1608,.F.);
#4601 = ADVANCED_FACE('',(#4602),#966,.T.);
#4602 = FACE_BOUND('',#4603,.F.);
#4603 = EDGE_LOOP('',(#4604,#4605,#4606,#4607));
#4604 = ORIENTED_EDGE('',*,*,#950,.F.);
#4605 = ORIENTED_EDGE('',*,*,#4580,.T.);
#4606 = ORIENTED_EDGE('',*,*,#1585,.F.);
#4607 = ORIENTED_EDGE('',*,*,#4608,.F.);
#4608 = EDGE_CURVE('',#922,#1558,#4609,.T.);
#4609 = SURFACE_CURVE('',#4610,(#4614,#4621),.PCURVE_S1.);
#4610 = LINE('',#4611,#4612);
#4611 = CARTESIAN_POINT('',(23.,-16.,38.));
#4612 = VECTOR('',#4613,1.);
#4613 = DIRECTION('',(-0.,1.,-0.));
#4614 = PCURVE('',#966,#4615);
#4615 = DEFINITIONAL_REPRESENTATION('',(#4616),#4620);
#4616 = LINE('',#4617,#4618);
#4617 = CARTESIAN_POINT('',(-28.,-0.));
#4618 = VECTOR('',#4619,1.);
#4619 = DIRECTION('',(-0.,-1.));
#4620 = ( GEOMETRIC_REPRESENTATION_CONTEXT(2) 
PARAMETRIC_REPRESENTATION_CONTEXT() REPRESENTATION_CONTEXT('2D SPACE',''
  ) );
#4621 = PCURVE('',#938,#4622);
#4622 = DEFINITIONAL_REPRESENTATION('',(#4623),#4627);
#4623 = LINE('',#4624,#4625);
#4624 = CARTESIAN_POINT('',(1.570796326795,0.));
#4625 = VECTOR('',#4626,1.);
#4626 = DIRECTION('',(0.,1.));
#4627 = ( GEOMETRIC_REPRESENTATION_CONTEXT(2) 
PARAMETRIC_REPRESENTATION_CONTEXT() REPRESENTATION_CONTEXT('2D SPACE',''
  ) );
#4628 = ADVANCED_FACE('',(#4629),#938,.F.);
#4629 = FACE_BOUND('',#4630,.F.);
#4630 = EDGE_LOOP('',(#4631,#4632,#4633,#4634));
#4631 = ORIENTED_EDGE('',*,*,#4328,.F.);
#4632 = ORIENTED_EDGE('',*,*,#921,.T.);
#4633 = ORIENTED_EDGE('',*,*,#4608,.T.);
#4634 = ORIENTED_EDGE('',*,*,#1557,.T.);
#4635 = ADVANCED_FACE('',(#4636),#1154,.F.);
#4636 = FACE_BOUND('',#4637,.F.);
#4637 = EDGE_LOOP('',(#4638,#4639,#4660,#4661));
#4638 = ORIENTED_EDGE('',*,*,#1133,.F.);
#4639 = ORIENTED_EDGE('',*,*,#4640,.T.);
#4640 = EDGE_CURVE('',#1134,#2065,#4641,.T.);
#4641 = SEAM_CURVE('',#4642,(#4646,#4653),.PCURVE_S1.);
#4642 = LINE('',#4643,#4644);
#4643 = CARTESIAN_POINT('',(30.,-16.,0.));
#4644 = VECTOR('',#4645,1.);
#4645 = DIRECTION('',(-0.,1.,-0.));
#4646 = PCURVE('',#1154,#4647);
#4647 = DEFINITIONAL_REPRESENTATION('',(#4648),#4652);
#4648 = LINE('',#4649,#4650);
#4649 = CARTESIAN_POINT('',(6.28318530718,0.));
#4650 = VECTOR('',#4651,1.);
#4651 = DIRECTION('',(0.,-1.));
#4652 = ( GEOMETRIC_REPRESENTATION_CONTEXT(2) 
PARAMETRIC_REPRESENTATION_CONTEXT() REPRESENTATION_CONTEXT('2D SPACE',''
  ) );
#4653 = PCURVE('',#1154,#4654);
#4654 = DEFINITIONAL_REPRESENTATION('',(#4655),#4659);
#4655 = LINE('',#4656,#4657);
#4656 = CARTESIAN_POINT('',(0.,0.));
#4657 = VECTOR('',#4658,1.);
#4658 = DIRECTION('',(0.,-1.));
#4659 = ( GEOMETRIC_REPRESENTATION_CONTEXT(2) 
PARAMETRIC_REPRESENTATION_CONTEXT() REPRESENTATION_CONTEXT('2D SPACE',''
  ) );
#4660 = ORIENTED_EDGE('',*,*,#2064,.F.);
#4661 = ORIENTED_EDGE('',*,*,#4640,.F.);
#4662 = ADVANCED_FACE('',(#4663),#1189,.F.);
#4663 = FACE_BOUND('',#4664,.F.);
#4664 = EDGE_LOOP('',(#4665,#4666,#4687,#4688));
#4665 = ORIENTED_EDGE('',*,*,#1168,.F.);
#4666 = ORIENTED_EDGE('',*,*,#4667,.T.);
#4667 = EDGE_CURVE('',#1169,#2091,#4668,.T.);
#4668 = SEAM_CURVE('',#4669,(#4673,#4680),.PCURVE_S1.);
#4669 = LINE('',#4670,#4671);
#4670 = CARTESIAN_POINT('',(58.,-16.,2.1));
#4671 = VECTOR('',#4672,1.);
#4672 = DIRECTION('',(-0.,1.,-0.));
#4673 = PCURVE('',#1189,#4674);
#4674 = DEFINITIONAL_REPRESENTATION('',(#4675),#4679);
#4675 = LINE('',#4676,#4677);
#4676 = CARTESIAN_POINT('',(6.28318530718,0.));
#4677 = VECTOR('',#4678,1.);
#4678 = DIRECTION('',(0.,-1.));
#4679 = ( GEOMETRIC_REPRESENTATION_CONTEXT(2) 
PARAMETRIC_REPRESENTATION_CONTEXT() REPRESENTATION_CONTEXT('2D SPACE',''
  ) );
#4680 = PCURVE('',#1189,#4681);
#4681 = DEFINITIONAL_REPRESENTATION('',(#4682),#4686);
#4682 = LINE('',#4683,#4684);
#4683 = CARTESIAN_POINT('',(0.,0.));
#4684 = VECTOR('',#4685,1.);
#4685 = DIRECTION('',(0.,-1.));
#4686 = ( GEOMETRIC_REPRESENTATION_CONTEXT(2) 
PARAMETRIC_REPRESENTATION_CONTEXT() REPRESENTATION_CONTEXT('2D SPACE',''
  ) );
#4687 = ORIENTED_EDGE('',*,*,#2090,.F.);
#4688 = ORIENTED_EDGE('',*,*,#4667,.F.);
#4689 = ADVANCED_FACE('',(#4690),#1224,.F.);
#4690 = FACE_BOUND('',#4691,.F.);
#4691 = EDGE_LOOP('',(#4692,#4693,#4714,#4715));
#4692 = ORIENTED_EDGE('',*,*,#1203,.F.);
#4693 = ORIENTED_EDGE('',*,*,#4694,.T.);
#4694 = EDGE_CURVE('',#1204,#2117,#4695,.T.);
#4695 = SEAM_CURVE('',#4696,(#4700,#4707),.PCURVE_S1.);
#4696 = LINE('',#4697,#4698);
#4697 = CARTESIAN_POINT('',(45.1,-16.,-24.6));
#4698 = VECTOR('',#4699,1.);
#4699 = DIRECTION('',(-0.,1.,-0.));
#4700 = PCURVE('',#1224,#4701);
#4701 = DEFINITIONAL_REPRESENTATION('',(#4702),#4706);
#4702 = LINE('',#4703,#4704);
#4703 = CARTESIAN_POINT('',(6.28318530718,0.));
#4704 = VECTOR('',#4705,1.);
#4705 = DIRECTION('',(0.,-1.));
#4706 = ( GEOMETRIC_REPRESENTATION_CONTEXT(2) 
PARAMETRIC_REPRESENTATION_CONTEXT() REPRESENTATION_CONTEXT('2D SPACE',''
  ) );
#4707 = PCURVE('',#1224,#4708);
#4708 = DEFINITIONAL_REPRESENTATION('',(#4709),#4713);
#4709 = LINE('',#4710,#4711);
#4710 = CARTESIAN_POINT('',(0.,0.));
#4711 = VECTOR('',#4712,1.);
#4712 = DIRECTION('',(0.,-1.));
#4713 = ( GEOMETRIC_REPRESENTATION_CONTEXT(2) 
PARAMETRIC_REPRESENTATION_CONTEXT() REPRESENTATION_CONTEXT('2D SPACE',''
  ) );
#4714 = ORIENTED_EDGE('',*,*,#2116,.F.);
#4715 = ORIENTED_EDGE('',*,*,#4694,.F.);
#4716 = ADVANCED_FACE('',(#4717),#1930,.F.);
#4717 = FACE_BOUND('',#4718,.T.);
#4718 = EDGE_LOOP('',(#4719,#4749,#4775,#4776));
#4719 = ORIENTED_EDGE('',*,*,#4720,.F.);
#4720 = EDGE_CURVE('',#4721,#4723,#4725,.T.);
#4721 = VERTEX_POINT('',#4722);
#4722 = CARTESIAN_POINT('',(-66.,2.,0.));
#4723 = VERTEX_POINT('',#4724);
#4724 = CARTESIAN_POINT('',(-66.,-8.,0.));
#4725 = SURFACE_CURVE('',#4726,(#4730,#4737),.PCURVE_S1.);
#4726 = LINE('',#4727,#4728);
#4727 = CARTESIAN_POINT('',(-66.,2.,0.));
#4728 = VECTOR('',#4729,1.);
#4729 = DIRECTION('',(0.,-1.,0.));
#4730 = PCURVE('',#1930,#4731);
#4731 = DEFINITIONAL_REPRESENTATION('',(#4732),#4736);
#4732 = LINE('',#4733,#4734);
#4733 = CARTESIAN_POINT('',(-0.,-0.));
#4734 = VECTOR('',#4735,1.);
#4735 = DIRECTION('',(-0.,1.));
#4736 = ( GEOMETRIC_REPRESENTATION_CONTEXT(2) 
PARAMETRIC_REPRESENTATION_CONTEXT() REPRESENTATION_CONTEXT('2D SPACE',''
  ) );
#4737 = PCURVE('',#4738,#4743);
#4738 = PLANE('',#4739);
#4739 = AXIS2_PLACEMENT_3D('',#4740,#4741,#4742);
#4740 = CARTESIAN_POINT('',(-66.,2.,0.));
#4741 = DIRECTION('',(1.,0.,-0.));
#4742 = DIRECTION('',(-0.,0.,-1.));
#4743 = DEFINITIONAL_REPRESENTATION('',(#4744),#4748);
#4744 = LINE('',#4745,#4746);
#4745 = CARTESIAN_POINT('',(-0.,0.));
#4746 = VECTOR('',#4747,1.);
#4747 = DIRECTION('',(-0.,-1.));
#4748 = ( GEOMETRIC_REPRESENTATION_CONTEXT(2) 
PARAMETRIC_REPRESENTATION_CONTEXT() REPRESENTATION_CONTEXT('2D SPACE',''
  ) );
#4749 = ORIENTED_EDGE('',*,*,#4750,.F.);
#4750 = EDGE_CURVE('',#1892,#4721,#4751,.T.);
#4751 = SURFACE_CURVE('',#4752,(#4757,#4768),.PCURVE_S1.);
#4752 = CIRCLE('',#4753,10.);
#4753 = AXIS2_PLACEMENT_3D('',#4754,#4755,#4756);
#4754 = CARTESIAN_POINT('',(-56.,2.,0.));
#4755 = DIRECTION('',(0.,-0.,-1.));
#4756 = DIRECTION('',(-1.,-0.,0.));
#4757 = PCURVE('',#1930,#4758);
#4758 = DEFINITIONAL_REPRESENTATION('',(#4759),#4767);
#4759 = ( BOUNDED_CURVE() B_SPLINE_CURVE(2,(#4760,#4761,#4762,#4763,
#4764,#4765,#4766),.UNSPECIFIED.,.T.,.F.) B_SPLINE_CURVE_WITH_KNOTS((1,2
    ,2,2,2,1),(-2.094395102393,0.,2.094395102393,4.188790204786,
6.28318530718,8.377580409573),.UNSPECIFIED.) CURVE() 
GEOMETRIC_REPRESENTATION_ITEM() RATIONAL_B_SPLINE_CURVE((1.,0.5,1.,0.5,
1.,0.5,1.)) REPRESENTATION_ITEM('') );
#4760 = CARTESIAN_POINT('',(0.,1.7763568394E-15));
#4761 = CARTESIAN_POINT('',(0.,-17.32050807568));
#4762 = CARTESIAN_POINT('',(-15.,-8.660254037844));
#4763 = CARTESIAN_POINT('',(-30.,-6.729367588945E-16));
#4764 = CARTESIAN_POINT('',(-15.,8.660254037844));
#4765 = CARTESIAN_POINT('',(-1.59872115546E-14,17.320508075689));
#4766 = CARTESIAN_POINT('',(0.,1.7763568394E-15));
#4767 = ( GEOMETRIC_REPRESENTATION_CONTEXT(2) 
PARAMETRIC_REPRESENTATION_CONTEXT() REPRESENTATION_CONTEXT('2D SPACE',''
  ) );
#4768 = PCURVE('',#1754,#4769);
#4769 = DEFINITIONAL_REPRESENTATION('',(#4770),#4774);
#4770 = LINE('',#4771,#4772);
#4771 = CARTESIAN_POINT('',(6.28318530718,100.));
#4772 = VECTOR('',#4773,1.);
#4773 = DIRECTION('',(-1.,0.));
#4774 = ( GEOMETRIC_REPRESENTATION_CONTEXT(2) 
PARAMETRIC_REPRESENTATION_CONTEXT() REPRESENTATION_CONTEXT('2D SPACE',''
  ) );
#4775 = ORIENTED_EDGE('',*,*,#1914,.F.);
#4776 = ORIENTED_EDGE('',*,*,#4777,.F.);
#4777 = EDGE_CURVE('',#4723,#1915,#4778,.T.);
#4778 = SURFACE_CURVE('',#4779,(#4783,#4790),.PCURVE_S1.);
#4779 = LINE('',#4780,#4781);
#4780 = CARTESIAN_POINT('',(-66.,-8.,0.));
#4781 = VECTOR('',#4782,1.);
#4782 = DIRECTION('',(1.,0.,-0.));
#4783 = PCURVE('',#1930,#4784);
#4784 = DEFINITIONAL_REPRESENTATION('',(#4785),#4789);
#4785 = LINE('',#4786,#4787);
#4786 = CARTESIAN_POINT('',(-0.,10.));
#4787 = VECTOR('',#4788,1.);
#4788 = DIRECTION('',(-1.,0.));
#4789 = ( GEOMETRIC_REPRESENTATION_CONTEXT(2) 
PARAMETRIC_REPRESENTATION_CONTEXT() REPRESENTATION_CONTEXT('2D SPACE',''
  ) );
#4790 = PCURVE('',#2316,#4791);
#4791 = DEFINITIONAL_REPRESENTATION('',(#4792),#4796);
#4792 = LINE('',#4793,#4794);
#4793 = CARTESIAN_POINT('',(-0.,-8.));
#4794 = VECTOR('',#4795,1.);
#4795 = DIRECTION('',(-0.,-1.));
#4796 = ( GEOMETRIC_REPRESENTATION_CONTEXT(2) 
PARAMETRIC_REPRESENTATION_CONTEXT() REPRESENTATION_CONTEXT('2D SPACE',''
  ) );
#4797 = ADVANCED_FACE('',(#4798),#1754,.F.);
#4798 = FACE_BOUND('',#4799,.F.);
#4799 = EDGE_LOOP('',(#4800,#4823,#4824,#4825,#4826,#4827,#4848,#4849,
    #4850,#4851,#4880));
#4800 = ORIENTED_EDGE('',*,*,#4801,.F.);
#4801 = EDGE_CURVE('',#4721,#4802,#4804,.T.);
#4802 = VERTEX_POINT('',#4803);
#4803 = CARTESIAN_POINT('',(-66.,2.,10.));
#4804 = SURFACE_CURVE('',#4805,(#4809,#4816),.PCURVE_S1.);
#4805 = LINE('',#4806,#4807);
#4806 = CARTESIAN_POINT('',(-66.,2.,0.));
#4807 = VECTOR('',#4808,1.);
#4808 = DIRECTION('',(0.,0.,1.));
#4809 = PCURVE('',#1754,#4810);
#4810 = DEFINITIONAL_REPRESENTATION('',(#4811),#4815);
#4811 = LINE('',#4812,#4813);
#4812 = CARTESIAN_POINT('',(0.,100.));
#4813 = VECTOR('',#4814,1.);
#4814 = DIRECTION('',(0.,1.));
#4815 = ( GEOMETRIC_REPRESENTATION_CONTEXT(2) 
PARAMETRIC_REPRESENTATION_CONTEXT() REPRESENTATION_CONTEXT('2D SPACE',''
  ) );
#4816 = PCURVE('',#4738,#4817);
#4817 = DEFINITIONAL_REPRESENTATION('',(#4818),#4822);
#4818 = LINE('',#4819,#4820);
#4819 = CARTESIAN_POINT('',(-0.,0.));
#4820 = VECTOR('',#4821,1.);
#4821 = DIRECTION('',(-1.,0.));
#4822 = ( GEOMETRIC_REPRESENTATION_CONTEXT(2) 
PARAMETRIC_REPRESENTATION_CONTEXT() REPRESENTATION_CONTEXT('2D SPACE',''
  ) );
#4823 = ORIENTED_EDGE('',*,*,#4750,.F.);
#4824 = ORIENTED_EDGE('',*,*,#1891,.T.);
#4825 = ORIENTED_EDGE('',*,*,#3890,.T.);
#4826 = ORIENTED_EDGE('',*,*,#3995,.T.);
#4827 = ORIENTED_EDGE('',*,*,#4828,.T.);
#4828 = EDGE_CURVE('',#3967,#4157,#4829,.T.);
#4829 = SURFACE_CURVE('',#4830,(#4834,#4841),.PCURVE_S1.);
#4830 = LINE('',#4831,#4832);
#4831 = CARTESIAN_POINT('',(-60.35889894354,-7.,-100.));
#4832 = VECTOR('',#4833,1.);
#4833 = DIRECTION('',(-0.,-0.,1.));
#4834 = PCURVE('',#1754,#4835);
#4835 = DEFINITIONAL_REPRESENTATION('',(#4836),#4840);
#4836 = LINE('',#4837,#4838);
#4837 = CARTESIAN_POINT('',(1.119769514999,0.));
#4838 = VECTOR('',#4839,1.);
#4839 = DIRECTION('',(0.,1.));
#4840 = ( GEOMETRIC_REPRESENTATION_CONTEXT(2) 
PARAMETRIC_REPRESENTATION_CONTEXT() REPRESENTATION_CONTEXT('2D SPACE',''
  ) );
#4841 = PCURVE('',#3983,#4842);
#4842 = DEFINITIONAL_REPRESENTATION('',(#4843),#4847);
#4843 = LINE('',#4844,#4845);
#4844 = CARTESIAN_POINT('',(-144.,-3.358898943541));
#4845 = VECTOR('',#4846,1.);
#4846 = DIRECTION('',(1.,-0.));
#4847 = ( GEOMETRIC_REPRESENTATION_CONTEXT(2) 
PARAMETRIC_REPRESENTATION_CONTEXT() REPRESENTATION_CONTEXT('2D SPACE',''
  ) );
#4848 = ORIENTED_EDGE('',*,*,#4184,.F.);
#4849 = ORIENTED_EDGE('',*,*,#4247,.F.);
#4850 = ORIENTED_EDGE('',*,*,#1738,.T.);
#4851 = ORIENTED_EDGE('',*,*,#4852,.T.);
#4852 = EDGE_CURVE('',#1711,#4853,#4855,.T.);
#4853 = VERTEX_POINT('',#4854);
#4854 = CARTESIAN_POINT('',(-66.,2.,70.));
#4855 = SURFACE_CURVE('',#4856,(#4861,#4868),.PCURVE_S1.);
#4856 = CIRCLE('',#4857,10.);
#4857 = AXIS2_PLACEMENT_3D('',#4858,#4859,#4860);
#4858 = CARTESIAN_POINT('',(-56.,2.,70.));
#4859 = DIRECTION('',(0.,0.,-1.));
#4860 = DIRECTION('',(-1.,-0.,-0.));
#4861 = PCURVE('',#1754,#4862);
#4862 = DEFINITIONAL_REPRESENTATION('',(#4863),#4867);
#4863 = LINE('',#4864,#4865);
#4864 = CARTESIAN_POINT('',(6.28318530718,170.));
#4865 = VECTOR('',#4866,1.);
#4866 = DIRECTION('',(-1.,-0.));
#4867 = ( GEOMETRIC_REPRESENTATION_CONTEXT(2) 
PARAMETRIC_REPRESENTATION_CONTEXT() REPRESENTATION_CONTEXT('2D SPACE',''
  ) );
#4868 = PCURVE('',#4869,#4874);
#4869 = SPHERICAL_SURFACE('',#4870,10.);
#4870 = AXIS2_PLACEMENT_3D('',#4871,#4872,#4873);
#4871 = CARTESIAN_POINT('',(-56.,2.,70.));
#4872 = DIRECTION('',(-0.,1.,-0.));
#4873 = DIRECTION('',(-1.,-0.,-0.));
#4874 = DEFINITIONAL_REPRESENTATION('',(#4875),#4879);
#4875 = LINE('',#4876,#4877);
#4876 = CARTESIAN_POINT('',(0.,-6.28318530718));
#4877 = VECTOR('',#4878,1.);
#4878 = DIRECTION('',(0.,1.));
#4879 = ( GEOMETRIC_REPRESENTATION_CONTEXT(2) 
PARAMETRIC_REPRESENTATION_CONTEXT() REPRESENTATION_CONTEXT('2D SPACE',''
  ) );
#4880 = ORIENTED_EDGE('',*,*,#4881,.T.);
#4881 = EDGE_CURVE('',#4853,#4802,#4882,.T.);
#4882 = SURFACE_CURVE('',#4883,(#4887,#4894),.PCURVE_S1.);
#4883 = LINE('',#4884,#4885);
#4884 = CARTESIAN_POINT('',(-66.,2.,80.));
#4885 = VECTOR('',#4886,1.);
#4886 = DIRECTION('',(0.,2.030122102172E-16,-1.));
#4887 = PCURVE('',#1754,#4888);
#4888 = DEFINITIONAL_REPRESENTATION('',(#4889),#4893);
#4889 = LINE('',#4890,#4891);
#4890 = CARTESIAN_POINT('',(0.,180.));
#4891 = VECTOR('',#4892,1.);
#4892 = DIRECTION('',(-0.,-1.));
#4893 = ( GEOMETRIC_REPRESENTATION_CONTEXT(2) 
PARAMETRIC_REPRESENTATION_CONTEXT() REPRESENTATION_CONTEXT('2D SPACE',''
  ) );
#4894 = PCURVE('',#4895,#4900);
#4895 = PLANE('',#4896);
#4896 = AXIS2_PLACEMENT_3D('',#4897,#4898,#4899);
#4897 = CARTESIAN_POINT('',(-66.,20.284271247462,51.715728752538));
#4898 = DIRECTION('',(1.,-0.,-0.));
#4899 = DIRECTION('',(-0.,0.,-1.));
#4900 = DEFINITIONAL_REPRESENTATION('',(#4901),#4905);
#4901 = LINE('',#4902,#4903);
#4902 = CARTESIAN_POINT('',(-28.28427124746,-18.28427124746));
#4903 = VECTOR('',#4904,1.);
#4904 = DIRECTION('',(1.,2.030122102172E-16));
#4905 = ( GEOMETRIC_REPRESENTATION_CONTEXT(2) 
PARAMETRIC_REPRESENTATION_CONTEXT() REPRESENTATION_CONTEXT('2D SPACE',''
  ) );
#4906 = ADVANCED_FACE('',(#4907),#1726,.F.);
#4907 = FACE_BOUND('',#4908,.T.);
#4908 = EDGE_LOOP('',(#4909,#4933,#4961,#4988));
#4909 = ORIENTED_EDGE('',*,*,#4910,.T.);
#4910 = EDGE_CURVE('',#1711,#4911,#4913,.T.);
#4911 = VERTEX_POINT('',#4912);
#4912 = CARTESIAN_POINT('',(-56.,2.,80.));
#4913 = SURFACE_CURVE('',#4914,(#4919,#4926),.PCURVE_S1.);
#4914 = CIRCLE('',#4915,10.);
#4915 = AXIS2_PLACEMENT_3D('',#4916,#4917,#4918);
#4916 = CARTESIAN_POINT('',(-56.,2.,70.));
#4917 = DIRECTION('',(-1.,0.,-6.123233995737E-17));
#4918 = DIRECTION('',(-6.123233995737E-17,-0.,1.));
#4919 = PCURVE('',#1726,#4920);
#4920 = DEFINITIONAL_REPRESENTATION('',(#4921),#4925);
#4921 = LINE('',#4922,#4923);
#4922 = CARTESIAN_POINT('',(4.712388980385,10.));
#4923 = VECTOR('',#4924,1.);
#4924 = DIRECTION('',(-1.,0.));
#4925 = ( GEOMETRIC_REPRESENTATION_CONTEXT(2) 
PARAMETRIC_REPRESENTATION_CONTEXT() REPRESENTATION_CONTEXT('2D SPACE',''
  ) );
#4926 = PCURVE('',#4869,#4927);
#4927 = DEFINITIONAL_REPRESENTATION('',(#4928),#4932);
#4928 = LINE('',#4929,#4930);
#4929 = CARTESIAN_POINT('',(1.570796326795,-6.28318530718));
#4930 = VECTOR('',#4931,1.);
#4931 = DIRECTION('',(0.,1.));
#4932 = ( GEOMETRIC_REPRESENTATION_CONTEXT(2) 
PARAMETRIC_REPRESENTATION_CONTEXT() REPRESENTATION_CONTEXT('2D SPACE',''
  ) );
#4933 = ORIENTED_EDGE('',*,*,#4934,.F.);
#4934 = EDGE_CURVE('',#4935,#4911,#4937,.T.);
#4935 = VERTEX_POINT('',#4936);
#4936 = CARTESIAN_POINT('',(56.,2.,80.));
#4937 = SURFACE_CURVE('',#4938,(#4942,#4949),.PCURVE_S1.);
#4938 = LINE('',#4939,#4940);
#4939 = CARTESIAN_POINT('',(66.,2.,80.));
#4940 = VECTOR('',#4941,1.);
#4941 = DIRECTION('',(-1.,-0.,-0.));
#4942 = PCURVE('',#1726,#4943);
#4943 = DEFINITIONAL_REPRESENTATION('',(#4944),#4948);
#4944 = LINE('',#4945,#4946);
#4945 = CARTESIAN_POINT('',(-1.570796326795,132.));
#4946 = VECTOR('',#4947,1.);
#4947 = DIRECTION('',(-0.,-1.));
#4948 = ( GEOMETRIC_REPRESENTATION_CONTEXT(2) 
PARAMETRIC_REPRESENTATION_CONTEXT() REPRESENTATION_CONTEXT('2D SPACE',''
  ) );
#4949 = PCURVE('',#4950,#4955);
#4950 = PLANE('',#4951);
#4951 = AXIS2_PLACEMENT_3D('',#4952,#4953,#4954);
#4952 = CARTESIAN_POINT('',(0.,28.,80.));
#4953 = DIRECTION('',(-0.,-0.,1.));
#4954 = DIRECTION('',(-1.,0.,-0.));
#4955 = DEFINITIONAL_REPRESENTATION('',(#4956),#4960);
#4956 = LINE('',#4957,#4958);
#4957 = CARTESIAN_POINT('',(-66.,26.));
#4958 = VECTOR('',#4959,1.);
#4959 = DIRECTION('',(1.,-0.));
#4960 = ( GEOMETRIC_REPRESENTATION_CONTEXT(2) 
PARAMETRIC_REPRESENTATION_CONTEXT() REPRESENTATION_CONTEXT('2D SPACE',''
  ) );
#4961 = ORIENTED_EDGE('',*,*,#4962,.F.);
#4962 = EDGE_CURVE('',#1688,#4935,#4963,.T.);
#4963 = SURFACE_CURVE('',#4964,(#4969,#4976),.PCURVE_S1.);
#4964 = CIRCLE('',#4965,10.);
#4965 = AXIS2_PLACEMENT_3D('',#4966,#4967,#4968);
#4966 = CARTESIAN_POINT('',(56.,2.,70.));
#4967 = DIRECTION('',(-1.,0.,6.123233995737E-17));
#4968 = DIRECTION('',(6.123233995737E-17,0.,1.));
#4969 = PCURVE('',#1726,#4970);
#4970 = DEFINITIONAL_REPRESENTATION('',(#4971),#4975);
#4971 = LINE('',#4972,#4973);
#4972 = CARTESIAN_POINT('',(4.712388980385,122.));
#4973 = VECTOR('',#4974,1.);
#4974 = DIRECTION('',(-1.,0.));
#4975 = ( GEOMETRIC_REPRESENTATION_CONTEXT(2) 
PARAMETRIC_REPRESENTATION_CONTEXT() REPRESENTATION_CONTEXT('2D SPACE',''
  ) );
#4976 = PCURVE('',#4977,#4982);
#4977 = SPHERICAL_SURFACE('',#4978,10.);
#4978 = AXIS2_PLACEMENT_3D('',#4979,#4980,#4981);
#4979 = CARTESIAN_POINT('',(56.,2.,70.));
#4980 = DIRECTION('',(-0.,1.,-0.));
#4981 = DIRECTION('',(1.,0.,-0.));
#4982 = DEFINITIONAL_REPRESENTATION('',(#4983),#4987);
#4983 = LINE('',#4984,#4985);
#4984 = CARTESIAN_POINT('',(-1.570796326795,-6.28318530718));
#4985 = VECTOR('',#4986,1.);
#4986 = DIRECTION('',(-0.,1.));
#4987 = ( GEOMETRIC_REPRESENTATION_CONTEXT(2) 
PARAMETRIC_REPRESENTATION_CONTEXT() REPRESENTATION_CONTEXT('2D SPACE',''
  ) );
#4988 = ORIENTED_EDGE('',*,*,#1710,.F.);
#4989 = ADVANCED_FACE('',(#4990),#1494,.F.);
#4990 = FACE_BOUND('',#4991,.T.);
#4991 = EDGE_LOOP('',(#4992,#5022,#5050,#5173,#5174,#5175,#5176,#5177,
    #5178,#5202));
#4992 = ORIENTED_EDGE('',*,*,#4993,.F.);
#4993 = EDGE_CURVE('',#4994,#4996,#4998,.T.);
#4994 = VERTEX_POINT('',#4995);
#4995 = CARTESIAN_POINT('',(66.,2.,0.));
#4996 = VERTEX_POINT('',#4997);
#4997 = CARTESIAN_POINT('',(66.,2.,10.));
#4998 = SURFACE_CURVE('',#4999,(#5003,#5010),.PCURVE_S1.);
#4999 = LINE('',#5000,#5001);
#5000 = CARTESIAN_POINT('',(66.,2.,0.));
#5001 = VECTOR('',#5002,1.);
#5002 = DIRECTION('',(0.,0.,1.));
#5003 = PCURVE('',#1494,#5004);
#5004 = DEFINITIONAL_REPRESENTATION('',(#5005),#5009);
#5005 = LINE('',#5006,#5007);
#5006 = CARTESIAN_POINT('',(-0.,100.));
#5007 = VECTOR('',#5008,1.);
#5008 = DIRECTION('',(-0.,1.));
#5009 = ( GEOMETRIC_REPRESENTATION_CONTEXT(2) 
PARAMETRIC_REPRESENTATION_CONTEXT() REPRESENTATION_CONTEXT('2D SPACE',''
  ) );
#5010 = PCURVE('',#5011,#5016);
#5011 = PLANE('',#5012);
#5012 = AXIS2_PLACEMENT_3D('',#5013,#5014,#5015);
#5013 = CARTESIAN_POINT('',(66.,2.,0.));
#5014 = DIRECTION('',(1.,0.,-0.));
#5015 = DIRECTION('',(-0.,0.,-1.));
#5016 = DEFINITIONAL_REPRESENTATION('',(#5017),#5021);
#5017 = LINE('',#5018,#5019);
#5018 = CARTESIAN_POINT('',(-0.,0.));
#5019 = VECTOR('',#5020,1.);
#5020 = DIRECTION('',(-1.,0.));
#5021 = ( GEOMETRIC_REPRESENTATION_CONTEXT(2) 
PARAMETRIC_REPRESENTATION_CONTEXT() REPRESENTATION_CONTEXT('2D SPACE',''
  ) );
#5022 = ORIENTED_EDGE('',*,*,#5023,.T.);
#5023 = EDGE_CURVE('',#4994,#5024,#5026,.T.);
#5024 = VERTEX_POINT('',#5025);
#5025 = CARTESIAN_POINT('',(62.419455939378,-5.667501903644,0.));
#5026 = SURFACE_CURVE('',#5027,(#5032,#5039),.PCURVE_S1.);
#5027 = CIRCLE('',#5028,10.);
#5028 = AXIS2_PLACEMENT_3D('',#5029,#5030,#5031);
#5029 = CARTESIAN_POINT('',(56.,2.,0.));
#5030 = DIRECTION('',(0.,0.,-1.));
#5031 = DIRECTION('',(1.,-0.,0.));
#5032 = PCURVE('',#1494,#5033);
#5033 = DEFINITIONAL_REPRESENTATION('',(#5034),#5038);
#5034 = LINE('',#5035,#5036);
#5035 = CARTESIAN_POINT('',(-0.,100.));
#5036 = VECTOR('',#5037,1.);
#5037 = DIRECTION('',(-1.,0.));
#5038 = ( GEOMETRIC_REPRESENTATION_CONTEXT(2) 
PARAMETRIC_REPRESENTATION_CONTEXT() REPRESENTATION_CONTEXT('2D SPACE',''
  ) );
#5039 = PCURVE('',#1437,#5040);
#5040 = DEFINITIONAL_REPRESENTATION('',(#5041),#5049);
#5041 = ( BOUNDED_CURVE() B_SPLINE_CURVE(2,(#5042,#5043,#5044,#5045,
#5046,#5047,#5048),.UNSPECIFIED.,.T.,.F.) B_SPLINE_CURVE_WITH_KNOTS((1,2
    ,2,2,2,1),(-2.094395102393,0.,2.094395102393,4.188790204786,
6.28318530718,8.377580409573),.UNSPECIFIED.) CURVE() 
GEOMETRIC_REPRESENTATION_ITEM() RATIONAL_B_SPLINE_CURVE((1.,0.5,1.,0.5,
1.,0.5,1.)) REPRESENTATION_ITEM('') );
#5042 = CARTESIAN_POINT('',(-10.,1.7763568394E-15));
#5043 = CARTESIAN_POINT('',(-10.,17.320508075689));
#5044 = CARTESIAN_POINT('',(5.,8.660254037844));
#5045 = CARTESIAN_POINT('',(20.,4.225650437695E-15));
#5046 = CARTESIAN_POINT('',(5.,-8.660254037844));
#5047 = CARTESIAN_POINT('',(-10.,-17.32050807568));
#5048 = CARTESIAN_POINT('',(-10.,1.7763568394E-15));
#5049 = ( GEOMETRIC_REPRESENTATION_CONTEXT(2) 
PARAMETRIC_REPRESENTATION_CONTEXT() REPRESENTATION_CONTEXT('2D SPACE',''
  ) );
#5050 = ORIENTED_EDGE('',*,*,#5051,.F.);
#5051 = EDGE_CURVE('',#1450,#5024,#5052,.T.);
#5052 = SURFACE_CURVE('',#5053,(#5091,#5132),.PCURVE_S1.);
#5053 = B_SPLINE_CURVE_WITH_KNOTS('',6,(#5054,#5055,#5056,#5057,#5058,
    #5059,#5060,#5061,#5062,#5063,#5064,#5065,#5066,#5067,#5068,#5069,
    #5070,#5071,#5072,#5073,#5074,#5075,#5076,#5077,#5078,#5079,#5080,
    #5081,#5082,#5083,#5084,#5085,#5086,#5087,#5088,#5089,#5090),
  .UNSPECIFIED.,.F.,.F.,(7,5,5,5,5,5,5,7),(0.,0.146319452409,
    0.230039180426,0.294424165713,0.466240945996,0.652392657765,
    0.829273474186,1.),.UNSPECIFIED.);
#5054 = CARTESIAN_POINT('',(56.,-8.,9.993668348746));
#5055 = CARTESIAN_POINT('',(56.415766407863,-8.,9.925196213062));
#5056 = CARTESIAN_POINT('',(56.820635949997,-7.979256386538,
    9.831527284889));
#5057 = CARTESIAN_POINT('',(57.211797945834,-7.939809305409,
    9.714724398488));
#5058 = CARTESIAN_POINT('',(57.586669244291,-7.884215875614,
    9.577421337305));
#5059 = CARTESIAN_POINT('',(57.942931290774,-7.815490098849,
    9.42285714688));
#5060 = CARTESIAN_POINT('',(58.470624623042,-7.692002671511,
    9.158930381461));
#5061 = CARTESIAN_POINT('',(58.656486301798,-7.643714219915,
    9.058238384342));
#5062 = CARTESIAN_POINT('',(58.836248525411,-7.592538073441,
    8.953330437682));
#5063 = CARTESIAN_POINT('',(59.010013039056,-7.538895690061,
    8.844587832863));
#5064 = CARTESIAN_POINT('',(59.177897047537,-7.48317242545,
    8.732348947327));
#5065 = CARTESIAN_POINT('',(59.464723988969,-7.381534408248,
    8.528128427546));
#5066 = CARTESIAN_POINT('',(59.586031582133,-7.336320934379,
    8.43744324316));
#5067 = CARTESIAN_POINT('',(59.704030803864,-7.290231091292,
    8.344973865195));
#5068 = CARTESIAN_POINT('',(59.81879679704,-7.243406297202,
    8.250825783907));
#5069 = CARTESIAN_POINT('',(59.930404652682,-7.195976983324,
    8.155088980325));
#5070 = CARTESIAN_POINT('',(60.328536906069,-7.020198992001,
    7.798315260904));
#5071 = CARTESIAN_POINT('',(60.596318601201,-6.888825055746,
    7.527892259363));
#5072 = CARTESIAN_POINT('',(60.843487083777,-6.756293740584,
    7.248119141418));
#5073 = CARTESIAN_POINT('',(61.071158036266,-6.624557015137,
    6.959955906775));
#5074 = CARTESIAN_POINT('',(61.280250503951,-6.4953573979,6.663895007854
    ));
#5075 = CARTESIAN_POINT('',(61.678470641399,-6.235057833473,
    6.030925631491));
#5076 = CARTESIAN_POINT('',(61.864561864351,-6.104643256272,
    5.692535658925));
#5077 = CARTESIAN_POINT('',(62.029971084449,-5.981669999011,
    5.345802122359));
#5078 = CARTESIAN_POINT('',(62.174843204099,-5.868585095903,
    4.991383402124));
#5079 = CARTESIAN_POINT('',(62.299155342335,-5.767803676795,
    4.629715697822));
#5080 = CARTESIAN_POINT('',(62.500876901037,-5.599669099883,
    3.910718678763));
#5081 = CARTESIAN_POINT('',(62.580392317696,-5.530835761151,
    3.553790056834));
#5082 = CARTESIAN_POINT('',(62.64032576789,-5.477474976293,3.19217133472
    ));
#5083 = CARTESIAN_POINT('',(62.68035714908,-5.441339085684,
    2.827411859683));
#5084 = CARTESIAN_POINT('',(62.700287211259,-5.423351765808,
    2.460834155359));
#5085 = CARTESIAN_POINT('',(62.699717887501,-5.423865594808,
    1.739315137148));
#5086 = CARTESIAN_POINT('',(62.680601856246,-5.441118241549,
    1.385469856371));
#5087 = CARTESIAN_POINT('',(62.642751363707,-5.475273553295,
    1.033297058233));
#5088 = CARTESIAN_POINT('',(62.586345958215,-5.525512737174,
    0.684005357605));
#5089 = CARTESIAN_POINT('',(62.5116770408,-5.590291714576,0.338998338407
    ));
#5090 = CARTESIAN_POINT('',(62.419455776154,-5.6675020403,
    -5.99999998574E-07));
#5091 = PCURVE('',#1494,#5092);
#5092 = DEFINITIONAL_REPRESENTATION('',(#5093),#5131);
#5093 = B_SPLINE_CURVE_WITH_KNOTS('',6,(#5094,#5095,#5096,#5097,#5098,
    #5099,#5100,#5101,#5102,#5103,#5104,#5105,#5106,#5107,#5108,#5109,
    #5110,#5111,#5112,#5113,#5114,#5115,#5116,#5117,#5118,#5119,#5120,
    #5121,#5122,#5123,#5124,#5125,#5126,#5127,#5128,#5129,#5130),
  .UNSPECIFIED.,.F.,.F.,(7,5,5,5,5,5,5,7),(0.,0.146319452409,
    0.230039180426,0.294424165713,0.466240945996,0.652392657765,
    0.829273474186,1.),.UNSPECIFIED.);
#5094 = CARTESIAN_POINT('',(-1.570796326795,109.99366834874));
#5095 = CARTESIAN_POINT('',(-1.529219686009,109.92519621306));
#5096 = CARTESIAN_POINT('',(-1.488732720487,109.83152728489));
#5097 = CARTESIAN_POINT('',(-1.44948720547,109.71472439848));
#5098 = CARTESIAN_POINT('',(-1.411645763249,109.5774213373));
#5099 = CARTESIAN_POINT('',(-1.375390748995,109.42285714688));
#5100 = CARTESIAN_POINT('',(-1.321195786348,109.15893038146));
#5101 = CARTESIAN_POINT('',(-1.301998244543,109.05823838434));
#5102 = CARTESIAN_POINT('',(-1.283315008809,108.95333043768));
#5103 = CARTESIAN_POINT('',(-1.265135608754,108.84458783286));
#5104 = CARTESIAN_POINT('',(-1.247450162176,108.73234894732));
#5105 = CARTESIAN_POINT('',(-1.21701991721,108.52812842754));
#5106 = CARTESIAN_POINT('',(-1.204075628356,108.43744324316));
#5107 = CARTESIAN_POINT('',(-1.191409802538,108.34497386519));
#5108 = CARTESIAN_POINT('',(-1.179016741316,108.2508257839));
#5109 = CARTESIAN_POINT('',(-1.166891117813,108.15508898032));
#5110 = CARTESIAN_POINT('',(-1.123370181079,107.7983152609));
#5111 = CARTESIAN_POINT('',(-1.093567065148,107.52789225936));
#5112 = CARTESIAN_POINT('',(-1.065546496454,107.24811914141));
#5113 = CARTESIAN_POINT('',(-1.039259798373,106.95995590677));
#5114 = CARTESIAN_POINT('',(-1.014689027461,106.66389500785));
#5115 = CARTESIAN_POINT('',(-0.967114334492,106.03092563149));
#5116 = CARTESIAN_POINT('',(-0.944402227474,105.69253565892));
#5117 = CARTESIAN_POINT('',(-0.923801207763,105.34580212235));
#5118 = CARTESIAN_POINT('',(-0.905427980876,104.99138340212));
#5119 = CARTESIAN_POINT('',(-0.889426206269,104.62971569782));
#5120 = CARTESIAN_POINT('',(-0.863165813431,103.91071867876));
#5121 = CARTESIAN_POINT('',(-0.852650669152,103.55379005683));
#5122 = CARTESIAN_POINT('',(-0.844626476047,103.19217133472));
#5123 = CARTESIAN_POINT('',(-0.839233513226,102.82741185968));
#5124 = CARTESIAN_POINT('',(-0.836548850465,102.46083415535));
#5125 = CARTESIAN_POINT('',(-0.836625541389,101.73931513714));
#5126 = CARTESIAN_POINT('',(-0.83920055457,101.38546985637));
#5127 = CARTESIAN_POINT('',(-0.84429889913,101.03329705823));
#5128 = CARTESIAN_POINT('',(-0.85185208252,100.6840053576));
#5129 = CARTESIAN_POINT('',(-0.861735764513,100.3389983384));
#5130 = CARTESIAN_POINT('',(-0.873763314576,99.9999994));
#5131 = ( GEOMETRIC_REPRESENTATION_CONTEXT(2) 
PARAMETRIC_REPRESENTATION_CONTEXT() REPRESENTATION_CONTEXT('2D SPACE',''
  ) );
#5132 = PCURVE('',#1466,#5133);
#5133 = DEFINITIONAL_REPRESENTATION('',(#5134),#5172);
#5134 = B_SPLINE_CURVE_WITH_KNOTS('',6,(#5135,#5136,#5137,#5138,#5139,
    #5140,#5141,#5142,#5143,#5144,#5145,#5146,#5147,#5148,#5149,#5150,
    #5151,#5152,#5153,#5154,#5155,#5156,#5157,#5158,#5159,#5160,#5161,
    #5162,#5163,#5164,#5165,#5166,#5167,#5168,#5169,#5170,#5171),
  .UNSPECIFIED.,.F.,.F.,(7,5,5,5,5,5,5,7),(0.,0.146319452409,
    0.230039180426,0.294424165713,0.466240945996,0.652392657765,
    0.829273474186,1.),.UNSPECIFIED.);
#5135 = CARTESIAN_POINT('',(-0.163223803516,200.));
#5136 = CARTESIAN_POINT('',(-0.21589467712,200.));
#5137 = CARTESIAN_POINT('',(-0.267733355601,199.97925638653));
#5138 = CARTESIAN_POINT('',(-0.318614301993,199.9398093054));
#5139 = CARTESIAN_POINT('',(-0.368386803088,199.88421587561));
#5140 = CARTESIAN_POINT('',(-0.416858190033,199.81549009884));
#5141 = CARTESIAN_POINT('',(-0.490610053402,199.69200267151));
#5142 = CARTESIAN_POINT('',(-0.517018984057,199.64371421991));
#5143 = CARTESIAN_POINT('',(-0.543016542034,199.59253807344));
#5144 = CARTESIAN_POINT('',(-0.568622034509,199.53889569006));
#5145 = CARTESIAN_POINT('',(-0.593854480065,199.48317242545));
#5146 = CARTESIAN_POINT('',(-0.637867211715,199.38153440824));
#5147 = CARTESIAN_POINT('',(-0.656794343339,199.33632093437));
#5148 = CARTESIAN_POINT('',(-0.67552644041,199.29023109129));
#5149 = CARTESIAN_POINT('',(-0.694074876476,199.2434062972));
#5150 = CARTESIAN_POINT('',(-0.71245108136,199.19597698332));
#5151 = CARTESIAN_POINT('',(-0.779276036707,199.020198992));
#5152 = CARTESIAN_POINT('',(-0.826763210827,198.88882505574));
#5153 = CARTESIAN_POINT('',(-0.873317599947,198.75629374058));
#5154 = CARTESIAN_POINT('',(-0.919123652894,198.62455701513));
#5155 = CARTESIAN_POINT('',(-0.964365630674,198.4953573979));
#5156 = CARTESIAN_POINT('',(-1.057842692473,198.23505783347));
#5157 = CARTESIAN_POINT('',(-1.106032300076,198.10464325627));
#5158 = CARTESIAN_POINT('',(-1.153934654281,197.98166999901));
#5159 = CARTESIAN_POINT('',(-1.201679066033,197.8685850959));
#5160 = CARTESIAN_POINT('',(-1.249404428723,197.76780367679));
#5161 = CARTESIAN_POINT('',(-1.342749244851,197.59966909988));
#5162 = CARTESIAN_POINT('',(-1.388391573002,197.53083576115));
#5163 = CARTESIAN_POINT('',(-1.434106703403,197.47747497629));
#5164 = CARTESIAN_POINT('',(-1.479871848571,197.44133908568));
#5165 = CARTESIAN_POINT('',(-1.52569204317,197.4233517658));
#5166 = CARTESIAN_POINT('',(-1.615881948523,197.4238655948));
#5167 = CARTESIAN_POINT('',(-1.660114449737,197.44111824154));
#5168 = CARTESIAN_POINT('',(-1.704296368591,197.47527355329));
#5169 = CARTESIAN_POINT('',(-1.748430093891,197.52551273717));
#5170 = CARTESIAN_POINT('',(-1.792493678711,197.59029171457));
#5171 = CARTESIAN_POINT('',(-1.836408554091,197.6675020403));
#5172 = ( GEOMETRIC_REPRESENTATION_CONTEXT(2) 
PARAMETRIC_REPRESENTATION_CONTEXT() REPRESENTATION_CONTEXT('2D SPACE',''
  ) );
#5173 = ORIENTED_EDGE('',*,*,#1478,.T.);
#5174 = ORIENTED_EDGE('',*,*,#4399,.T.);
#5175 = ORIENTED_EDGE('',*,*,#4441,.T.);
#5176 = ORIENTED_EDGE('',*,*,#4512,.T.);
#5177 = ORIENTED_EDGE('',*,*,#1687,.T.);
#5178 = ORIENTED_EDGE('',*,*,#5179,.T.);
#5179 = EDGE_CURVE('',#1688,#5180,#5182,.T.);
#5180 = VERTEX_POINT('',#5181);
#5181 = CARTESIAN_POINT('',(66.,2.,70.));
#5182 = SURFACE_CURVE('',#5183,(#5188,#5195),.PCURVE_S1.);
#5183 = CIRCLE('',#5184,10.);
#5184 = AXIS2_PLACEMENT_3D('',#5185,#5186,#5187);
#5185 = CARTESIAN_POINT('',(56.,2.,70.));
#5186 = DIRECTION('',(0.,0.,1.));
#5187 = DIRECTION('',(1.,0.,-0.));
#5188 = PCURVE('',#1494,#5189);
#5189 = DEFINITIONAL_REPRESENTATION('',(#5190),#5194);
#5190 = LINE('',#5191,#5192);
#5191 = CARTESIAN_POINT('',(-6.28318530718,170.));
#5192 = VECTOR('',#5193,1.);
#5193 = DIRECTION('',(1.,-0.));
#5194 = ( GEOMETRIC_REPRESENTATION_CONTEXT(2) 
PARAMETRIC_REPRESENTATION_CONTEXT() REPRESENTATION_CONTEXT('2D SPACE',''
  ) );
#5195 = PCURVE('',#4977,#5196);
#5196 = DEFINITIONAL_REPRESENTATION('',(#5197),#5201);
#5197 = LINE('',#5198,#5199);
#5198 = CARTESIAN_POINT('',(-0.,-6.28318530718));
#5199 = VECTOR('',#5200,1.);
#5200 = DIRECTION('',(-0.,1.));
#5201 = ( GEOMETRIC_REPRESENTATION_CONTEXT(2) 
PARAMETRIC_REPRESENTATION_CONTEXT() REPRESENTATION_CONTEXT('2D SPACE',''
  ) );
#5202 = ORIENTED_EDGE('',*,*,#5203,.F.);
#5203 = EDGE_CURVE('',#4996,#5180,#5204,.T.);
#5204 = SURFACE_CURVE('',#5205,(#5209,#5216),.PCURVE_S1.);
#5205 = LINE('',#5206,#5207);
#5206 = CARTESIAN_POINT('',(66.,2.,10.));
#5207 = VECTOR('',#5208,1.);
#5208 = DIRECTION('',(-0.,-2.030122102172E-16,1.));
#5209 = PCURVE('',#1494,#5210);
#5210 = DEFINITIONAL_REPRESENTATION('',(#5211),#5215);
#5211 = LINE('',#5212,#5213);
#5212 = CARTESIAN_POINT('',(-0.,110.));
#5213 = VECTOR('',#5214,1.);
#5214 = DIRECTION('',(-0.,1.));
#5215 = ( GEOMETRIC_REPRESENTATION_CONTEXT(2) 
PARAMETRIC_REPRESENTATION_CONTEXT() REPRESENTATION_CONTEXT('2D SPACE',''
  ) );
#5216 = PCURVE('',#5217,#5222);
#5217 = PLANE('',#5218);
#5218 = AXIS2_PLACEMENT_3D('',#5219,#5220,#5221);
#5219 = CARTESIAN_POINT('',(66.,20.284271247462,51.715728752538));
#5220 = DIRECTION('',(1.,-0.,-0.));
#5221 = DIRECTION('',(-0.,0.,-1.));
#5222 = DEFINITIONAL_REPRESENTATION('',(#5223),#5227);
#5223 = LINE('',#5224,#5225);
#5224 = CARTESIAN_POINT('',(41.715728752538,-18.28427124746));
#5225 = VECTOR('',#5226,1.);
#5226 = DIRECTION('',(-1.,-2.030122102172E-16));
#5227 = ( GEOMETRIC_REPRESENTATION_CONTEXT(2) 
PARAMETRIC_REPRESENTATION_CONTEXT() REPRESENTATION_CONTEXT('2D SPACE',''
  ) );
#5228 = ADVANCED_FACE('',(#5229),#1466,.F.);
#5229 = FACE_BOUND('',#5230,.T.);
#5230 = EDGE_LOOP('',(#5231,#5232,#5233));
#5231 = ORIENTED_EDGE('',*,*,#1449,.F.);
#5232 = ORIENTED_EDGE('',*,*,#5051,.T.);
#5233 = ORIENTED_EDGE('',*,*,#5234,.T.);
#5234 = EDGE_CURVE('',#5024,#1422,#5235,.T.);
#5235 = SURFACE_CURVE('',#5236,(#5240,#5247),.PCURVE_S1.);
#5236 = LINE('',#5237,#5238);
#5237 = CARTESIAN_POINT('',(62.419455939378,192.,0.));
#5238 = VECTOR('',#5239,1.);
#5239 = DIRECTION('',(-0.,-1.,-0.));
#5240 = PCURVE('',#1466,#5241);
#5241 = DEFINITIONAL_REPRESENTATION('',(#5242),#5246);
#5242 = LINE('',#5243,#5244);
#5243 = CARTESIAN_POINT('',(-1.836408476365,0.));
#5244 = VECTOR('',#5245,1.);
#5245 = DIRECTION('',(-0.,1.));
#5246 = ( GEOMETRIC_REPRESENTATION_CONTEXT(2) 
PARAMETRIC_REPRESENTATION_CONTEXT() REPRESENTATION_CONTEXT('2D SPACE',''
  ) );
#5247 = PCURVE('',#1437,#5248);
#5248 = DEFINITIONAL_REPRESENTATION('',(#5249),#5253);
#5249 = LINE('',#5250,#5251);
#5250 = CARTESIAN_POINT('',(-6.419455939378,-190.));
#5251 = VECTOR('',#5252,1.);
#5252 = DIRECTION('',(-0.,1.));
#5253 = ( GEOMETRIC_REPRESENTATION_CONTEXT(2) 
PARAMETRIC_REPRESENTATION_CONTEXT() REPRESENTATION_CONTEXT('2D SPACE',''
  ) );
#5254 = ADVANCED_FACE('',(#5255),#1437,.F.);
#5255 = FACE_BOUND('',#5256,.T.);
#5256 = EDGE_LOOP('',(#5257,#5258,#5259,#5260));
#5257 = ORIENTED_EDGE('',*,*,#1421,.F.);
#5258 = ORIENTED_EDGE('',*,*,#5234,.F.);
#5259 = ORIENTED_EDGE('',*,*,#5023,.F.);
#5260 = ORIENTED_EDGE('',*,*,#5261,.T.);
#5261 = EDGE_CURVE('',#4994,#1394,#5262,.T.);
#5262 = SURFACE_CURVE('',#5263,(#5267,#5274),.PCURVE_S1.);
#5263 = LINE('',#5264,#5265);
#5264 = CARTESIAN_POINT('',(66.,2.,0.));
#5265 = VECTOR('',#5266,1.);
#5266 = DIRECTION('',(0.,-1.,0.));
#5267 = PCURVE('',#1437,#5268);
#5268 = DEFINITIONAL_REPRESENTATION('',(#5269),#5273);
#5269 = LINE('',#5270,#5271);
#5270 = CARTESIAN_POINT('',(-10.,-0.));
#5271 = VECTOR('',#5272,1.);
#5272 = DIRECTION('',(-0.,1.));
#5273 = ( GEOMETRIC_REPRESENTATION_CONTEXT(2) 
PARAMETRIC_REPRESENTATION_CONTEXT() REPRESENTATION_CONTEXT('2D SPACE',''
  ) );
#5274 = PCURVE('',#5011,#5275);
#5275 = DEFINITIONAL_REPRESENTATION('',(#5276),#5280);
#5276 = LINE('',#5277,#5278);
#5277 = CARTESIAN_POINT('',(-0.,0.));
#5278 = VECTOR('',#5279,1.);
#5279 = DIRECTION('',(-0.,-1.));
#5280 = ( GEOMETRIC_REPRESENTATION_CONTEXT(2) 
PARAMETRIC_REPRESENTATION_CONTEXT() REPRESENTATION_CONTEXT('2D SPACE',''
  ) );
#5281 = ADVANCED_FACE('',(#5282),#1409,.F.);
#5282 = FACE_BOUND('',#5283,.T.);
#5283 = EDGE_LOOP('',(#5284,#5309,#5330,#5331,#5332,#5353,#5376));
#5284 = ORIENTED_EDGE('',*,*,#5285,.T.);
#5285 = EDGE_CURVE('',#5286,#5288,#5290,.T.);
#5286 = VERTEX_POINT('',#5287);
#5287 = CARTESIAN_POINT('',(66.,72.,80.));
#5288 = VERTEX_POINT('',#5289);
#5289 = CARTESIAN_POINT('',(70.,72.,80.));
#5290 = SURFACE_CURVE('',#5291,(#5295,#5302),.PCURVE_S1.);
#5291 = LINE('',#5292,#5293);
#5292 = CARTESIAN_POINT('',(-74.,72.,80.));
#5293 = VECTOR('',#5294,1.);
#5294 = DIRECTION('',(1.,-0.,-0.));
#5295 = PCURVE('',#1409,#5296);
#5296 = DEFINITIONAL_REPRESENTATION('',(#5297),#5301);
#5297 = LINE('',#5298,#5299);
#5298 = CARTESIAN_POINT('',(-0.,140.));
#5299 = VECTOR('',#5300,1.);
#5300 = DIRECTION('',(-0.,-1.));
#5301 = ( GEOMETRIC_REPRESENTATION_CONTEXT(2) 
PARAMETRIC_REPRESENTATION_CONTEXT() REPRESENTATION_CONTEXT('2D SPACE',''
  ) );
#5302 = PCURVE('',#3371,#5303);
#5303 = DEFINITIONAL_REPRESENTATION('',(#5304),#5308);
#5304 = LINE('',#5305,#5306);
#5305 = CARTESIAN_POINT('',(-0.,0.));
#5306 = VECTOR('',#5307,1.);
#5307 = DIRECTION('',(-1.,0.));
#5308 = ( GEOMETRIC_REPRESENTATION_CONTEXT(2) 
PARAMETRIC_REPRESENTATION_CONTEXT() REPRESENTATION_CONTEXT('2D SPACE',''
  ) );
#5309 = ORIENTED_EDGE('',*,*,#5310,.T.);
#5310 = EDGE_CURVE('',#5288,#2337,#5311,.T.);
#5311 = SURFACE_CURVE('',#5312,(#5316,#5323),.PCURVE_S1.);
#5312 = LINE('',#5313,#5314);
#5313 = CARTESIAN_POINT('',(66.,72.,80.));
#5314 = VECTOR('',#5315,1.);
#5315 = DIRECTION('',(1.,-0.,-0.));
#5316 = PCURVE('',#1409,#5317);
#5317 = DEFINITIONAL_REPRESENTATION('',(#5318),#5322);
#5318 = LINE('',#5319,#5320);
#5319 = CARTESIAN_POINT('',(0.,-0.));
#5320 = VECTOR('',#5321,1.);
#5321 = DIRECTION('',(-0.,-1.));
#5322 = ( GEOMETRIC_REPRESENTATION_CONTEXT(2) 
PARAMETRIC_REPRESENTATION_CONTEXT() REPRESENTATION_CONTEXT('2D SPACE',''
  ) );
#5323 = PCURVE('',#2375,#5324);
#5324 = DEFINITIONAL_REPRESENTATION('',(#5325),#5329);
#5325 = LINE('',#5326,#5327);
#5326 = CARTESIAN_POINT('',(-80.,0.));
#5327 = VECTOR('',#5328,1.);
#5328 = DIRECTION('',(-0.,-1.));
#5329 = ( GEOMETRIC_REPRESENTATION_CONTEXT(2) 
PARAMETRIC_REPRESENTATION_CONTEXT() REPRESENTATION_CONTEXT('2D SPACE',''
  ) );
#5330 = ORIENTED_EDGE('',*,*,#2336,.T.);
#5331 = ORIENTED_EDGE('',*,*,#1393,.F.);
#5332 = ORIENTED_EDGE('',*,*,#5333,.F.);
#5333 = EDGE_CURVE('',#4996,#1394,#5334,.T.);
#5334 = SURFACE_CURVE('',#5335,(#5339,#5346),.PCURVE_S1.);
#5335 = LINE('',#5336,#5337);
#5336 = CARTESIAN_POINT('',(66.,72.,80.));
#5337 = VECTOR('',#5338,1.);
#5338 = DIRECTION('',(-0.,-0.707106781187,-0.707106781187));
#5339 = PCURVE('',#1409,#5340);
#5340 = DEFINITIONAL_REPRESENTATION('',(#5341),#5345);
#5341 = LINE('',#5342,#5343);
#5342 = CARTESIAN_POINT('',(0.,-0.));
#5343 = VECTOR('',#5344,1.);
#5344 = DIRECTION('',(-1.,0.));
#5345 = ( GEOMETRIC_REPRESENTATION_CONTEXT(2) 
PARAMETRIC_REPRESENTATION_CONTEXT() REPRESENTATION_CONTEXT('2D SPACE',''
  ) );
#5346 = PCURVE('',#5011,#5347);
#5347 = DEFINITIONAL_REPRESENTATION('',(#5348),#5352);
#5348 = LINE('',#5349,#5350);
#5349 = CARTESIAN_POINT('',(-80.,70.));
#5350 = VECTOR('',#5351,1.);
#5351 = DIRECTION('',(0.707106781187,-0.707106781187));
#5352 = ( GEOMETRIC_REPRESENTATION_CONTEXT(2) 
PARAMETRIC_REPRESENTATION_CONTEXT() REPRESENTATION_CONTEXT('2D SPACE',''
  ) );
#5353 = ORIENTED_EDGE('',*,*,#5354,.F.);
#5354 = EDGE_CURVE('',#5355,#4996,#5357,.T.);
#5355 = VERTEX_POINT('',#5356);
#5356 = CARTESIAN_POINT('',(66.,62.,70.));
#5357 = SURFACE_CURVE('',#5358,(#5362,#5369),.PCURVE_S1.);
#5358 = LINE('',#5359,#5360);
#5359 = CARTESIAN_POINT('',(66.,72.,80.));
#5360 = VECTOR('',#5361,1.);
#5361 = DIRECTION('',(-0.,-0.707106781187,-0.707106781187));
#5362 = PCURVE('',#1409,#5363);
#5363 = DEFINITIONAL_REPRESENTATION('',(#5364),#5368);
#5364 = LINE('',#5365,#5366);
#5365 = CARTESIAN_POINT('',(0.,-0.));
#5366 = VECTOR('',#5367,1.);
#5367 = DIRECTION('',(-1.,0.));
#5368 = ( GEOMETRIC_REPRESENTATION_CONTEXT(2) 
PARAMETRIC_REPRESENTATION_CONTEXT() REPRESENTATION_CONTEXT('2D SPACE',''
  ) );
#5369 = PCURVE('',#5217,#5370);
#5370 = DEFINITIONAL_REPRESENTATION('',(#5371),#5375);
#5371 = LINE('',#5372,#5373);
#5372 = CARTESIAN_POINT('',(-28.28427124746,51.715728752538));
#5373 = VECTOR('',#5374,1.);
#5374 = DIRECTION('',(0.707106781187,-0.707106781187));
#5375 = ( GEOMETRIC_REPRESENTATION_CONTEXT(2) 
PARAMETRIC_REPRESENTATION_CONTEXT() REPRESENTATION_CONTEXT('2D SPACE',''
  ) );
#5376 = ORIENTED_EDGE('',*,*,#5377,.F.);
#5377 = EDGE_CURVE('',#5286,#5355,#5378,.T.);
#5378 = SURFACE_CURVE('',#5379,(#5383,#5390),.PCURVE_S1.);
#5379 = LINE('',#5380,#5381);
#5380 = CARTESIAN_POINT('',(66.,72.,80.));
#5381 = VECTOR('',#5382,1.);
#5382 = DIRECTION('',(-0.,-0.707106781187,-0.707106781187));
#5383 = PCURVE('',#1409,#5384);
#5384 = DEFINITIONAL_REPRESENTATION('',(#5385),#5389);
#5385 = LINE('',#5386,#5387);
#5386 = CARTESIAN_POINT('',(0.,-0.));
#5387 = VECTOR('',#5388,1.);
#5388 = DIRECTION('',(-1.,0.));
#5389 = ( GEOMETRIC_REPRESENTATION_CONTEXT(2) 
PARAMETRIC_REPRESENTATION_CONTEXT() REPRESENTATION_CONTEXT('2D SPACE',''
  ) );
#5390 = PCURVE('',#5391,#5396);
#5391 = PLANE('',#5392);
#5392 = AXIS2_PLACEMENT_3D('',#5393,#5394,#5395);
#5393 = CARTESIAN_POINT('',(66.,72.,70.));
#5394 = DIRECTION('',(1.,0.,-0.));
#5395 = DIRECTION('',(-0.,0.,-1.));
#5396 = DEFINITIONAL_REPRESENTATION('',(#5397),#5401);
#5397 = LINE('',#5398,#5399);
#5398 = CARTESIAN_POINT('',(-10.,0.));
#5399 = VECTOR('',#5400,1.);
#5400 = DIRECTION('',(0.707106781187,-0.707106781187));
#5401 = ( GEOMETRIC_REPRESENTATION_CONTEXT(2) 
PARAMETRIC_REPRESENTATION_CONTEXT() REPRESENTATION_CONTEXT('2D SPACE',''
  ) );
#5402 = ADVANCED_FACE('',(#5403),#2316,.F.);
#5403 = FACE_BOUND('',#5404,.T.);
#5404 = EDGE_LOOP('',(#5405,#5406,#5427,#5428,#5429));
#5405 = ORIENTED_EDGE('',*,*,#3032,.F.);
#5406 = ORIENTED_EDGE('',*,*,#5407,.T.);
#5407 = EDGE_CURVE('',#3005,#4723,#5408,.T.);
#5408 = SURFACE_CURVE('',#5409,(#5413,#5420),.PCURVE_S1.);
#5409 = LINE('',#5410,#5411);
#5410 = CARTESIAN_POINT('',(-74.,-8.,0.));
#5411 = VECTOR('',#5412,1.);
#5412 = DIRECTION('',(1.,-0.,-0.));
#5413 = PCURVE('',#2316,#5414);
#5414 = DEFINITIONAL_REPRESENTATION('',(#5415),#5419);
#5415 = LINE('',#5416,#5417);
#5416 = CARTESIAN_POINT('',(-0.,-0.));
#5417 = VECTOR('',#5418,1.);
#5418 = DIRECTION('',(-0.,-1.));
#5419 = ( GEOMETRIC_REPRESENTATION_CONTEXT(2) 
PARAMETRIC_REPRESENTATION_CONTEXT() REPRESENTATION_CONTEXT('2D SPACE',''
  ) );
#5420 = PCURVE('',#3020,#5421);
#5421 = DEFINITIONAL_REPRESENTATION('',(#5422),#5426);
#5422 = LINE('',#5423,#5424);
#5423 = CARTESIAN_POINT('',(-113.1370849898,0.));
#5424 = VECTOR('',#5425,1.);
#5425 = DIRECTION('',(-0.,-1.));
#5426 = ( GEOMETRIC_REPRESENTATION_CONTEXT(2) 
PARAMETRIC_REPRESENTATION_CONTEXT() REPRESENTATION_CONTEXT('2D SPACE',''
  ) );
#5427 = ORIENTED_EDGE('',*,*,#4777,.T.);
#5428 = ORIENTED_EDGE('',*,*,#2302,.T.);
#5429 = ORIENTED_EDGE('',*,*,#2716,.F.);
#5430 = ADVANCED_FACE('',(#5431),#2505,.F.);
#5431 = FACE_BOUND('',#5432,.T.);
#5432 = EDGE_LOOP('',(#5433,#5434,#5435));
#5433 = ORIENTED_EDGE('',*,*,#2792,.F.);
#5434 = ORIENTED_EDGE('',*,*,#2489,.T.);
#5435 = ORIENTED_EDGE('',*,*,#5436,.F.);
#5436 = EDGE_CURVE('',#2770,#2462,#5437,.T.);
#5437 = SURFACE_CURVE('',#5438,(#5442,#5449),.PCURVE_S1.);
#5438 = LINE('',#5439,#5440);
#5439 = CARTESIAN_POINT('',(66.,-8.,80.));
#5440 = VECTOR('',#5441,1.);
#5441 = DIRECTION('',(1.,-0.,-0.));
#5442 = PCURVE('',#2505,#5443);
#5443 = DEFINITIONAL_REPRESENTATION('',(#5444),#5448);
#5444 = LINE('',#5445,#5446);
#5445 = CARTESIAN_POINT('',(-80.,-0.));
#5446 = VECTOR('',#5447,1.);
#5447 = DIRECTION('',(-0.,-1.));
#5448 = ( GEOMETRIC_REPRESENTATION_CONTEXT(2) 
PARAMETRIC_REPRESENTATION_CONTEXT() REPRESENTATION_CONTEXT('2D SPACE',''
  ) );
#5449 = PCURVE('',#2477,#5450);
#5450 = DEFINITIONAL_REPRESENTATION('',(#5451),#5455);
#5451 = LINE('',#5452,#5453);
#5452 = CARTESIAN_POINT('',(-66.,36.));
#5453 = VECTOR('',#5454,1.);
#5454 = DIRECTION('',(-1.,0.));
#5455 = ( GEOMETRIC_REPRESENTATION_CONTEXT(2) 
PARAMETRIC_REPRESENTATION_CONTEXT() REPRESENTATION_CONTEXT('2D SPACE',''
  ) );
#5456 = ADVANCED_FACE('',(#5457),#2477,.F.);
#5457 = FACE_BOUND('',#5458,.T.);
#5458 = EDGE_LOOP('',(#5459,#5460,#5461,#5462));
#5459 = ORIENTED_EDGE('',*,*,#2769,.T.);
#5460 = ORIENTED_EDGE('',*,*,#5436,.T.);
#5461 = ORIENTED_EDGE('',*,*,#2461,.T.);
#5462 = ORIENTED_EDGE('',*,*,#3242,.T.);
#5463 = ADVANCED_FACE('',(#5464),#2375,.F.);
#5464 = FACE_BOUND('',#5465,.T.);
#5465 = EDGE_LOOP('',(#5466,#5488,#5489));
#5466 = ORIENTED_EDGE('',*,*,#5467,.T.);
#5467 = EDGE_CURVE('',#5288,#2360,#5468,.T.);
#5468 = SURFACE_CURVE('',#5469,(#5474,#5481),.PCURVE_S1.);
#5469 = CIRCLE('',#5470,4.);
#5470 = AXIS2_PLACEMENT_3D('',#5471,#5472,#5473);
#5471 = CARTESIAN_POINT('',(70.,68.,80.));
#5472 = DIRECTION('',(0.,-0.,-1.));
#5473 = DIRECTION('',(0.,1.,-0.));
#5474 = PCURVE('',#2375,#5475);
#5475 = DEFINITIONAL_REPRESENTATION('',(#5476),#5480);
#5476 = CIRCLE('',#5477,4.);
#5477 = AXIS2_PLACEMENT_2D('',#5478,#5479);
#5478 = CARTESIAN_POINT('',(-76.,-4.));
#5479 = DIRECTION('',(-1.,0.));
#5480 = ( GEOMETRIC_REPRESENTATION_CONTEXT(2) 
PARAMETRIC_REPRESENTATION_CONTEXT() REPRESENTATION_CONTEXT('2D SPACE',''
  ) );
#5481 = PCURVE('',#2403,#5482);
#5482 = DEFINITIONAL_REPRESENTATION('',(#5483),#5487);
#5483 = LINE('',#5484,#5485);
#5484 = CARTESIAN_POINT('',(-0.,0.));
#5485 = VECTOR('',#5486,1.);
#5486 = DIRECTION('',(-1.,0.));
#5487 = ( GEOMETRIC_REPRESENTATION_CONTEXT(2) 
PARAMETRIC_REPRESENTATION_CONTEXT() REPRESENTATION_CONTEXT('2D SPACE',''
  ) );
#5488 = ORIENTED_EDGE('',*,*,#2359,.T.);
#5489 = ORIENTED_EDGE('',*,*,#5310,.F.);
#5490 = ADVANCED_FACE('',(#5491),#2403,.T.);
#5491 = FACE_BOUND('',#5492,.F.);
#5492 = EDGE_LOOP('',(#5493,#5494,#5495,#5496));
#5493 = ORIENTED_EDGE('',*,*,#5467,.T.);
#5494 = ORIENTED_EDGE('',*,*,#2387,.T.);
#5495 = ORIENTED_EDGE('',*,*,#3383,.F.);
#5496 = ORIENTED_EDGE('',*,*,#5497,.F.);
#5497 = EDGE_CURVE('',#5288,#3356,#5498,.T.);
#5498 = SURFACE_CURVE('',#5499,(#5503,#5510),.PCURVE_S1.);
#5499 = LINE('',#5500,#5501);
#5500 = CARTESIAN_POINT('',(70.,72.,80.));
#5501 = VECTOR('',#5502,1.);
#5502 = DIRECTION('',(-0.,-0.,1.));
#5503 = PCURVE('',#2403,#5504);
#5504 = DEFINITIONAL_REPRESENTATION('',(#5505),#5509);
#5505 = LINE('',#5506,#5507);
#5506 = CARTESIAN_POINT('',(-0.,0.));
#5507 = VECTOR('',#5508,1.);
#5508 = DIRECTION('',(-0.,1.));
#5509 = ( GEOMETRIC_REPRESENTATION_CONTEXT(2) 
PARAMETRIC_REPRESENTATION_CONTEXT() REPRESENTATION_CONTEXT('2D SPACE',''
  ) );
#5510 = PCURVE('',#3371,#5511);
#5511 = DEFINITIONAL_REPRESENTATION('',(#5512),#5516);
#5512 = LINE('',#5513,#5514);
#5513 = CARTESIAN_POINT('',(-144.,0.));
#5514 = VECTOR('',#5515,1.);
#5515 = DIRECTION('',(-0.,-1.));
#5516 = ( GEOMETRIC_REPRESENTATION_CONTEXT(2) 
PARAMETRIC_REPRESENTATION_CONTEXT() REPRESENTATION_CONTEXT('2D SPACE',''
  ) );
#5517 = ADVANCED_FACE('',(#5518),#2559,.F.);
#5518 = FACE_BOUND('',#5519,.F.);
#5519 = EDGE_LOOP('',(#5520,#5543,#5571,#5592));
#5520 = ORIENTED_EDGE('',*,*,#5521,.F.);
#5521 = EDGE_CURVE('',#5522,#2543,#5524,.T.);
#5522 = VERTEX_POINT('',#5523);
#5523 = CARTESIAN_POINT('',(66.,6.,43.656854249492));
#5524 = SURFACE_CURVE('',#5525,(#5529,#5536),.PCURVE_S1.);
#5525 = LINE('',#5526,#5527);
#5526 = CARTESIAN_POINT('',(65.,6.,43.656854249492));
#5527 = VECTOR('',#5528,1.);
#5528 = DIRECTION('',(1.,-0.,-0.));
#5529 = PCURVE('',#2559,#5530);
#5530 = DEFINITIONAL_REPRESENTATION('',(#5531),#5535);
#5531 = LINE('',#5532,#5533);
#5532 = CARTESIAN_POINT('',(0.,0.));
#5533 = VECTOR('',#5534,1.);
#5534 = DIRECTION('',(0.,1.));
#5535 = ( GEOMETRIC_REPRESENTATION_CONTEXT(2) 
PARAMETRIC_REPRESENTATION_CONTEXT() REPRESENTATION_CONTEXT('2D SPACE',''
  ) );
#5536 = PCURVE('',#2587,#5537);
#5537 = DEFINITIONAL_REPRESENTATION('',(#5538),#5542);
#5538 = LINE('',#5539,#5540);
#5539 = CARTESIAN_POINT('',(-9.656854249492,-0.));
#5540 = VECTOR('',#5541,1.);
#5541 = DIRECTION('',(-0.,-1.));
#5542 = ( GEOMETRIC_REPRESENTATION_CONTEXT(2) 
PARAMETRIC_REPRESENTATION_CONTEXT() REPRESENTATION_CONTEXT('2D SPACE',''
  ) );
#5543 = ORIENTED_EDGE('',*,*,#5544,.F.);
#5544 = EDGE_CURVE('',#5545,#5522,#5547,.T.);
#5545 = VERTEX_POINT('',#5546);
#5546 = CARTESIAN_POINT('',(66.,12.828427124746,40.828427124746));
#5547 = SURFACE_CURVE('',#5548,(#5553,#5560),.PCURVE_S1.);
#5548 = CIRCLE('',#5549,4.);
#5549 = AXIS2_PLACEMENT_3D('',#5550,#5551,#5552);
#5550 = CARTESIAN_POINT('',(66.,10.,43.656854249492));
#5551 = DIRECTION('',(-1.,0.,0.));
#5552 = DIRECTION('',(-0.,-1.,-0.));
#5553 = PCURVE('',#2559,#5554);
#5554 = DEFINITIONAL_REPRESENTATION('',(#5555),#5559);
#5555 = LINE('',#5556,#5557);
#5556 = CARTESIAN_POINT('',(6.28318530718,1.));
#5557 = VECTOR('',#5558,1.);
#5558 = DIRECTION('',(-1.,0.));
#5559 = ( GEOMETRIC_REPRESENTATION_CONTEXT(2) 
PARAMETRIC_REPRESENTATION_CONTEXT() REPRESENTATION_CONTEXT('2D SPACE',''
  ) );
#5560 = PCURVE('',#5217,#5561);
#5561 = DEFINITIONAL_REPRESENTATION('',(#5562),#5570);
#5562 = ( BOUNDED_CURVE() B_SPLINE_CURVE(2,(#5563,#5564,#5565,#5566,
#5567,#5568,#5569),.UNSPECIFIED.,.T.,.F.) B_SPLINE_CURVE_WITH_KNOTS((1,2
    ,2,2,2,1),(-2.094395102393,0.,2.094395102393,4.188790204786,
6.28318530718,8.377580409573),.UNSPECIFIED.) CURVE() 
GEOMETRIC_REPRESENTATION_ITEM() RATIONAL_B_SPLINE_CURVE((1.,0.5,1.,0.5,
1.,0.5,1.)) REPRESENTATION_ITEM('') );
#5563 = CARTESIAN_POINT('',(8.058874503046,-14.28427124746));
#5564 = CARTESIAN_POINT('',(1.13067127277,-14.28427124746));
#5565 = CARTESIAN_POINT('',(4.594772887908,-8.284271247462));
#5566 = CARTESIAN_POINT('',(8.058874503046,-2.284271247462));
#5567 = CARTESIAN_POINT('',(11.522976118183,-8.284271247462));
#5568 = CARTESIAN_POINT('',(14.987077733321,-14.28427124746));
#5569 = CARTESIAN_POINT('',(8.058874503046,-14.28427124746));
#5570 = ( GEOMETRIC_REPRESENTATION_CONTEXT(2) 
PARAMETRIC_REPRESENTATION_CONTEXT() REPRESENTATION_CONTEXT('2D SPACE',''
  ) );
#5571 = ORIENTED_EDGE('',*,*,#5572,.T.);
#5572 = EDGE_CURVE('',#5545,#2541,#5573,.T.);
#5573 = SURFACE_CURVE('',#5574,(#5578,#5585),.PCURVE_S1.);
#5574 = LINE('',#5575,#5576);
#5575 = CARTESIAN_POINT('',(65.,12.828427124746,40.828427124746));
#5576 = VECTOR('',#5577,1.);
#5577 = DIRECTION('',(1.,-0.,-0.));
#5578 = PCURVE('',#2559,#5579);
#5579 = DEFINITIONAL_REPRESENTATION('',(#5580),#5584);
#5580 = LINE('',#5581,#5582);
#5581 = CARTESIAN_POINT('',(2.356194490192,0.));
#5582 = VECTOR('',#5583,1.);
#5583 = DIRECTION('',(0.,1.));
#5584 = ( GEOMETRIC_REPRESENTATION_CONTEXT(2) 
PARAMETRIC_REPRESENTATION_CONTEXT() REPRESENTATION_CONTEXT('2D SPACE',''
  ) );
#5585 = PCURVE('',#2699,#5586);
#5586 = DEFINITIONAL_REPRESENTATION('',(#5587),#5591);
#5587 = LINE('',#5588,#5589);
#5588 = CARTESIAN_POINT('',(-35.59797974644,0.));
#5589 = VECTOR('',#5590,1.);
#5590 = DIRECTION('',(-0.,-1.));
#5591 = ( GEOMETRIC_REPRESENTATION_CONTEXT(2) 
PARAMETRIC_REPRESENTATION_CONTEXT() REPRESENTATION_CONTEXT('2D SPACE',''
  ) );
#5592 = ORIENTED_EDGE('',*,*,#2540,.T.);
#5593 = ADVANCED_FACE('',(#5594),#2699,.T.);
#5594 = FACE_BOUND('',#5595,.F.);
#5595 = EDGE_LOOP('',(#5596,#5619,#5640,#5641));
#5596 = ORIENTED_EDGE('',*,*,#5597,.T.);
#5597 = EDGE_CURVE('',#5545,#5598,#5600,.T.);
#5598 = VERTEX_POINT('',#5599);
#5599 = CARTESIAN_POINT('',(66.,31.171572875254,59.171572875254));
#5600 = SURFACE_CURVE('',#5601,(#5605,#5612),.PCURVE_S1.);
#5601 = LINE('',#5602,#5603);
#5602 = CARTESIAN_POINT('',(66.,30.,58.));
#5603 = VECTOR('',#5604,1.);
#5604 = DIRECTION('',(-0.,0.707106781187,0.707106781187));
#5605 = PCURVE('',#2699,#5606);
#5606 = DEFINITIONAL_REPRESENTATION('',(#5607),#5611);
#5607 = LINE('',#5608,#5609);
#5608 = CARTESIAN_POINT('',(-11.31370849898,-1.));
#5609 = VECTOR('',#5610,1.);
#5610 = DIRECTION('',(1.,-0.));
#5611 = ( GEOMETRIC_REPRESENTATION_CONTEXT(2) 
PARAMETRIC_REPRESENTATION_CONTEXT() REPRESENTATION_CONTEXT('2D SPACE',''
  ) );
#5612 = PCURVE('',#5217,#5613);
#5613 = DEFINITIONAL_REPRESENTATION('',(#5614),#5618);
#5614 = LINE('',#5615,#5616);
#5615 = CARTESIAN_POINT('',(-6.284271247462,9.715728752538));
#5616 = VECTOR('',#5617,1.);
#5617 = DIRECTION('',(-0.707106781187,0.707106781187));
#5618 = ( GEOMETRIC_REPRESENTATION_CONTEXT(2) 
PARAMETRIC_REPRESENTATION_CONTEXT() REPRESENTATION_CONTEXT('2D SPACE',''
  ) );
#5619 = ORIENTED_EDGE('',*,*,#5620,.T.);
#5620 = EDGE_CURVE('',#5598,#2657,#5621,.T.);
#5621 = SURFACE_CURVE('',#5622,(#5626,#5633),.PCURVE_S1.);
#5622 = LINE('',#5623,#5624);
#5623 = CARTESIAN_POINT('',(65.,31.171572875254,59.171572875254));
#5624 = VECTOR('',#5625,1.);
#5625 = DIRECTION('',(1.,-0.,-0.));
#5626 = PCURVE('',#2699,#5627);
#5627 = DEFINITIONAL_REPRESENTATION('',(#5628),#5632);
#5628 = LINE('',#5629,#5630);
#5629 = CARTESIAN_POINT('',(-9.656854249492,0.));
#5630 = VECTOR('',#5631,1.);
#5631 = DIRECTION('',(-0.,-1.));
#5632 = ( GEOMETRIC_REPRESENTATION_CONTEXT(2) 
PARAMETRIC_REPRESENTATION_CONTEXT() REPRESENTATION_CONTEXT('2D SPACE',''
  ) );
#5633 = PCURVE('',#2673,#5634);
#5634 = DEFINITIONAL_REPRESENTATION('',(#5635),#5639);
#5635 = LINE('',#5636,#5637);
#5636 = CARTESIAN_POINT('',(-2.356194490192,0.));
#5637 = VECTOR('',#5638,1.);
#5638 = DIRECTION('',(-0.,1.));
#5639 = ( GEOMETRIC_REPRESENTATION_CONTEXT(2) 
PARAMETRIC_REPRESENTATION_CONTEXT() REPRESENTATION_CONTEXT('2D SPACE',''
  ) );
#5640 = ORIENTED_EDGE('',*,*,#2685,.T.);
#5641 = ORIENTED_EDGE('',*,*,#5572,.F.);
#5642 = ADVANCED_FACE('',(#5643),#2673,.F.);
#5643 = FACE_BOUND('',#5644,.T.);
#5644 = EDGE_LOOP('',(#5645,#5668,#5694,#5695));
#5645 = ORIENTED_EDGE('',*,*,#5646,.F.);
#5646 = EDGE_CURVE('',#5647,#2629,#5649,.T.);
#5647 = VERTEX_POINT('',#5648);
#5648 = CARTESIAN_POINT('',(66.,28.343145750508,66.));
#5649 = SURFACE_CURVE('',#5650,(#5654,#5661),.PCURVE_S1.);
#5650 = LINE('',#5651,#5652);
#5651 = CARTESIAN_POINT('',(65.,28.343145750508,66.));
#5652 = VECTOR('',#5653,1.);
#5653 = DIRECTION('',(1.,-0.,-0.));
#5654 = PCURVE('',#2673,#5655);
#5655 = DEFINITIONAL_REPRESENTATION('',(#5656),#5660);
#5656 = LINE('',#5657,#5658);
#5657 = CARTESIAN_POINT('',(-0.,0.));
#5658 = VECTOR('',#5659,1.);
#5659 = DIRECTION('',(-0.,1.));
#5660 = ( GEOMETRIC_REPRESENTATION_CONTEXT(2) 
PARAMETRIC_REPRESENTATION_CONTEXT() REPRESENTATION_CONTEXT('2D SPACE',''
  ) );
#5661 = PCURVE('',#2644,#5662);
#5662 = DEFINITIONAL_REPRESENTATION('',(#5663),#5667);
#5663 = LINE('',#5664,#5665);
#5664 = CARTESIAN_POINT('',(-22.3431457505,0.));
#5665 = VECTOR('',#5666,1.);
#5666 = DIRECTION('',(-0.,-1.));
#5667 = ( GEOMETRIC_REPRESENTATION_CONTEXT(2) 
PARAMETRIC_REPRESENTATION_CONTEXT() REPRESENTATION_CONTEXT('2D SPACE',''
  ) );
#5668 = ORIENTED_EDGE('',*,*,#5669,.T.);
#5669 = EDGE_CURVE('',#5647,#5598,#5670,.T.);
#5670 = SURFACE_CURVE('',#5671,(#5676,#5683),.PCURVE_S1.);
#5671 = CIRCLE('',#5672,4.);
#5672 = AXIS2_PLACEMENT_3D('',#5673,#5674,#5675);
#5673 = CARTESIAN_POINT('',(66.,28.343145750508,62.));
#5674 = DIRECTION('',(-1.,0.,0.));
#5675 = DIRECTION('',(0.,-0.,1.));
#5676 = PCURVE('',#2673,#5677);
#5677 = DEFINITIONAL_REPRESENTATION('',(#5678),#5682);
#5678 = LINE('',#5679,#5680);
#5679 = CARTESIAN_POINT('',(-0.,1.));
#5680 = VECTOR('',#5681,1.);
#5681 = DIRECTION('',(-1.,0.));
#5682 = ( GEOMETRIC_REPRESENTATION_CONTEXT(2) 
PARAMETRIC_REPRESENTATION_CONTEXT() REPRESENTATION_CONTEXT('2D SPACE',''
  ) );
#5683 = PCURVE('',#5217,#5684);
#5684 = DEFINITIONAL_REPRESENTATION('',(#5685),#5693);
#5685 = ( BOUNDED_CURVE() B_SPLINE_CURVE(2,(#5686,#5687,#5688,#5689,
#5690,#5691,#5692),.UNSPECIFIED.,.T.,.F.) B_SPLINE_CURVE_WITH_KNOTS((1,2
    ,2,2,2,1),(-2.094395102393,0.,2.094395102393,4.188790204786,
6.28318530718,8.377580409573),.UNSPECIFIED.) CURVE() 
GEOMETRIC_REPRESENTATION_ITEM() RATIONAL_B_SPLINE_CURVE((1.,0.5,1.,0.5,
1.,0.5,1.)) REPRESENTATION_ITEM('') );
#5686 = CARTESIAN_POINT('',(-14.28427124746,8.058874503046));
#5687 = CARTESIAN_POINT('',(-14.28427124746,14.987077733321));
#5688 = CARTESIAN_POINT('',(-8.284271247462,11.522976118183));
#5689 = CARTESIAN_POINT('',(-2.284271247462,8.058874503046));
#5690 = CARTESIAN_POINT('',(-8.284271247462,4.594772887908));
#5691 = CARTESIAN_POINT('',(-14.28427124746,1.13067127277));
#5692 = CARTESIAN_POINT('',(-14.28427124746,8.058874503046));
#5693 = ( GEOMETRIC_REPRESENTATION_CONTEXT(2) 
PARAMETRIC_REPRESENTATION_CONTEXT() REPRESENTATION_CONTEXT('2D SPACE',''
  ) );
#5694 = ORIENTED_EDGE('',*,*,#5620,.T.);
#5695 = ORIENTED_EDGE('',*,*,#2656,.F.);
#5696 = ADVANCED_FACE('',(#5697),#2644,.T.);
#5697 = FACE_BOUND('',#5698,.F.);
#5698 = EDGE_LOOP('',(#5699,#5722,#5743,#5744));
#5699 = ORIENTED_EDGE('',*,*,#5700,.T.);
#5700 = EDGE_CURVE('',#5647,#5701,#5703,.T.);
#5701 = VERTEX_POINT('',#5702);
#5702 = CARTESIAN_POINT('',(66.,10.,66.));
#5703 = SURFACE_CURVE('',#5704,(#5708,#5715),.PCURVE_S1.);
#5704 = LINE('',#5705,#5706);
#5705 = CARTESIAN_POINT('',(66.,13.142135623731,66.));
#5706 = VECTOR('',#5707,1.);
#5707 = DIRECTION('',(-0.,-1.,-0.));
#5708 = PCURVE('',#2644,#5709);
#5709 = DEFINITIONAL_REPRESENTATION('',(#5710),#5714);
#5710 = LINE('',#5711,#5712);
#5711 = CARTESIAN_POINT('',(-7.142135623731,-1.));
#5712 = VECTOR('',#5713,1.);
#5713 = DIRECTION('',(1.,-0.));
#5714 = ( GEOMETRIC_REPRESENTATION_CONTEXT(2) 
PARAMETRIC_REPRESENTATION_CONTEXT() REPRESENTATION_CONTEXT('2D SPACE',''
  ) );
#5715 = PCURVE('',#5217,#5716);
#5716 = DEFINITIONAL_REPRESENTATION('',(#5717),#5721);
#5717 = LINE('',#5718,#5719);
#5718 = CARTESIAN_POINT('',(-14.28427124746,-7.142135623731));
#5719 = VECTOR('',#5720,1.);
#5720 = DIRECTION('',(-0.,-1.));
#5721 = ( GEOMETRIC_REPRESENTATION_CONTEXT(2) 
PARAMETRIC_REPRESENTATION_CONTEXT() REPRESENTATION_CONTEXT('2D SPACE',''
  ) );
#5722 = ORIENTED_EDGE('',*,*,#5723,.T.);
#5723 = EDGE_CURVE('',#5701,#2600,#5724,.T.);
#5724 = SURFACE_CURVE('',#5725,(#5729,#5736),.PCURVE_S1.);
#5725 = LINE('',#5726,#5727);
#5726 = CARTESIAN_POINT('',(65.,10.,66.));
#5727 = VECTOR('',#5728,1.);
#5728 = DIRECTION('',(1.,-0.,-0.));
#5729 = PCURVE('',#2644,#5730);
#5730 = DEFINITIONAL_REPRESENTATION('',(#5731),#5735);
#5731 = LINE('',#5732,#5733);
#5732 = CARTESIAN_POINT('',(-4.,0.));
#5733 = VECTOR('',#5734,1.);
#5734 = DIRECTION('',(-0.,-1.));
#5735 = ( GEOMETRIC_REPRESENTATION_CONTEXT(2) 
PARAMETRIC_REPRESENTATION_CONTEXT() REPRESENTATION_CONTEXT('2D SPACE',''
  ) );
#5736 = PCURVE('',#2616,#5737);
#5737 = DEFINITIONAL_REPRESENTATION('',(#5738),#5742);
#5738 = LINE('',#5739,#5740);
#5739 = CARTESIAN_POINT('',(-1.570796326795,0.));
#5740 = VECTOR('',#5741,1.);
#5741 = DIRECTION('',(-0.,1.));
#5742 = ( GEOMETRIC_REPRESENTATION_CONTEXT(2) 
PARAMETRIC_REPRESENTATION_CONTEXT() REPRESENTATION_CONTEXT('2D SPACE',''
  ) );
#5743 = ORIENTED_EDGE('',*,*,#2628,.T.);
#5744 = ORIENTED_EDGE('',*,*,#5646,.F.);
#5745 = ADVANCED_FACE('',(#5746),#2616,.F.);
#5746 = FACE_BOUND('',#5747,.T.);
#5747 = EDGE_LOOP('',(#5748,#5771,#5797,#5798));
#5748 = ORIENTED_EDGE('',*,*,#5749,.F.);
#5749 = EDGE_CURVE('',#5750,#2572,#5752,.T.);
#5750 = VERTEX_POINT('',#5751);
#5751 = CARTESIAN_POINT('',(66.,6.,62.));
#5752 = SURFACE_CURVE('',#5753,(#5757,#5764),.PCURVE_S1.);
#5753 = LINE('',#5754,#5755);
#5754 = CARTESIAN_POINT('',(65.,6.,62.));
#5755 = VECTOR('',#5756,1.);
#5756 = DIRECTION('',(1.,-0.,-0.));
#5757 = PCURVE('',#2616,#5758);
#5758 = DEFINITIONAL_REPRESENTATION('',(#5759),#5763);
#5759 = LINE('',#5760,#5761);
#5760 = CARTESIAN_POINT('',(-0.,0.));
#5761 = VECTOR('',#5762,1.);
#5762 = DIRECTION('',(-0.,1.));
#5763 = ( GEOMETRIC_REPRESENTATION_CONTEXT(2) 
PARAMETRIC_REPRESENTATION_CONTEXT() REPRESENTATION_CONTEXT('2D SPACE',''
  ) );
#5764 = PCURVE('',#2587,#5765);
#5765 = DEFINITIONAL_REPRESENTATION('',(#5766),#5770);
#5766 = LINE('',#5767,#5768);
#5767 = CARTESIAN_POINT('',(-28.,-0.));
#5768 = VECTOR('',#5769,1.);
#5769 = DIRECTION('',(-0.,-1.));
#5770 = ( GEOMETRIC_REPRESENTATION_CONTEXT(2) 
PARAMETRIC_REPRESENTATION_CONTEXT() REPRESENTATION_CONTEXT('2D SPACE',''
  ) );
#5771 = ORIENTED_EDGE('',*,*,#5772,.T.);
#5772 = EDGE_CURVE('',#5750,#5701,#5773,.T.);
#5773 = SURFACE_CURVE('',#5774,(#5779,#5786),.PCURVE_S1.);
#5774 = CIRCLE('',#5775,4.);
#5775 = AXIS2_PLACEMENT_3D('',#5776,#5777,#5778);
#5776 = CARTESIAN_POINT('',(66.,10.,62.));
#5777 = DIRECTION('',(-1.,0.,0.));
#5778 = DIRECTION('',(-0.,-1.,-0.));
#5779 = PCURVE('',#2616,#5780);
#5780 = DEFINITIONAL_REPRESENTATION('',(#5781),#5785);
#5781 = LINE('',#5782,#5783);
#5782 = CARTESIAN_POINT('',(-0.,1.));
#5783 = VECTOR('',#5784,1.);
#5784 = DIRECTION('',(-1.,0.));
#5785 = ( GEOMETRIC_REPRESENTATION_CONTEXT(2) 
PARAMETRIC_REPRESENTATION_CONTEXT() REPRESENTATION_CONTEXT('2D SPACE',''
  ) );
#5786 = PCURVE('',#5217,#5787);
#5787 = DEFINITIONAL_REPRESENTATION('',(#5788),#5796);
#5788 = ( BOUNDED_CURVE() B_SPLINE_CURVE(2,(#5789,#5790,#5791,#5792,
#5793,#5794,#5795),.UNSPECIFIED.,.T.,.F.) B_SPLINE_CURVE_WITH_KNOTS((1,2
    ,2,2,2,1),(-2.094395102393,0.,2.094395102393,4.188790204786,
6.28318530718,8.377580409573),.UNSPECIFIED.) CURVE() 
GEOMETRIC_REPRESENTATION_ITEM() RATIONAL_B_SPLINE_CURVE((1.,0.5,1.,0.5,
1.,0.5,1.)) REPRESENTATION_ITEM('') );
#5789 = CARTESIAN_POINT('',(-10.28427124746,-14.28427124746));
#5790 = CARTESIAN_POINT('',(-17.21247447773,-14.28427124746));
#5791 = CARTESIAN_POINT('',(-13.7483728626,-8.284271247462));
#5792 = CARTESIAN_POINT('',(-10.28427124746,-2.284271247462));
#5793 = CARTESIAN_POINT('',(-6.820169632324,-8.284271247462));
#5794 = CARTESIAN_POINT('',(-3.356068017186,-14.28427124746));
#5795 = CARTESIAN_POINT('',(-10.28427124746,-14.28427124746));
#5796 = ( GEOMETRIC_REPRESENTATION_CONTEXT(2) 
PARAMETRIC_REPRESENTATION_CONTEXT() REPRESENTATION_CONTEXT('2D SPACE',''
  ) );
#5797 = ORIENTED_EDGE('',*,*,#5723,.T.);
#5798 = ORIENTED_EDGE('',*,*,#2599,.F.);
#5799 = ADVANCED_FACE('',(#5800),#2587,.T.);
#5800 = FACE_BOUND('',#5801,.F.);
#5801 = EDGE_LOOP('',(#5802,#5823,#5824,#5825));
#5802 = ORIENTED_EDGE('',*,*,#5803,.T.);
#5803 = EDGE_CURVE('',#5750,#5522,#5804,.T.);
#5804 = SURFACE_CURVE('',#5805,(#5809,#5816),.PCURVE_S1.);
#5805 = LINE('',#5806,#5807);
#5806 = CARTESIAN_POINT('',(66.,6.,42.857864376269));
#5807 = VECTOR('',#5808,1.);
#5808 = DIRECTION('',(-0.,-0.,-1.));
#5809 = PCURVE('',#2587,#5810);
#5810 = DEFINITIONAL_REPRESENTATION('',(#5811),#5815);
#5811 = LINE('',#5812,#5813);
#5812 = CARTESIAN_POINT('',(-8.857864376269,-1.));
#5813 = VECTOR('',#5814,1.);
#5814 = DIRECTION('',(1.,-0.));
#5815 = ( GEOMETRIC_REPRESENTATION_CONTEXT(2) 
PARAMETRIC_REPRESENTATION_CONTEXT() REPRESENTATION_CONTEXT('2D SPACE',''
  ) );
#5816 = PCURVE('',#5217,#5817);
#5817 = DEFINITIONAL_REPRESENTATION('',(#5818),#5822);
#5818 = LINE('',#5819,#5820);
#5819 = CARTESIAN_POINT('',(8.857864376269,-14.28427124746));
#5820 = VECTOR('',#5821,1.);
#5821 = DIRECTION('',(1.,-0.));
#5822 = ( GEOMETRIC_REPRESENTATION_CONTEXT(2) 
PARAMETRIC_REPRESENTATION_CONTEXT() REPRESENTATION_CONTEXT('2D SPACE',''
  ) );
#5823 = ORIENTED_EDGE('',*,*,#5521,.T.);
#5824 = ORIENTED_EDGE('',*,*,#2571,.T.);
#5825 = ORIENTED_EDGE('',*,*,#5749,.F.);
#5826 = ADVANCED_FACE('',(#5827),#2862,.F.);
#5827 = FACE_BOUND('',#5828,.T.);
#5828 = EDGE_LOOP('',(#5829,#5830,#5831));
#5829 = ORIENTED_EDGE('',*,*,#2846,.F.);
#5830 = ORIENTED_EDGE('',*,*,#3301,.F.);
#5831 = ORIENTED_EDGE('',*,*,#5832,.F.);
#5832 = EDGE_CURVE('',#2847,#3302,#5833,.T.);
#5833 = SURFACE_CURVE('',#5834,(#5838,#5845),.PCURVE_S1.);
#5834 = LINE('',#5835,#5836);
#5835 = CARTESIAN_POINT('',(-74.,-8.,80.));
#5836 = VECTOR('',#5837,1.);
#5837 = DIRECTION('',(1.,-0.,-0.));
#5838 = PCURVE('',#2862,#5839);
#5839 = DEFINITIONAL_REPRESENTATION('',(#5840),#5844);
#5840 = LINE('',#5841,#5842);
#5841 = CARTESIAN_POINT('',(-80.,-0.));
#5842 = VECTOR('',#5843,1.);
#5843 = DIRECTION('',(-0.,-1.));
#5844 = ( GEOMETRIC_REPRESENTATION_CONTEXT(2) 
PARAMETRIC_REPRESENTATION_CONTEXT() REPRESENTATION_CONTEXT('2D SPACE',''
  ) );
#5845 = PCURVE('',#2890,#5846);
#5846 = DEFINITIONAL_REPRESENTATION('',(#5847),#5851);
#5847 = LINE('',#5848,#5849);
#5848 = CARTESIAN_POINT('',(74.,36.));
#5849 = VECTOR('',#5850,1.);
#5850 = DIRECTION('',(-1.,0.));
#5851 = ( GEOMETRIC_REPRESENTATION_CONTEXT(2) 
PARAMETRIC_REPRESENTATION_CONTEXT() REPRESENTATION_CONTEXT('2D SPACE',''
  ) );
#5852 = ADVANCED_FACE('',(#5853),#2890,.F.);
#5853 = FACE_BOUND('',#5854,.T.);
#5854 = EDGE_LOOP('',(#5855,#5856,#5857,#5858));
#5855 = ORIENTED_EDGE('',*,*,#2874,.T.);
#5856 = ORIENTED_EDGE('',*,*,#5832,.T.);
#5857 = ORIENTED_EDGE('',*,*,#3329,.F.);
#5858 = ORIENTED_EDGE('',*,*,#3834,.T.);
#5859 = ADVANCED_FACE('',(#5860),#3020,.F.);
#5860 = FACE_BOUND('',#5861,.T.);
#5861 = EDGE_LOOP('',(#5862,#5885,#5908,#5936,#5957,#5978,#5979));
#5862 = ORIENTED_EDGE('',*,*,#5863,.T.);
#5863 = EDGE_CURVE('',#2977,#5864,#5866,.T.);
#5864 = VERTEX_POINT('',#5865);
#5865 = CARTESIAN_POINT('',(-70.,72.,80.));
#5866 = SURFACE_CURVE('',#5867,(#5871,#5878),.PCURVE_S1.);
#5867 = LINE('',#5868,#5869);
#5868 = CARTESIAN_POINT('',(-74.,72.,80.));
#5869 = VECTOR('',#5870,1.);
#5870 = DIRECTION('',(1.,-0.,-0.));
#5871 = PCURVE('',#3020,#5872);
#5872 = DEFINITIONAL_REPRESENTATION('',(#5873),#5877);
#5873 = LINE('',#5874,#5875);
#5874 = CARTESIAN_POINT('',(0.,-0.));
#5875 = VECTOR('',#5876,1.);
#5876 = DIRECTION('',(-0.,-1.));
#5877 = ( GEOMETRIC_REPRESENTATION_CONTEXT(2) 
PARAMETRIC_REPRESENTATION_CONTEXT() REPRESENTATION_CONTEXT('2D SPACE',''
  ) );
#5878 = PCURVE('',#2992,#5879);
#5879 = DEFINITIONAL_REPRESENTATION('',(#5880),#5884);
#5880 = LINE('',#5881,#5882);
#5881 = CARTESIAN_POINT('',(-80.,0.));
#5882 = VECTOR('',#5883,1.);
#5883 = DIRECTION('',(-0.,-1.));
#5884 = ( GEOMETRIC_REPRESENTATION_CONTEXT(2) 
PARAMETRIC_REPRESENTATION_CONTEXT() REPRESENTATION_CONTEXT('2D SPACE',''
  ) );
#5885 = ORIENTED_EDGE('',*,*,#5886,.T.);
#5886 = EDGE_CURVE('',#5864,#5887,#5889,.T.);
#5887 = VERTEX_POINT('',#5888);
#5888 = CARTESIAN_POINT('',(-66.,72.,80.));
#5889 = SURFACE_CURVE('',#5890,(#5894,#5901),.PCURVE_S1.);
#5890 = LINE('',#5891,#5892);
#5891 = CARTESIAN_POINT('',(-74.,72.,80.));
#5892 = VECTOR('',#5893,1.);
#5893 = DIRECTION('',(1.,-0.,-0.));
#5894 = PCURVE('',#3020,#5895);
#5895 = DEFINITIONAL_REPRESENTATION('',(#5896),#5900);
#5896 = LINE('',#5897,#5898);
#5897 = CARTESIAN_POINT('',(0.,-0.));
#5898 = VECTOR('',#5899,1.);
#5899 = DIRECTION('',(-0.,-1.));
#5900 = ( GEOMETRIC_REPRESENTATION_CONTEXT(2) 
PARAMETRIC_REPRESENTATION_CONTEXT() REPRESENTATION_CONTEXT('2D SPACE',''
  ) );
#5901 = PCURVE('',#3371,#5902);
#5902 = DEFINITIONAL_REPRESENTATION('',(#5903),#5907);
#5903 = LINE('',#5904,#5905);
#5904 = CARTESIAN_POINT('',(-0.,0.));
#5905 = VECTOR('',#5906,1.);
#5906 = DIRECTION('',(-1.,0.));
#5907 = ( GEOMETRIC_REPRESENTATION_CONTEXT(2) 
PARAMETRIC_REPRESENTATION_CONTEXT() REPRESENTATION_CONTEXT('2D SPACE',''
  ) );
#5908 = ORIENTED_EDGE('',*,*,#5909,.T.);
#5909 = EDGE_CURVE('',#5887,#5910,#5912,.T.);
#5910 = VERTEX_POINT('',#5911);
#5911 = CARTESIAN_POINT('',(-66.,62.,70.));
#5912 = SURFACE_CURVE('',#5913,(#5917,#5924),.PCURVE_S1.);
#5913 = LINE('',#5914,#5915);
#5914 = CARTESIAN_POINT('',(-66.,72.,80.));
#5915 = VECTOR('',#5916,1.);
#5916 = DIRECTION('',(-0.,-0.707106781187,-0.707106781187));
#5917 = PCURVE('',#3020,#5918);
#5918 = DEFINITIONAL_REPRESENTATION('',(#5919),#5923);
#5919 = LINE('',#5920,#5921);
#5920 = CARTESIAN_POINT('',(-0.,-8.));
#5921 = VECTOR('',#5922,1.);
#5922 = DIRECTION('',(-1.,0.));
#5923 = ( GEOMETRIC_REPRESENTATION_CONTEXT(2) 
PARAMETRIC_REPRESENTATION_CONTEXT() REPRESENTATION_CONTEXT('2D SPACE',''
  ) );
#5924 = PCURVE('',#5925,#5930);
#5925 = PLANE('',#5926);
#5926 = AXIS2_PLACEMENT_3D('',#5927,#5928,#5929);
#5927 = CARTESIAN_POINT('',(-66.,72.,70.));
#5928 = DIRECTION('',(1.,0.,-0.));
#5929 = DIRECTION('',(-0.,0.,-1.));
#5930 = DEFINITIONAL_REPRESENTATION('',(#5931),#5935);
#5931 = LINE('',#5932,#5933);
#5932 = CARTESIAN_POINT('',(-10.,0.));
#5933 = VECTOR('',#5934,1.);
#5934 = DIRECTION('',(0.707106781187,-0.707106781187));
#5935 = ( GEOMETRIC_REPRESENTATION_CONTEXT(2) 
PARAMETRIC_REPRESENTATION_CONTEXT() REPRESENTATION_CONTEXT('2D SPACE',''
  ) );
#5936 = ORIENTED_EDGE('',*,*,#5937,.T.);
#5937 = EDGE_CURVE('',#5910,#4802,#5938,.T.);
#5938 = SURFACE_CURVE('',#5939,(#5943,#5950),.PCURVE_S1.);
#5939 = LINE('',#5940,#5941);
#5940 = CARTESIAN_POINT('',(-66.,72.,80.));
#5941 = VECTOR('',#5942,1.);
#5942 = DIRECTION('',(-0.,-0.707106781187,-0.707106781187));
#5943 = PCURVE('',#3020,#5944);
#5944 = DEFINITIONAL_REPRESENTATION('',(#5945),#5949);
#5945 = LINE('',#5946,#5947);
#5946 = CARTESIAN_POINT('',(-0.,-8.));
#5947 = VECTOR('',#5948,1.);
#5948 = DIRECTION('',(-1.,0.));
#5949 = ( GEOMETRIC_REPRESENTATION_CONTEXT(2) 
PARAMETRIC_REPRESENTATION_CONTEXT() REPRESENTATION_CONTEXT('2D SPACE',''
  ) );
#5950 = PCURVE('',#4895,#5951);
#5951 = DEFINITIONAL_REPRESENTATION('',(#5952),#5956);
#5952 = LINE('',#5953,#5954);
#5953 = CARTESIAN_POINT('',(-28.28427124746,51.715728752538));
#5954 = VECTOR('',#5955,1.);
#5955 = DIRECTION('',(0.707106781187,-0.707106781187));
#5956 = ( GEOMETRIC_REPRESENTATION_CONTEXT(2) 
PARAMETRIC_REPRESENTATION_CONTEXT() REPRESENTATION_CONTEXT('2D SPACE',''
  ) );
#5957 = ORIENTED_EDGE('',*,*,#5958,.T.);
#5958 = EDGE_CURVE('',#4802,#4723,#5959,.T.);
#5959 = SURFACE_CURVE('',#5960,(#5964,#5971),.PCURVE_S1.);
#5960 = LINE('',#5961,#5962);
#5961 = CARTESIAN_POINT('',(-66.,72.,80.));
#5962 = VECTOR('',#5963,1.);
#5963 = DIRECTION('',(-0.,-0.707106781187,-0.707106781187));
#5964 = PCURVE('',#3020,#5965);
#5965 = DEFINITIONAL_REPRESENTATION('',(#5966),#5970);
#5966 = LINE('',#5967,#5968);
#5967 = CARTESIAN_POINT('',(-0.,-8.));
#5968 = VECTOR('',#5969,1.);
#5969 = DIRECTION('',(-1.,0.));
#5970 = ( GEOMETRIC_REPRESENTATION_CONTEXT(2) 
PARAMETRIC_REPRESENTATION_CONTEXT() REPRESENTATION_CONTEXT('2D SPACE',''
  ) );
#5971 = PCURVE('',#4738,#5972);
#5972 = DEFINITIONAL_REPRESENTATION('',(#5973),#5977);
#5973 = LINE('',#5974,#5975);
#5974 = CARTESIAN_POINT('',(-80.,70.));
#5975 = VECTOR('',#5976,1.);
#5976 = DIRECTION('',(0.707106781187,-0.707106781187));
#5977 = ( GEOMETRIC_REPRESENTATION_CONTEXT(2) 
PARAMETRIC_REPRESENTATION_CONTEXT() REPRESENTATION_CONTEXT('2D SPACE',''
  ) );
#5978 = ORIENTED_EDGE('',*,*,#5407,.F.);
#5979 = ORIENTED_EDGE('',*,*,#3004,.F.);
#5980 = ADVANCED_FACE('',(#5981),#2992,.F.);
#5981 = FACE_BOUND('',#5982,.T.);
#5982 = EDGE_LOOP('',(#5983,#5984,#6010));
#5983 = ORIENTED_EDGE('',*,*,#2976,.F.);
#5984 = ORIENTED_EDGE('',*,*,#5985,.F.);
#5985 = EDGE_CURVE('',#5864,#2949,#5986,.T.);
#5986 = SURFACE_CURVE('',#5987,(#5992,#6003),.PCURVE_S1.);
#5987 = CIRCLE('',#5988,4.);
#5988 = AXIS2_PLACEMENT_3D('',#5989,#5990,#5991);
#5989 = CARTESIAN_POINT('',(-70.,68.,80.));
#5990 = DIRECTION('',(0.,0.,1.));
#5991 = DIRECTION('',(0.,1.,-0.));
#5992 = PCURVE('',#2992,#5993);
#5993 = DEFINITIONAL_REPRESENTATION('',(#5994),#6002);
#5994 = ( BOUNDED_CURVE() B_SPLINE_CURVE(2,(#5995,#5996,#5997,#5998,
#5999,#6000,#6001),.UNSPECIFIED.,.T.,.F.) B_SPLINE_CURVE_WITH_KNOTS((1,2
    ,2,2,2,1),(-2.094395102393,0.,2.094395102393,4.188790204786,
6.28318530718,8.377580409573),.UNSPECIFIED.) CURVE() 
GEOMETRIC_REPRESENTATION_ITEM() RATIONAL_B_SPLINE_CURVE((1.,0.5,1.,0.5,
1.,0.5,1.)) REPRESENTATION_ITEM('') );
#5995 = CARTESIAN_POINT('',(-80.,-4.));
#5996 = CARTESIAN_POINT('',(-80.,2.928203230276));
#5997 = CARTESIAN_POINT('',(-74.,-0.535898384862));
#5998 = CARTESIAN_POINT('',(-68.,-4.));
#5999 = CARTESIAN_POINT('',(-74.,-7.464101615138));
#6000 = CARTESIAN_POINT('',(-80.,-10.92820323027));
#6001 = CARTESIAN_POINT('',(-80.,-4.));
#6002 = ( GEOMETRIC_REPRESENTATION_CONTEXT(2) 
PARAMETRIC_REPRESENTATION_CONTEXT() REPRESENTATION_CONTEXT('2D SPACE',''
  ) );
#6003 = PCURVE('',#2964,#6004);
#6004 = DEFINITIONAL_REPRESENTATION('',(#6005),#6009);
#6005 = LINE('',#6006,#6007);
#6006 = CARTESIAN_POINT('',(0.,0.));
#6007 = VECTOR('',#6008,1.);
#6008 = DIRECTION('',(1.,0.));
#6009 = ( GEOMETRIC_REPRESENTATION_CONTEXT(2) 
PARAMETRIC_REPRESENTATION_CONTEXT() REPRESENTATION_CONTEXT('2D SPACE',''
  ) );
#6010 = ORIENTED_EDGE('',*,*,#5863,.F.);
#6011 = ADVANCED_FACE('',(#6012),#2964,.T.);
#6012 = FACE_BOUND('',#6013,.T.);
#6013 = EDGE_LOOP('',(#6014,#6015,#6016,#6017));
#6014 = ORIENTED_EDGE('',*,*,#5985,.T.);
#6015 = ORIENTED_EDGE('',*,*,#2948,.T.);
#6016 = ORIENTED_EDGE('',*,*,#3439,.F.);
#6017 = ORIENTED_EDGE('',*,*,#6018,.F.);
#6018 = EDGE_CURVE('',#5864,#3354,#6019,.T.);
#6019 = SURFACE_CURVE('',#6020,(#6024,#6031),.PCURVE_S1.);
#6020 = LINE('',#6021,#6022);
#6021 = CARTESIAN_POINT('',(-70.,72.,80.));
#6022 = VECTOR('',#6023,1.);
#6023 = DIRECTION('',(-0.,-0.,1.));
#6024 = PCURVE('',#2964,#6025);
#6025 = DEFINITIONAL_REPRESENTATION('',(#6026),#6030);
#6026 = LINE('',#6027,#6028);
#6027 = CARTESIAN_POINT('',(0.,0.));
#6028 = VECTOR('',#6029,1.);
#6029 = DIRECTION('',(0.,1.));
#6030 = ( GEOMETRIC_REPRESENTATION_CONTEXT(2) 
PARAMETRIC_REPRESENTATION_CONTEXT() REPRESENTATION_CONTEXT('2D SPACE',''
  ) );
#6031 = PCURVE('',#3371,#6032);
#6032 = DEFINITIONAL_REPRESENTATION('',(#6033),#6037);
#6033 = LINE('',#6034,#6035);
#6034 = CARTESIAN_POINT('',(-4.,0.));
#6035 = VECTOR('',#6036,1.);
#6036 = DIRECTION('',(-0.,-1.));
#6037 = ( GEOMETRIC_REPRESENTATION_CONTEXT(2) 
PARAMETRIC_REPRESENTATION_CONTEXT() REPRESENTATION_CONTEXT('2D SPACE',''
  ) );
#6038 = ADVANCED_FACE('',(#6039),#3079,.F.);
#6039 = FACE_BOUND('',#6040,.T.);
#6040 = EDGE_LOOP('',(#6041,#6064,#6065,#6088));
#6041 = ORIENTED_EDGE('',*,*,#6042,.F.);
#6042 = EDGE_CURVE('',#3057,#6043,#6045,.T.);
#6043 = VERTEX_POINT('',#6044);
#6044 = CARTESIAN_POINT('',(-66.,6.,62.));
#6045 = SURFACE_CURVE('',#6046,(#6050,#6057),.PCURVE_S1.);
#6046 = LINE('',#6047,#6048);
#6047 = CARTESIAN_POINT('',(-75.,6.,62.));
#6048 = VECTOR('',#6049,1.);
#6049 = DIRECTION('',(1.,-0.,-0.));
#6050 = PCURVE('',#3079,#6051);
#6051 = DEFINITIONAL_REPRESENTATION('',(#6052),#6056);
#6052 = LINE('',#6053,#6054);
#6053 = CARTESIAN_POINT('',(-0.,0.));
#6054 = VECTOR('',#6055,1.);
#6055 = DIRECTION('',(-0.,1.));
#6056 = ( GEOMETRIC_REPRESENTATION_CONTEXT(2) 
PARAMETRIC_REPRESENTATION_CONTEXT() REPRESENTATION_CONTEXT('2D SPACE',''
  ) );
#6057 = PCURVE('',#3107,#6058);
#6058 = DEFINITIONAL_REPRESENTATION('',(#6059),#6063);
#6059 = LINE('',#6060,#6061);
#6060 = CARTESIAN_POINT('',(-28.,-0.));
#6061 = VECTOR('',#6062,1.);
#6062 = DIRECTION('',(-0.,-1.));
#6063 = ( GEOMETRIC_REPRESENTATION_CONTEXT(2) 
PARAMETRIC_REPRESENTATION_CONTEXT() REPRESENTATION_CONTEXT('2D SPACE',''
  ) );
#6064 = ORIENTED_EDGE('',*,*,#3056,.T.);
#6065 = ORIENTED_EDGE('',*,*,#6066,.T.);
#6066 = EDGE_CURVE('',#3059,#6067,#6069,.T.);
#6067 = VERTEX_POINT('',#6068);
#6068 = CARTESIAN_POINT('',(-66.,10.,66.));
#6069 = SURFACE_CURVE('',#6070,(#6074,#6081),.PCURVE_S1.);
#6070 = LINE('',#6071,#6072);
#6071 = CARTESIAN_POINT('',(-75.,10.,66.));
#6072 = VECTOR('',#6073,1.);
#6073 = DIRECTION('',(1.,-0.,-0.));
#6074 = PCURVE('',#3079,#6075);
#6075 = DEFINITIONAL_REPRESENTATION('',(#6076),#6080);
#6076 = LINE('',#6077,#6078);
#6077 = CARTESIAN_POINT('',(-1.570796326795,0.));
#6078 = VECTOR('',#6079,1.);
#6079 = DIRECTION('',(-0.,1.));
#6080 = ( GEOMETRIC_REPRESENTATION_CONTEXT(2) 
PARAMETRIC_REPRESENTATION_CONTEXT() REPRESENTATION_CONTEXT('2D SPACE',''
  ) );
#6081 = PCURVE('',#3227,#6082);
#6082 = DEFINITIONAL_REPRESENTATION('',(#6083),#6087);
#6083 = LINE('',#6084,#6085);
#6084 = CARTESIAN_POINT('',(-4.,0.));
#6085 = VECTOR('',#6086,1.);
#6086 = DIRECTION('',(-0.,-1.));
#6087 = ( GEOMETRIC_REPRESENTATION_CONTEXT(2) 
PARAMETRIC_REPRESENTATION_CONTEXT() REPRESENTATION_CONTEXT('2D SPACE',''
  ) );
#6088 = ORIENTED_EDGE('',*,*,#6089,.F.);
#6089 = EDGE_CURVE('',#6043,#6067,#6090,.T.);
#6090 = SURFACE_CURVE('',#6091,(#6096,#6103),.PCURVE_S1.);
#6091 = CIRCLE('',#6092,4.);
#6092 = AXIS2_PLACEMENT_3D('',#6093,#6094,#6095);
#6093 = CARTESIAN_POINT('',(-66.,10.,62.));
#6094 = DIRECTION('',(-1.,0.,0.));
#6095 = DIRECTION('',(-0.,-1.,-0.));
#6096 = PCURVE('',#3079,#6097);
#6097 = DEFINITIONAL_REPRESENTATION('',(#6098),#6102);
#6098 = LINE('',#6099,#6100);
#6099 = CARTESIAN_POINT('',(-0.,9.));
#6100 = VECTOR('',#6101,1.);
#6101 = DIRECTION('',(-1.,0.));
#6102 = ( GEOMETRIC_REPRESENTATION_CONTEXT(2) 
PARAMETRIC_REPRESENTATION_CONTEXT() REPRESENTATION_CONTEXT('2D SPACE',''
  ) );
#6103 = PCURVE('',#4895,#6104);
#6104 = DEFINITIONAL_REPRESENTATION('',(#6105),#6113);
#6105 = ( BOUNDED_CURVE() B_SPLINE_CURVE(2,(#6106,#6107,#6108,#6109,
#6110,#6111,#6112),.UNSPECIFIED.,.T.,.F.) B_SPLINE_CURVE_WITH_KNOTS((1,2
    ,2,2,2,1),(-2.094395102393,0.,2.094395102393,4.188790204786,
6.28318530718,8.377580409573),.UNSPECIFIED.) CURVE() 
GEOMETRIC_REPRESENTATION_ITEM() RATIONAL_B_SPLINE_CURVE((1.,0.5,1.,0.5,
1.,0.5,1.)) REPRESENTATION_ITEM('') );
#6106 = CARTESIAN_POINT('',(-10.28427124746,-14.28427124746));
#6107 = CARTESIAN_POINT('',(-17.21247447773,-14.28427124746));
#6108 = CARTESIAN_POINT('',(-13.7483728626,-8.284271247462));
#6109 = CARTESIAN_POINT('',(-10.28427124746,-2.284271247462));
#6110 = CARTESIAN_POINT('',(-6.820169632324,-8.284271247462));
#6111 = CARTESIAN_POINT('',(-3.356068017186,-14.28427124746));
#6112 = CARTESIAN_POINT('',(-10.28427124746,-14.28427124746));
#6113 = ( GEOMETRIC_REPRESENTATION_CONTEXT(2) 
PARAMETRIC_REPRESENTATION_CONTEXT() REPRESENTATION_CONTEXT('2D SPACE',''
  ) );
#6114 = ADVANCED_FACE('',(#6115),#3227,.T.);
#6115 = FACE_BOUND('',#6116,.F.);
#6116 = EDGE_LOOP('',(#6117,#6118,#6119,#6142));
#6117 = ORIENTED_EDGE('',*,*,#3213,.T.);
#6118 = ORIENTED_EDGE('',*,*,#6066,.T.);
#6119 = ORIENTED_EDGE('',*,*,#6120,.F.);
#6120 = EDGE_CURVE('',#6121,#6067,#6123,.T.);
#6121 = VERTEX_POINT('',#6122);
#6122 = CARTESIAN_POINT('',(-66.,28.343145750508,66.));
#6123 = SURFACE_CURVE('',#6124,(#6128,#6135),.PCURVE_S1.);
#6124 = LINE('',#6125,#6126);
#6125 = CARTESIAN_POINT('',(-66.,13.142135623731,66.));
#6126 = VECTOR('',#6127,1.);
#6127 = DIRECTION('',(-0.,-1.,-0.));
#6128 = PCURVE('',#3227,#6129);
#6129 = DEFINITIONAL_REPRESENTATION('',(#6130),#6134);
#6130 = LINE('',#6131,#6132);
#6131 = CARTESIAN_POINT('',(-7.142135623731,-9.));
#6132 = VECTOR('',#6133,1.);
#6133 = DIRECTION('',(1.,-0.));
#6134 = ( GEOMETRIC_REPRESENTATION_CONTEXT(2) 
PARAMETRIC_REPRESENTATION_CONTEXT() REPRESENTATION_CONTEXT('2D SPACE',''
  ) );
#6135 = PCURVE('',#4895,#6136);
#6136 = DEFINITIONAL_REPRESENTATION('',(#6137),#6141);
#6137 = LINE('',#6138,#6139);
#6138 = CARTESIAN_POINT('',(-14.28427124746,-7.142135623731));
#6139 = VECTOR('',#6140,1.);
#6140 = DIRECTION('',(-0.,-1.));
#6141 = ( GEOMETRIC_REPRESENTATION_CONTEXT(2) 
PARAMETRIC_REPRESENTATION_CONTEXT() REPRESENTATION_CONTEXT('2D SPACE',''
  ) );
#6142 = ORIENTED_EDGE('',*,*,#6143,.F.);
#6143 = EDGE_CURVE('',#3181,#6121,#6144,.T.);
#6144 = SURFACE_CURVE('',#6145,(#6149,#6156),.PCURVE_S1.);
#6145 = LINE('',#6146,#6147);
#6146 = CARTESIAN_POINT('',(-75.,28.343145750508,66.));
#6147 = VECTOR('',#6148,1.);
#6148 = DIRECTION('',(1.,-0.,-0.));
#6149 = PCURVE('',#3227,#6150);
#6150 = DEFINITIONAL_REPRESENTATION('',(#6151),#6155);
#6151 = LINE('',#6152,#6153);
#6152 = CARTESIAN_POINT('',(-22.3431457505,0.));
#6153 = VECTOR('',#6154,1.);
#6154 = DIRECTION('',(-0.,-1.));
#6155 = ( GEOMETRIC_REPRESENTATION_CONTEXT(2) 
PARAMETRIC_REPRESENTATION_CONTEXT() REPRESENTATION_CONTEXT('2D SPACE',''
  ) );
#6156 = PCURVE('',#3201,#6157);
#6157 = DEFINITIONAL_REPRESENTATION('',(#6158),#6162);
#6158 = LINE('',#6159,#6160);
#6159 = CARTESIAN_POINT('',(-0.,0.));
#6160 = VECTOR('',#6161,1.);
#6161 = DIRECTION('',(-0.,1.));
#6162 = ( GEOMETRIC_REPRESENTATION_CONTEXT(2) 
PARAMETRIC_REPRESENTATION_CONTEXT() REPRESENTATION_CONTEXT('2D SPACE',''
  ) );
#6163 = ADVANCED_FACE('',(#6164),#3201,.F.);
#6164 = FACE_BOUND('',#6165,.T.);
#6165 = EDGE_LOOP('',(#6166,#6167,#6168,#6191));
#6166 = ORIENTED_EDGE('',*,*,#6143,.F.);
#6167 = ORIENTED_EDGE('',*,*,#3180,.T.);
#6168 = ORIENTED_EDGE('',*,*,#6169,.T.);
#6169 = EDGE_CURVE('',#3153,#6170,#6172,.T.);
#6170 = VERTEX_POINT('',#6171);
#6171 = CARTESIAN_POINT('',(-66.,31.171572875254,59.171572875254));
#6172 = SURFACE_CURVE('',#6173,(#6177,#6184),.PCURVE_S1.);
#6173 = LINE('',#6174,#6175);
#6174 = CARTESIAN_POINT('',(-75.,31.171572875254,59.171572875254));
#6175 = VECTOR('',#6176,1.);
#6176 = DIRECTION('',(1.,-0.,-0.));
#6177 = PCURVE('',#3201,#6178);
#6178 = DEFINITIONAL_REPRESENTATION('',(#6179),#6183);
#6179 = LINE('',#6180,#6181);
#6180 = CARTESIAN_POINT('',(-2.356194490192,0.));
#6181 = VECTOR('',#6182,1.);
#6182 = DIRECTION('',(-0.,1.));
#6183 = ( GEOMETRIC_REPRESENTATION_CONTEXT(2) 
PARAMETRIC_REPRESENTATION_CONTEXT() REPRESENTATION_CONTEXT('2D SPACE',''
  ) );
#6184 = PCURVE('',#3168,#6185);
#6185 = DEFINITIONAL_REPRESENTATION('',(#6186),#6190);
#6186 = LINE('',#6187,#6188);
#6187 = CARTESIAN_POINT('',(-9.656854249492,0.));
#6188 = VECTOR('',#6189,1.);
#6189 = DIRECTION('',(-0.,-1.));
#6190 = ( GEOMETRIC_REPRESENTATION_CONTEXT(2) 
PARAMETRIC_REPRESENTATION_CONTEXT() REPRESENTATION_CONTEXT('2D SPACE',''
  ) );
#6191 = ORIENTED_EDGE('',*,*,#6192,.F.);
#6192 = EDGE_CURVE('',#6121,#6170,#6193,.T.);
#6193 = SURFACE_CURVE('',#6194,(#6199,#6206),.PCURVE_S1.);
#6194 = CIRCLE('',#6195,4.);
#6195 = AXIS2_PLACEMENT_3D('',#6196,#6197,#6198);
#6196 = CARTESIAN_POINT('',(-66.,28.343145750508,62.));
#6197 = DIRECTION('',(-1.,0.,0.));
#6198 = DIRECTION('',(0.,-0.,1.));
#6199 = PCURVE('',#3201,#6200);
#6200 = DEFINITIONAL_REPRESENTATION('',(#6201),#6205);
#6201 = LINE('',#6202,#6203);
#6202 = CARTESIAN_POINT('',(-0.,9.));
#6203 = VECTOR('',#6204,1.);
#6204 = DIRECTION('',(-1.,0.));
#6205 = ( GEOMETRIC_REPRESENTATION_CONTEXT(2) 
PARAMETRIC_REPRESENTATION_CONTEXT() REPRESENTATION_CONTEXT('2D SPACE',''
  ) );
#6206 = PCURVE('',#4895,#6207);
#6207 = DEFINITIONAL_REPRESENTATION('',(#6208),#6216);
#6208 = ( BOUNDED_CURVE() B_SPLINE_CURVE(2,(#6209,#6210,#6211,#6212,
#6213,#6214,#6215),.UNSPECIFIED.,.T.,.F.) B_SPLINE_CURVE_WITH_KNOTS((1,2
    ,2,2,2,1),(-2.094395102393,0.,2.094395102393,4.188790204786,
6.28318530718,8.377580409573),.UNSPECIFIED.) CURVE() 
GEOMETRIC_REPRESENTATION_ITEM() RATIONAL_B_SPLINE_CURVE((1.,0.5,1.,0.5,
1.,0.5,1.)) REPRESENTATION_ITEM('') );
#6209 = CARTESIAN_POINT('',(-14.28427124746,8.058874503046));
#6210 = CARTESIAN_POINT('',(-14.28427124746,14.987077733321));
#6211 = CARTESIAN_POINT('',(-8.284271247462,11.522976118183));
#6212 = CARTESIAN_POINT('',(-2.284271247462,8.058874503046));
#6213 = CARTESIAN_POINT('',(-8.284271247462,4.594772887908));
#6214 = CARTESIAN_POINT('',(-14.28427124746,1.13067127277));
#6215 = CARTESIAN_POINT('',(-14.28427124746,8.058874503046));
#6216 = ( GEOMETRIC_REPRESENTATION_CONTEXT(2) 
PARAMETRIC_REPRESENTATION_CONTEXT() REPRESENTATION_CONTEXT('2D SPACE',''
  ) );
#6217 = ADVANCED_FACE('',(#6218),#3168,.T.);
#6218 = FACE_BOUND('',#6219,.F.);
#6219 = EDGE_LOOP('',(#6220,#6221,#6222,#6245));
#6220 = ORIENTED_EDGE('',*,*,#3152,.T.);
#6221 = ORIENTED_EDGE('',*,*,#6169,.T.);
#6222 = ORIENTED_EDGE('',*,*,#6223,.F.);
#6223 = EDGE_CURVE('',#6224,#6170,#6226,.T.);
#6224 = VERTEX_POINT('',#6225);
#6225 = CARTESIAN_POINT('',(-66.,12.828427124746,40.828427124746));
#6226 = SURFACE_CURVE('',#6227,(#6231,#6238),.PCURVE_S1.);
#6227 = LINE('',#6228,#6229);
#6228 = CARTESIAN_POINT('',(-66.,30.,58.));
#6229 = VECTOR('',#6230,1.);
#6230 = DIRECTION('',(-0.,0.707106781187,0.707106781187));
#6231 = PCURVE('',#3168,#6232);
#6232 = DEFINITIONAL_REPRESENTATION('',(#6233),#6237);
#6233 = LINE('',#6234,#6235);
#6234 = CARTESIAN_POINT('',(-11.31370849898,-9.));
#6235 = VECTOR('',#6236,1.);
#6236 = DIRECTION('',(1.,-0.));
#6237 = ( GEOMETRIC_REPRESENTATION_CONTEXT(2) 
PARAMETRIC_REPRESENTATION_CONTEXT() REPRESENTATION_CONTEXT('2D SPACE',''
  ) );
#6238 = PCURVE('',#4895,#6239);
#6239 = DEFINITIONAL_REPRESENTATION('',(#6240),#6244);
#6240 = LINE('',#6241,#6242);
#6241 = CARTESIAN_POINT('',(-6.284271247462,9.715728752538));
#6242 = VECTOR('',#6243,1.);
#6243 = DIRECTION('',(-0.707106781187,0.707106781187));
#6244 = ( GEOMETRIC_REPRESENTATION_CONTEXT(2) 
PARAMETRIC_REPRESENTATION_CONTEXT() REPRESENTATION_CONTEXT('2D SPACE',''
  ) );
#6245 = ORIENTED_EDGE('',*,*,#6246,.F.);
#6246 = EDGE_CURVE('',#3120,#6224,#6247,.T.);
#6247 = SURFACE_CURVE('',#6248,(#6252,#6259),.PCURVE_S1.);
#6248 = LINE('',#6249,#6250);
#6249 = CARTESIAN_POINT('',(-75.,12.828427124746,40.828427124746));
#6250 = VECTOR('',#6251,1.);
#6251 = DIRECTION('',(1.,-0.,-0.));
#6252 = PCURVE('',#3168,#6253);
#6253 = DEFINITIONAL_REPRESENTATION('',(#6254),#6258);
#6254 = LINE('',#6255,#6256);
#6255 = CARTESIAN_POINT('',(-35.59797974644,0.));
#6256 = VECTOR('',#6257,1.);
#6257 = DIRECTION('',(-0.,-1.));
#6258 = ( GEOMETRIC_REPRESENTATION_CONTEXT(2) 
PARAMETRIC_REPRESENTATION_CONTEXT() REPRESENTATION_CONTEXT('2D SPACE',''
  ) );
#6259 = PCURVE('',#3140,#6260);
#6260 = DEFINITIONAL_REPRESENTATION('',(#6261),#6265);
#6261 = LINE('',#6262,#6263);
#6262 = CARTESIAN_POINT('',(2.356194490192,0.));
#6263 = VECTOR('',#6264,1.);
#6264 = DIRECTION('',(0.,1.));
#6265 = ( GEOMETRIC_REPRESENTATION_CONTEXT(2) 
PARAMETRIC_REPRESENTATION_CONTEXT() REPRESENTATION_CONTEXT('2D SPACE',''
  ) );
#6266 = ADVANCED_FACE('',(#6267),#3140,.F.);
#6267 = FACE_BOUND('',#6268,.F.);
#6268 = EDGE_LOOP('',(#6269,#6292,#6293,#6294));
#6269 = ORIENTED_EDGE('',*,*,#6270,.F.);
#6270 = EDGE_CURVE('',#3092,#6271,#6273,.T.);
#6271 = VERTEX_POINT('',#6272);
#6272 = CARTESIAN_POINT('',(-66.,6.,43.656854249492));
#6273 = SURFACE_CURVE('',#6274,(#6278,#6285),.PCURVE_S1.);
#6274 = LINE('',#6275,#6276);
#6275 = CARTESIAN_POINT('',(-75.,6.,43.656854249492));
#6276 = VECTOR('',#6277,1.);
#6277 = DIRECTION('',(1.,-0.,-0.));
#6278 = PCURVE('',#3140,#6279);
#6279 = DEFINITIONAL_REPRESENTATION('',(#6280),#6284);
#6280 = LINE('',#6281,#6282);
#6281 = CARTESIAN_POINT('',(0.,0.));
#6282 = VECTOR('',#6283,1.);
#6283 = DIRECTION('',(0.,1.));
#6284 = ( GEOMETRIC_REPRESENTATION_CONTEXT(2) 
PARAMETRIC_REPRESENTATION_CONTEXT() REPRESENTATION_CONTEXT('2D SPACE',''
  ) );
#6285 = PCURVE('',#3107,#6286);
#6286 = DEFINITIONAL_REPRESENTATION('',(#6287),#6291);
#6287 = LINE('',#6288,#6289);
#6288 = CARTESIAN_POINT('',(-9.656854249492,-0.));
#6289 = VECTOR('',#6290,1.);
#6290 = DIRECTION('',(-0.,-1.));
#6291 = ( GEOMETRIC_REPRESENTATION_CONTEXT(2) 
PARAMETRIC_REPRESENTATION_CONTEXT() REPRESENTATION_CONTEXT('2D SPACE',''
  ) );
#6292 = ORIENTED_EDGE('',*,*,#3119,.F.);
#6293 = ORIENTED_EDGE('',*,*,#6246,.T.);
#6294 = ORIENTED_EDGE('',*,*,#6295,.T.);
#6295 = EDGE_CURVE('',#6224,#6271,#6296,.T.);
#6296 = SURFACE_CURVE('',#6297,(#6302,#6309),.PCURVE_S1.);
#6297 = CIRCLE('',#6298,4.);
#6298 = AXIS2_PLACEMENT_3D('',#6299,#6300,#6301);
#6299 = CARTESIAN_POINT('',(-66.,10.,43.656854249492));
#6300 = DIRECTION('',(-1.,0.,0.));
#6301 = DIRECTION('',(-0.,-1.,-0.));
#6302 = PCURVE('',#3140,#6303);
#6303 = DEFINITIONAL_REPRESENTATION('',(#6304),#6308);
#6304 = LINE('',#6305,#6306);
#6305 = CARTESIAN_POINT('',(6.28318530718,9.));
#6306 = VECTOR('',#6307,1.);
#6307 = DIRECTION('',(-1.,0.));
#6308 = ( GEOMETRIC_REPRESENTATION_CONTEXT(2) 
PARAMETRIC_REPRESENTATION_CONTEXT() REPRESENTATION_CONTEXT('2D SPACE',''
  ) );
#6309 = PCURVE('',#4895,#6310);
#6310 = DEFINITIONAL_REPRESENTATION('',(#6311),#6319);
#6311 = ( BOUNDED_CURVE() B_SPLINE_CURVE(2,(#6312,#6313,#6314,#6315,
#6316,#6317,#6318),.UNSPECIFIED.,.T.,.F.) B_SPLINE_CURVE_WITH_KNOTS((1,2
    ,2,2,2,1),(-2.094395102393,0.,2.094395102393,4.188790204786,
6.28318530718,8.377580409573),.UNSPECIFIED.) CURVE() 
GEOMETRIC_REPRESENTATION_ITEM() RATIONAL_B_SPLINE_CURVE((1.,0.5,1.,0.5,
1.,0.5,1.)) REPRESENTATION_ITEM('') );
#6312 = CARTESIAN_POINT('',(8.058874503046,-14.28427124746));
#6313 = CARTESIAN_POINT('',(1.13067127277,-14.28427124746));
#6314 = CARTESIAN_POINT('',(4.594772887908,-8.284271247462));
#6315 = CARTESIAN_POINT('',(8.058874503046,-2.284271247462));
#6316 = CARTESIAN_POINT('',(11.522976118183,-8.284271247462));
#6317 = CARTESIAN_POINT('',(14.987077733321,-14.28427124746));
#6318 = CARTESIAN_POINT('',(8.058874503046,-14.28427124746));
#6319 = ( GEOMETRIC_REPRESENTATION_CONTEXT(2) 
PARAMETRIC_REPRESENTATION_CONTEXT() REPRESENTATION_CONTEXT('2D SPACE',''
  ) );
#6320 = ADVANCED_FACE('',(#6321),#3107,.T.);
#6321 = FACE_BOUND('',#6322,.F.);
#6322 = EDGE_LOOP('',(#6323,#6324,#6325,#6346));
#6323 = ORIENTED_EDGE('',*,*,#3091,.T.);
#6324 = ORIENTED_EDGE('',*,*,#6270,.T.);
#6325 = ORIENTED_EDGE('',*,*,#6326,.F.);
#6326 = EDGE_CURVE('',#6043,#6271,#6327,.T.);
#6327 = SURFACE_CURVE('',#6328,(#6332,#6339),.PCURVE_S1.);
#6328 = LINE('',#6329,#6330);
#6329 = CARTESIAN_POINT('',(-66.,6.,42.857864376269));
#6330 = VECTOR('',#6331,1.);
#6331 = DIRECTION('',(-0.,-0.,-1.));
#6332 = PCURVE('',#3107,#6333);
#6333 = DEFINITIONAL_REPRESENTATION('',(#6334),#6338);
#6334 = LINE('',#6335,#6336);
#6335 = CARTESIAN_POINT('',(-8.857864376269,-9.));
#6336 = VECTOR('',#6337,1.);
#6337 = DIRECTION('',(1.,-0.));
#6338 = ( GEOMETRIC_REPRESENTATION_CONTEXT(2) 
PARAMETRIC_REPRESENTATION_CONTEXT() REPRESENTATION_CONTEXT('2D SPACE',''
  ) );
#6339 = PCURVE('',#4895,#6340);
#6340 = DEFINITIONAL_REPRESENTATION('',(#6341),#6345);
#6341 = LINE('',#6342,#6343);
#6342 = CARTESIAN_POINT('',(8.857864376269,-14.28427124746));
#6343 = VECTOR('',#6344,1.);
#6344 = DIRECTION('',(1.,-0.));
#6345 = ( GEOMETRIC_REPRESENTATION_CONTEXT(2) 
PARAMETRIC_REPRESENTATION_CONTEXT() REPRESENTATION_CONTEXT('2D SPACE',''
  ) );
#6346 = ORIENTED_EDGE('',*,*,#6042,.F.);
#6347 = ADVANCED_FACE('',(#6348),#3371,.F.);
#6348 = FACE_BOUND('',#6349,.T.);
#6349 = EDGE_LOOP('',(#6350,#6351,#6352,#6353,#6354,#6355,#6378,#6411,
    #6434,#6467));
#6350 = ORIENTED_EDGE('',*,*,#5886,.F.);
#6351 = ORIENTED_EDGE('',*,*,#6018,.T.);
#6352 = ORIENTED_EDGE('',*,*,#3353,.T.);
#6353 = ORIENTED_EDGE('',*,*,#5497,.F.);
#6354 = ORIENTED_EDGE('',*,*,#5285,.F.);
#6355 = ORIENTED_EDGE('',*,*,#6356,.F.);
#6356 = EDGE_CURVE('',#6357,#5286,#6359,.T.);
#6357 = VERTEX_POINT('',#6358);
#6358 = CARTESIAN_POINT('',(66.,72.,70.));
#6359 = SURFACE_CURVE('',#6360,(#6364,#6371),.PCURVE_S1.);
#6360 = LINE('',#6361,#6362);
#6361 = CARTESIAN_POINT('',(66.,72.,70.));
#6362 = VECTOR('',#6363,1.);
#6363 = DIRECTION('',(0.,0.,1.));
#6364 = PCURVE('',#3371,#6365);
#6365 = DEFINITIONAL_REPRESENTATION('',(#6366),#6370);
#6366 = LINE('',#6367,#6368);
#6367 = CARTESIAN_POINT('',(-140.,10.));
#6368 = VECTOR('',#6369,1.);
#6369 = DIRECTION('',(-0.,-1.));
#6370 = ( GEOMETRIC_REPRESENTATION_CONTEXT(2) 
PARAMETRIC_REPRESENTATION_CONTEXT() REPRESENTATION_CONTEXT('2D SPACE',''
  ) );
#6371 = PCURVE('',#5391,#6372);
#6372 = DEFINITIONAL_REPRESENTATION('',(#6373),#6377);
#6373 = LINE('',#6374,#6375);
#6374 = CARTESIAN_POINT('',(-0.,0.));
#6375 = VECTOR('',#6376,1.);
#6376 = DIRECTION('',(-1.,0.));
#6377 = ( GEOMETRIC_REPRESENTATION_CONTEXT(2) 
PARAMETRIC_REPRESENTATION_CONTEXT() REPRESENTATION_CONTEXT('2D SPACE',''
  ) );
#6378 = ORIENTED_EDGE('',*,*,#6379,.F.);
#6379 = EDGE_CURVE('',#6380,#6357,#6382,.T.);
#6380 = VERTEX_POINT('',#6381);
#6381 = CARTESIAN_POINT('',(56.,72.,80.));
#6382 = SURFACE_CURVE('',#6383,(#6388,#6399),.PCURVE_S1.);
#6383 = CIRCLE('',#6384,10.);
#6384 = AXIS2_PLACEMENT_3D('',#6385,#6386,#6387);
#6385 = CARTESIAN_POINT('',(56.,72.,70.));
#6386 = DIRECTION('',(0.,1.,0.));
#6387 = DIRECTION('',(1.,-0.,0.));
#6388 = PCURVE('',#3371,#6389);
#6389 = DEFINITIONAL_REPRESENTATION('',(#6390),#6398);
#6390 = ( BOUNDED_CURVE() B_SPLINE_CURVE(2,(#6391,#6392,#6393,#6394,
#6395,#6396,#6397),.UNSPECIFIED.,.T.,.F.) B_SPLINE_CURVE_WITH_KNOTS((1,2
    ,2,2,2,1),(-2.094395102393,0.,2.094395102393,4.188790204786,
6.28318530718,8.377580409573),.UNSPECIFIED.) CURVE() 
GEOMETRIC_REPRESENTATION_ITEM() RATIONAL_B_SPLINE_CURVE((1.,0.5,1.,0.5,
1.,0.5,1.)) REPRESENTATION_ITEM('') );
#6391 = CARTESIAN_POINT('',(-140.,10.));
#6392 = CARTESIAN_POINT('',(-140.,27.320508075689));
#6393 = CARTESIAN_POINT('',(-125.,18.660254037844));
#6394 = CARTESIAN_POINT('',(-110.,10.));
#6395 = CARTESIAN_POINT('',(-125.,1.339745962156));
#6396 = CARTESIAN_POINT('',(-140.,-7.320508075689));
#6397 = CARTESIAN_POINT('',(-140.,10.));
#6398 = ( GEOMETRIC_REPRESENTATION_CONTEXT(2) 
PARAMETRIC_REPRESENTATION_CONTEXT() REPRESENTATION_CONTEXT('2D SPACE',''
  ) );
#6399 = PCURVE('',#6400,#6405);
#6400 = CYLINDRICAL_SURFACE('',#6401,10.);
#6401 = AXIS2_PLACEMENT_3D('',#6402,#6403,#6404);
#6402 = CARTESIAN_POINT('',(56.,172.,70.));
#6403 = DIRECTION('',(-0.,-1.,-0.));
#6404 = DIRECTION('',(1.,-0.,0.));
#6405 = DEFINITIONAL_REPRESENTATION('',(#6406),#6410);
#6406 = LINE('',#6407,#6408);
#6407 = CARTESIAN_POINT('',(6.28318530718,100.));
#6408 = VECTOR('',#6409,1.);
#6409 = DIRECTION('',(-1.,0.));
#6410 = ( GEOMETRIC_REPRESENTATION_CONTEXT(2) 
PARAMETRIC_REPRESENTATION_CONTEXT() REPRESENTATION_CONTEXT('2D SPACE',''
  ) );
#6411 = ORIENTED_EDGE('',*,*,#6412,.F.);
#6412 = EDGE_CURVE('',#6413,#6380,#6415,.T.);
#6413 = VERTEX_POINT('',#6414);
#6414 = CARTESIAN_POINT('',(-56.,72.,80.));
#6415 = SURFACE_CURVE('',#6416,(#6420,#6427),.PCURVE_S1.);
#6416 = LINE('',#6417,#6418);
#6417 = CARTESIAN_POINT('',(-74.,72.,80.));
#6418 = VECTOR('',#6419,1.);
#6419 = DIRECTION('',(1.,-0.,-0.));
#6420 = PCURVE('',#3371,#6421);
#6421 = DEFINITIONAL_REPRESENTATION('',(#6422),#6426);
#6422 = LINE('',#6423,#6424);
#6423 = CARTESIAN_POINT('',(-0.,0.));
#6424 = VECTOR('',#6425,1.);
#6425 = DIRECTION('',(-1.,0.));
#6426 = ( GEOMETRIC_REPRESENTATION_CONTEXT(2) 
PARAMETRIC_REPRESENTATION_CONTEXT() REPRESENTATION_CONTEXT('2D SPACE',''
  ) );
#6427 = PCURVE('',#4950,#6428);
#6428 = DEFINITIONAL_REPRESENTATION('',(#6429),#6433);
#6429 = LINE('',#6430,#6431);
#6430 = CARTESIAN_POINT('',(74.,-44.));
#6431 = VECTOR('',#6432,1.);
#6432 = DIRECTION('',(-1.,0.));
#6433 = ( GEOMETRIC_REPRESENTATION_CONTEXT(2) 
PARAMETRIC_REPRESENTATION_CONTEXT() REPRESENTATION_CONTEXT('2D SPACE',''
  ) );
#6434 = ORIENTED_EDGE('',*,*,#6435,.F.);
#6435 = EDGE_CURVE('',#6436,#6413,#6438,.T.);
#6436 = VERTEX_POINT('',#6437);
#6437 = CARTESIAN_POINT('',(-66.,72.,70.));
#6438 = SURFACE_CURVE('',#6439,(#6444,#6455),.PCURVE_S1.);
#6439 = CIRCLE('',#6440,10.);
#6440 = AXIS2_PLACEMENT_3D('',#6441,#6442,#6443);
#6441 = CARTESIAN_POINT('',(-56.,72.,70.));
#6442 = DIRECTION('',(0.,1.,0.));
#6443 = DIRECTION('',(-1.,0.,-0.));
#6444 = PCURVE('',#3371,#6445);
#6445 = DEFINITIONAL_REPRESENTATION('',(#6446),#6454);
#6446 = ( BOUNDED_CURVE() B_SPLINE_CURVE(2,(#6447,#6448,#6449,#6450,
#6451,#6452,#6453),.UNSPECIFIED.,.T.,.F.) B_SPLINE_CURVE_WITH_KNOTS((1,2
    ,2,2,2,1),(-2.094395102393,0.,2.094395102393,4.188790204786,
6.28318530718,8.377580409573),.UNSPECIFIED.) CURVE() 
GEOMETRIC_REPRESENTATION_ITEM() RATIONAL_B_SPLINE_CURVE((1.,0.5,1.,0.5,
1.,0.5,1.)) REPRESENTATION_ITEM('') );
#6447 = CARTESIAN_POINT('',(-8.,10.));
#6448 = CARTESIAN_POINT('',(-8.,-7.320508075689));
#6449 = CARTESIAN_POINT('',(-23.,1.339745962156));
#6450 = CARTESIAN_POINT('',(-38.,10.));
#6451 = CARTESIAN_POINT('',(-23.,18.660254037844));
#6452 = CARTESIAN_POINT('',(-8.,27.320508075689));
#6453 = CARTESIAN_POINT('',(-8.,10.));
#6454 = ( GEOMETRIC_REPRESENTATION_CONTEXT(2) 
PARAMETRIC_REPRESENTATION_CONTEXT() REPRESENTATION_CONTEXT('2D SPACE',''
  ) );
#6455 = PCURVE('',#6456,#6461);
#6456 = CYLINDRICAL_SURFACE('',#6457,10.);
#6457 = AXIS2_PLACEMENT_3D('',#6458,#6459,#6460);
#6458 = CARTESIAN_POINT('',(-56.,172.,70.));
#6459 = DIRECTION('',(-0.,-1.,-0.));
#6460 = DIRECTION('',(-1.,0.,0.));
#6461 = DEFINITIONAL_REPRESENTATION('',(#6462),#6466);
#6462 = LINE('',#6463,#6464);
#6463 = CARTESIAN_POINT('',(-0.,100.));
#6464 = VECTOR('',#6465,1.);
#6465 = DIRECTION('',(-1.,0.));
#6466 = ( GEOMETRIC_REPRESENTATION_CONTEXT(2) 
PARAMETRIC_REPRESENTATION_CONTEXT() REPRESENTATION_CONTEXT('2D SPACE',''
  ) );
#6467 = ORIENTED_EDGE('',*,*,#6468,.T.);
#6468 = EDGE_CURVE('',#6436,#5887,#6469,.T.);
#6469 = SURFACE_CURVE('',#6470,(#6474,#6481),.PCURVE_S1.);
#6470 = LINE('',#6471,#6472);
#6471 = CARTESIAN_POINT('',(-66.,72.,70.));
#6472 = VECTOR('',#6473,1.);
#6473 = DIRECTION('',(0.,0.,1.));
#6474 = PCURVE('',#3371,#6475);
#6475 = DEFINITIONAL_REPRESENTATION('',(#6476),#6480);
#6476 = LINE('',#6477,#6478);
#6477 = CARTESIAN_POINT('',(-8.,10.));
#6478 = VECTOR('',#6479,1.);
#6479 = DIRECTION('',(-0.,-1.));
#6480 = ( GEOMETRIC_REPRESENTATION_CONTEXT(2) 
PARAMETRIC_REPRESENTATION_CONTEXT() REPRESENTATION_CONTEXT('2D SPACE',''
  ) );
#6481 = PCURVE('',#5925,#6482);
#6482 = DEFINITIONAL_REPRESENTATION('',(#6483),#6487);
#6483 = LINE('',#6484,#6485);
#6484 = CARTESIAN_POINT('',(-0.,0.));
#6485 = VECTOR('',#6486,1.);
#6486 = DIRECTION('',(-1.,0.));
#6487 = ( GEOMETRIC_REPRESENTATION_CONTEXT(2) 
PARAMETRIC_REPRESENTATION_CONTEXT() REPRESENTATION_CONTEXT('2D SPACE',''
  ) );
#6488 = ADVANCED_FACE('',(#6489),#3480,.F.);
#6489 = FACE_BOUND('',#6490,.F.);
#6490 = EDGE_LOOP('',(#6491,#6515,#6536,#6537));
#6491 = ORIENTED_EDGE('',*,*,#6492,.T.);
#6492 = EDGE_CURVE('',#6493,#6493,#6495,.T.);
#6493 = VERTEX_POINT('',#6494);
#6494 = CARTESIAN_POINT('',(-41.75,56.,80.));
#6495 = SURFACE_CURVE('',#6496,(#6501,#6508),.PCURVE_S1.);
#6496 = CIRCLE('',#6497,4.25);
#6497 = AXIS2_PLACEMENT_3D('',#6498,#6499,#6500);
#6498 = CARTESIAN_POINT('',(-46.,56.,80.));
#6499 = DIRECTION('',(0.,0.,1.));
#6500 = DIRECTION('',(1.,0.,-0.));
#6501 = PCURVE('',#3480,#6502);
#6502 = DEFINITIONAL_REPRESENTATION('',(#6503),#6507);
#6503 = LINE('',#6504,#6505);
#6504 = CARTESIAN_POINT('',(6.28318530718,-1.));
#6505 = VECTOR('',#6506,1.);
#6506 = DIRECTION('',(-1.,0.));
#6507 = ( GEOMETRIC_REPRESENTATION_CONTEXT(2) 
PARAMETRIC_REPRESENTATION_CONTEXT() REPRESENTATION_CONTEXT('2D SPACE',''
  ) );
#6508 = PCURVE('',#4950,#6509);
#6509 = DEFINITIONAL_REPRESENTATION('',(#6510),#6514);
#6510 = CIRCLE('',#6511,4.25);
#6511 = AXIS2_PLACEMENT_2D('',#6512,#6513);
#6512 = CARTESIAN_POINT('',(46.,-28.));
#6513 = DIRECTION('',(-1.,0.));
#6514 = ( GEOMETRIC_REPRESENTATION_CONTEXT(2) 
PARAMETRIC_REPRESENTATION_CONTEXT() REPRESENTATION_CONTEXT('2D SPACE',''
  ) );
#6515 = ORIENTED_EDGE('',*,*,#6516,.T.);
#6516 = EDGE_CURVE('',#6493,#3464,#6517,.T.);
#6517 = SEAM_CURVE('',#6518,(#6522,#6529),.PCURVE_S1.);
#6518 = LINE('',#6519,#6520);
#6519 = CARTESIAN_POINT('',(-41.75,56.,79.));
#6520 = VECTOR('',#6521,1.);
#6521 = DIRECTION('',(-0.,-0.,1.));
#6522 = PCURVE('',#3480,#6523);
#6523 = DEFINITIONAL_REPRESENTATION('',(#6524),#6528);
#6524 = LINE('',#6525,#6526);
#6525 = CARTESIAN_POINT('',(6.28318530718,0.));
#6526 = VECTOR('',#6527,1.);
#6527 = DIRECTION('',(0.,-1.));
#6528 = ( GEOMETRIC_REPRESENTATION_CONTEXT(2) 
PARAMETRIC_REPRESENTATION_CONTEXT() REPRESENTATION_CONTEXT('2D SPACE',''
  ) );
#6529 = PCURVE('',#3480,#6530);
#6530 = DEFINITIONAL_REPRESENTATION('',(#6531),#6535);
#6531 = LINE('',#6532,#6533);
#6532 = CARTESIAN_POINT('',(0.,0.));
#6533 = VECTOR('',#6534,1.);
#6534 = DIRECTION('',(0.,-1.));
#6535 = ( GEOMETRIC_REPRESENTATION_CONTEXT(2) 
PARAMETRIC_REPRESENTATION_CONTEXT() REPRESENTATION_CONTEXT('2D SPACE',''
  ) );
#6536 = ORIENTED_EDGE('',*,*,#3463,.F.);
#6537 = ORIENTED_EDGE('',*,*,#6516,.F.);
#6538 = ADVANCED_FACE('',(#6539),#3511,.F.);
#6539 = FACE_BOUND('',#6540,.F.);
#6540 = EDGE_LOOP('',(#6541,#6565,#6586,#6587));
#6541 = ORIENTED_EDGE('',*,*,#6542,.T.);
#6542 = EDGE_CURVE('',#6543,#6543,#6545,.T.);
#6543 = VERTEX_POINT('',#6544);
#6544 = CARTESIAN_POINT('',(50.25,56.,80.));
#6545 = SURFACE_CURVE('',#6546,(#6551,#6558),.PCURVE_S1.);
#6546 = CIRCLE('',#6547,4.25);
#6547 = AXIS2_PLACEMENT_3D('',#6548,#6549,#6550);
#6548 = CARTESIAN_POINT('',(46.,56.,80.));
#6549 = DIRECTION('',(0.,0.,1.));
#6550 = DIRECTION('',(1.,0.,-0.));
#6551 = PCURVE('',#3511,#6552);
#6552 = DEFINITIONAL_REPRESENTATION('',(#6553),#6557);
#6553 = LINE('',#6554,#6555);
#6554 = CARTESIAN_POINT('',(6.28318530718,-1.));
#6555 = VECTOR('',#6556,1.);
#6556 = DIRECTION('',(-1.,0.));
#6557 = ( GEOMETRIC_REPRESENTATION_CONTEXT(2) 
PARAMETRIC_REPRESENTATION_CONTEXT() REPRESENTATION_CONTEXT('2D SPACE',''
  ) );
#6558 = PCURVE('',#4950,#6559);
#6559 = DEFINITIONAL_REPRESENTATION('',(#6560),#6564);
#6560 = CIRCLE('',#6561,4.25);
#6561 = AXIS2_PLACEMENT_2D('',#6562,#6563);
#6562 = CARTESIAN_POINT('',(-46.,-28.));
#6563 = DIRECTION('',(-1.,0.));
#6564 = ( GEOMETRIC_REPRESENTATION_CONTEXT(2) 
PARAMETRIC_REPRESENTATION_CONTEXT() REPRESENTATION_CONTEXT('2D SPACE',''
  ) );
#6565 = ORIENTED_EDGE('',*,*,#6566,.T.);
#6566 = EDGE_CURVE('',#6543,#3495,#6567,.T.);
#6567 = SEAM_CURVE('',#6568,(#6572,#6579),.PCURVE_S1.);
#6568 = LINE('',#6569,#6570);
#6569 = CARTESIAN_POINT('',(50.25,56.,79.));
#6570 = VECTOR('',#6571,1.);
#6571 = DIRECTION('',(-0.,-0.,1.));
#6572 = PCURVE('',#3511,#6573);
#6573 = DEFINITIONAL_REPRESENTATION('',(#6574),#6578);
#6574 = LINE('',#6575,#6576);
#6575 = CARTESIAN_POINT('',(6.28318530718,0.));
#6576 = VECTOR('',#6577,1.);
#6577 = DIRECTION('',(0.,-1.));
#6578 = ( GEOMETRIC_REPRESENTATION_CONTEXT(2) 
PARAMETRIC_REPRESENTATION_CONTEXT() REPRESENTATION_CONTEXT('2D SPACE',''
  ) );
#6579 = PCURVE('',#3511,#6580);
#6580 = DEFINITIONAL_REPRESENTATION('',(#6581),#6585);
#6581 = LINE('',#6582,#6583);
#6582 = CARTESIAN_POINT('',(0.,0.));
#6583 = VECTOR('',#6584,1.);
#6584 = DIRECTION('',(0.,-1.));
#6585 = ( GEOMETRIC_REPRESENTATION_CONTEXT(2) 
PARAMETRIC_REPRESENTATION_CONTEXT() REPRESENTATION_CONTEXT('2D SPACE',''
  ) );
#6586 = ORIENTED_EDGE('',*,*,#3494,.F.);
#6587 = ORIENTED_EDGE('',*,*,#6566,.F.);
#6588 = ADVANCED_FACE('',(#6589),#3542,.F.);
#6589 = FACE_BOUND('',#6590,.F.);
#6590 = EDGE_LOOP('',(#6591,#6615,#6636,#6637));
#6591 = ORIENTED_EDGE('',*,*,#6592,.T.);
#6592 = EDGE_CURVE('',#6593,#6593,#6595,.T.);
#6593 = VERTEX_POINT('',#6594);
#6594 = CARTESIAN_POINT('',(-41.75,14.,80.));
#6595 = SURFACE_CURVE('',#6596,(#6601,#6608),.PCURVE_S1.);
#6596 = CIRCLE('',#6597,4.25);
#6597 = AXIS2_PLACEMENT_3D('',#6598,#6599,#6600);
#6598 = CARTESIAN_POINT('',(-46.,14.,80.));
#6599 = DIRECTION('',(0.,0.,1.));
#6600 = DIRECTION('',(1.,0.,-0.));
#6601 = PCURVE('',#3542,#6602);
#6602 = DEFINITIONAL_REPRESENTATION('',(#6603),#6607);
#6603 = LINE('',#6604,#6605);
#6604 = CARTESIAN_POINT('',(6.28318530718,-1.));
#6605 = VECTOR('',#6606,1.);
#6606 = DIRECTION('',(-1.,0.));
#6607 = ( GEOMETRIC_REPRESENTATION_CONTEXT(2) 
PARAMETRIC_REPRESENTATION_CONTEXT() REPRESENTATION_CONTEXT('2D SPACE',''
  ) );
#6608 = PCURVE('',#4950,#6609);
#6609 = DEFINITIONAL_REPRESENTATION('',(#6610),#6614);
#6610 = CIRCLE('',#6611,4.25);
#6611 = AXIS2_PLACEMENT_2D('',#6612,#6613);
#6612 = CARTESIAN_POINT('',(46.,14.));
#6613 = DIRECTION('',(-1.,0.));
#6614 = ( GEOMETRIC_REPRESENTATION_CONTEXT(2) 
PARAMETRIC_REPRESENTATION_CONTEXT() REPRESENTATION_CONTEXT('2D SPACE',''
  ) );
#6615 = ORIENTED_EDGE('',*,*,#6616,.T.);
#6616 = EDGE_CURVE('',#6593,#3526,#6617,.T.);
#6617 = SEAM_CURVE('',#6618,(#6622,#6629),.PCURVE_S1.);
#6618 = LINE('',#6619,#6620);
#6619 = CARTESIAN_POINT('',(-41.75,14.,79.));
#6620 = VECTOR('',#6621,1.);
#6621 = DIRECTION('',(-0.,-0.,1.));
#6622 = PCURVE('',#3542,#6623);
#6623 = DEFINITIONAL_REPRESENTATION('',(#6624),#6628);
#6624 = LINE('',#6625,#6626);
#6625 = CARTESIAN_POINT('',(6.28318530718,0.));
#6626 = VECTOR('',#6627,1.);
#6627 = DIRECTION('',(0.,-1.));
#6628 = ( GEOMETRIC_REPRESENTATION_CONTEXT(2) 
PARAMETRIC_REPRESENTATION_CONTEXT() REPRESENTATION_CONTEXT('2D SPACE',''
  ) );
#6629 = PCURVE('',#3542,#6630);
#6630 = DEFINITIONAL_REPRESENTATION('',(#6631),#6635);
#6631 = LINE('',#6632,#6633);
#6632 = CARTESIAN_POINT('',(0.,0.));
#6633 = VECTOR('',#6634,1.);
#6634 = DIRECTION('',(0.,-1.));
#6635 = ( GEOMETRIC_REPRESENTATION_CONTEXT(2) 
PARAMETRIC_REPRESENTATION_CONTEXT() REPRESENTATION_CONTEXT('2D SPACE',''
  ) );
#6636 = ORIENTED_EDGE('',*,*,#3525,.F.);
#6637 = ORIENTED_EDGE('',*,*,#6616,.F.);
#6638 = ADVANCED_FACE('',(#6639),#3579,.F.);
#6639 = FACE_BOUND('',#6640,.T.);
#6640 = EDGE_LOOP('',(#6641,#6664,#6692,#6713));
#6641 = ORIENTED_EDGE('',*,*,#6642,.F.);
#6642 = EDGE_CURVE('',#6643,#3557,#6645,.T.);
#6643 = VERTEX_POINT('',#6644);
#6644 = CARTESIAN_POINT('',(29.,57.,80.));
#6645 = SURFACE_CURVE('',#6646,(#6650,#6657),.PCURVE_S1.);
#6646 = LINE('',#6647,#6648);
#6647 = CARTESIAN_POINT('',(29.,57.,79.));
#6648 = VECTOR('',#6649,1.);
#6649 = DIRECTION('',(-0.,-0.,1.));
#6650 = PCURVE('',#3579,#6651);
#6651 = DEFINITIONAL_REPRESENTATION('',(#6652),#6656);
#6652 = LINE('',#6653,#6654);
#6653 = CARTESIAN_POINT('',(-0.,0.));
#6654 = VECTOR('',#6655,1.);
#6655 = DIRECTION('',(-0.,1.));
#6656 = ( GEOMETRIC_REPRESENTATION_CONTEXT(2) 
PARAMETRIC_REPRESENTATION_CONTEXT() REPRESENTATION_CONTEXT('2D SPACE',''
  ) );
#6657 = PCURVE('',#3607,#6658);
#6658 = DEFINITIONAL_REPRESENTATION('',(#6659),#6663);
#6659 = LINE('',#6660,#6661);
#6660 = CARTESIAN_POINT('',(-64.,0.));
#6661 = VECTOR('',#6662,1.);
#6662 = DIRECTION('',(-0.,-1.));
#6663 = ( GEOMETRIC_REPRESENTATION_CONTEXT(2) 
PARAMETRIC_REPRESENTATION_CONTEXT() REPRESENTATION_CONTEXT('2D SPACE',''
  ) );
#6664 = ORIENTED_EDGE('',*,*,#6665,.T.);
#6665 = EDGE_CURVE('',#6643,#6666,#6668,.T.);
#6666 = VERTEX_POINT('',#6667);
#6667 = CARTESIAN_POINT('',(35.,51.,80.));
#6668 = SURFACE_CURVE('',#6669,(#6674,#6681),.PCURVE_S1.);
#6669 = CIRCLE('',#6670,6.);
#6670 = AXIS2_PLACEMENT_3D('',#6671,#6672,#6673);
#6671 = CARTESIAN_POINT('',(29.,51.,80.));
#6672 = DIRECTION('',(0.,-0.,-1.));
#6673 = DIRECTION('',(0.,1.,-0.));
#6674 = PCURVE('',#3579,#6675);
#6675 = DEFINITIONAL_REPRESENTATION('',(#6676),#6680);
#6676 = LINE('',#6677,#6678);
#6677 = CARTESIAN_POINT('',(-0.,1.));
#6678 = VECTOR('',#6679,1.);
#6679 = DIRECTION('',(-1.,0.));
#6680 = ( GEOMETRIC_REPRESENTATION_CONTEXT(2) 
PARAMETRIC_REPRESENTATION_CONTEXT() REPRESENTATION_CONTEXT('2D SPACE',''
  ) );
#6681 = PCURVE('',#4950,#6682);
#6682 = DEFINITIONAL_REPRESENTATION('',(#6683),#6691);
#6683 = ( BOUNDED_CURVE() B_SPLINE_CURVE(2,(#6684,#6685,#6686,#6687,
#6688,#6689,#6690),.UNSPECIFIED.,.T.,.F.) B_SPLINE_CURVE_WITH_KNOTS((1,2
    ,2,2,2,1),(-2.094395102393,0.,2.094395102393,4.188790204786,
6.28318530718,8.377580409573),.UNSPECIFIED.) CURVE() 
GEOMETRIC_REPRESENTATION_ITEM() RATIONAL_B_SPLINE_CURVE((1.,0.5,1.,0.5,
1.,0.5,1.)) REPRESENTATION_ITEM('') );
#6684 = CARTESIAN_POINT('',(-29.,-29.));
#6685 = CARTESIAN_POINT('',(-39.39230484541,-29.));
#6686 = CARTESIAN_POINT('',(-34.1961524227,-20.));
#6687 = CARTESIAN_POINT('',(-29.,-11.));
#6688 = CARTESIAN_POINT('',(-23.80384757729,-20.));
#6689 = CARTESIAN_POINT('',(-18.60769515458,-29.));
#6690 = CARTESIAN_POINT('',(-29.,-29.));
#6691 = ( GEOMETRIC_REPRESENTATION_CONTEXT(2) 
PARAMETRIC_REPRESENTATION_CONTEXT() REPRESENTATION_CONTEXT('2D SPACE',''
  ) );
#6692 = ORIENTED_EDGE('',*,*,#6693,.T.);
#6693 = EDGE_CURVE('',#6666,#3559,#6694,.T.);
#6694 = SURFACE_CURVE('',#6695,(#6699,#6706),.PCURVE_S1.);
#6695 = LINE('',#6696,#6697);
#6696 = CARTESIAN_POINT('',(35.,51.,79.));
#6697 = VECTOR('',#6698,1.);
#6698 = DIRECTION('',(-0.,-0.,1.));
#6699 = PCURVE('',#3579,#6700);
#6700 = DEFINITIONAL_REPRESENTATION('',(#6701),#6705);
#6701 = LINE('',#6702,#6703);
#6702 = CARTESIAN_POINT('',(-1.570796326795,0.));
#6703 = VECTOR('',#6704,1.);
#6704 = DIRECTION('',(-0.,1.));
#6705 = ( GEOMETRIC_REPRESENTATION_CONTEXT(2) 
PARAMETRIC_REPRESENTATION_CONTEXT() REPRESENTATION_CONTEXT('2D SPACE',''
  ) );
#6706 = PCURVE('',#3788,#6707);
#6707 = DEFINITIONAL_REPRESENTATION('',(#6708),#6712);
#6708 = LINE('',#6709,#6710);
#6709 = CARTESIAN_POINT('',(-6.,0.));
#6710 = VECTOR('',#6711,1.);
#6711 = DIRECTION('',(-0.,-1.));
#6712 = ( GEOMETRIC_REPRESENTATION_CONTEXT(2) 
PARAMETRIC_REPRESENTATION_CONTEXT() REPRESENTATION_CONTEXT('2D SPACE',''
  ) );
#6713 = ORIENTED_EDGE('',*,*,#3556,.F.);
#6714 = ADVANCED_FACE('',(#6715),#3788,.T.);
#6715 = FACE_BOUND('',#6716,.F.);
#6716 = EDGE_LOOP('',(#6717,#6740,#6741,#6742));
#6717 = ORIENTED_EDGE('',*,*,#6718,.T.);
#6718 = EDGE_CURVE('',#6719,#6666,#6721,.T.);
#6719 = VERTEX_POINT('',#6720);
#6720 = CARTESIAN_POINT('',(35.,17.,80.));
#6721 = SURFACE_CURVE('',#6722,(#6726,#6733),.PCURVE_S1.);
#6722 = LINE('',#6723,#6724);
#6723 = CARTESIAN_POINT('',(35.,42.5,80.));
#6724 = VECTOR('',#6725,1.);
#6725 = DIRECTION('',(-0.,1.,-0.));
#6726 = PCURVE('',#3788,#6727);
#6727 = DEFINITIONAL_REPRESENTATION('',(#6728),#6732);
#6728 = LINE('',#6729,#6730);
#6729 = CARTESIAN_POINT('',(-14.5,-1.));
#6730 = VECTOR('',#6731,1.);
#6731 = DIRECTION('',(1.,-0.));
#6732 = ( GEOMETRIC_REPRESENTATION_CONTEXT(2) 
PARAMETRIC_REPRESENTATION_CONTEXT() REPRESENTATION_CONTEXT('2D SPACE',''
  ) );
#6733 = PCURVE('',#4950,#6734);
#6734 = DEFINITIONAL_REPRESENTATION('',(#6735),#6739);
#6735 = LINE('',#6736,#6737);
#6736 = CARTESIAN_POINT('',(-35.,-14.5));
#6737 = VECTOR('',#6738,1.);
#6738 = DIRECTION('',(-0.,-1.));
#6739 = ( GEOMETRIC_REPRESENTATION_CONTEXT(2) 
PARAMETRIC_REPRESENTATION_CONTEXT() REPRESENTATION_CONTEXT('2D SPACE',''
  ) );
#6740 = ORIENTED_EDGE('',*,*,#6693,.T.);
#6741 = ORIENTED_EDGE('',*,*,#3774,.F.);
#6742 = ORIENTED_EDGE('',*,*,#6743,.F.);
#6743 = EDGE_CURVE('',#6719,#3742,#6744,.T.);
#6744 = SURFACE_CURVE('',#6745,(#6749,#6756),.PCURVE_S1.);
#6745 = LINE('',#6746,#6747);
#6746 = CARTESIAN_POINT('',(35.,17.,79.));
#6747 = VECTOR('',#6748,1.);
#6748 = DIRECTION('',(-0.,-0.,1.));
#6749 = PCURVE('',#3788,#6750);
#6750 = DEFINITIONAL_REPRESENTATION('',(#6751),#6755);
#6751 = LINE('',#6752,#6753);
#6752 = CARTESIAN_POINT('',(-40.,0.));
#6753 = VECTOR('',#6754,1.);
#6754 = DIRECTION('',(-0.,-1.));
#6755 = ( GEOMETRIC_REPRESENTATION_CONTEXT(2) 
PARAMETRIC_REPRESENTATION_CONTEXT() REPRESENTATION_CONTEXT('2D SPACE',''
  ) );
#6756 = PCURVE('',#3762,#6757);
#6757 = DEFINITIONAL_REPRESENTATION('',(#6758),#6762);
#6758 = LINE('',#6759,#6760);
#6759 = CARTESIAN_POINT('',(-0.,0.));
#6760 = VECTOR('',#6761,1.);
#6761 = DIRECTION('',(-0.,1.));
#6762 = ( GEOMETRIC_REPRESENTATION_CONTEXT(2) 
PARAMETRIC_REPRESENTATION_CONTEXT() REPRESENTATION_CONTEXT('2D SPACE',''
  ) );
#6763 = ADVANCED_FACE('',(#6764),#3762,.F.);
#6764 = FACE_BOUND('',#6765,.T.);
#6765 = EDGE_LOOP('',(#6766,#6767,#6795,#6816));
#6766 = ORIENTED_EDGE('',*,*,#6743,.F.);
#6767 = ORIENTED_EDGE('',*,*,#6768,.T.);
#6768 = EDGE_CURVE('',#6719,#6769,#6771,.T.);
#6769 = VERTEX_POINT('',#6770);
#6770 = CARTESIAN_POINT('',(29.,11.,80.));
#6771 = SURFACE_CURVE('',#6772,(#6777,#6784),.PCURVE_S1.);
#6772 = CIRCLE('',#6773,6.);
#6773 = AXIS2_PLACEMENT_3D('',#6774,#6775,#6776);
#6774 = CARTESIAN_POINT('',(29.,17.,80.));
#6775 = DIRECTION('',(0.,0.,-1.));
#6776 = DIRECTION('',(1.,-0.,0.));
#6777 = PCURVE('',#3762,#6778);
#6778 = DEFINITIONAL_REPRESENTATION('',(#6779),#6783);
#6779 = LINE('',#6780,#6781);
#6780 = CARTESIAN_POINT('',(-0.,1.));
#6781 = VECTOR('',#6782,1.);
#6782 = DIRECTION('',(-1.,0.));
#6783 = ( GEOMETRIC_REPRESENTATION_CONTEXT(2) 
PARAMETRIC_REPRESENTATION_CONTEXT() REPRESENTATION_CONTEXT('2D SPACE',''
  ) );
#6784 = PCURVE('',#4950,#6785);
#6785 = DEFINITIONAL_REPRESENTATION('',(#6786),#6794);
#6786 = ( BOUNDED_CURVE() B_SPLINE_CURVE(2,(#6787,#6788,#6789,#6790,
#6791,#6792,#6793),.UNSPECIFIED.,.T.,.F.) B_SPLINE_CURVE_WITH_KNOTS((1,2
    ,2,2,2,1),(-2.094395102393,0.,2.094395102393,4.188790204786,
6.28318530718,8.377580409573),.UNSPECIFIED.) CURVE() 
GEOMETRIC_REPRESENTATION_ITEM() RATIONAL_B_SPLINE_CURVE((1.,0.5,1.,0.5,
1.,0.5,1.)) REPRESENTATION_ITEM('') );
#6787 = CARTESIAN_POINT('',(-35.,11.));
#6788 = CARTESIAN_POINT('',(-35.,21.392304845413));
#6789 = CARTESIAN_POINT('',(-26.,16.196152422707));
#6790 = CARTESIAN_POINT('',(-17.,11.));
#6791 = CARTESIAN_POINT('',(-26.,5.803847577293));
#6792 = CARTESIAN_POINT('',(-35.,0.607695154587));
#6793 = CARTESIAN_POINT('',(-35.,11.));
#6794 = ( GEOMETRIC_REPRESENTATION_CONTEXT(2) 
PARAMETRIC_REPRESENTATION_CONTEXT() REPRESENTATION_CONTEXT('2D SPACE',''
  ) );
#6795 = ORIENTED_EDGE('',*,*,#6796,.T.);
#6796 = EDGE_CURVE('',#6769,#3714,#6797,.T.);
#6797 = SURFACE_CURVE('',#6798,(#6802,#6809),.PCURVE_S1.);
#6798 = LINE('',#6799,#6800);
#6799 = CARTESIAN_POINT('',(29.,11.,79.));
#6800 = VECTOR('',#6801,1.);
#6801 = DIRECTION('',(-0.,-0.,1.));
#6802 = PCURVE('',#3762,#6803);
#6803 = DEFINITIONAL_REPRESENTATION('',(#6804),#6808);
#6804 = LINE('',#6805,#6806);
#6805 = CARTESIAN_POINT('',(-1.570796326795,0.));
#6806 = VECTOR('',#6807,1.);
#6807 = DIRECTION('',(-0.,1.));
#6808 = ( GEOMETRIC_REPRESENTATION_CONTEXT(2) 
PARAMETRIC_REPRESENTATION_CONTEXT() REPRESENTATION_CONTEXT('2D SPACE',''
  ) );
#6809 = PCURVE('',#3729,#6810);
#6810 = DEFINITIONAL_REPRESENTATION('',(#6811),#6815);
#6811 = LINE('',#6812,#6813);
#6812 = CARTESIAN_POINT('',(-6.,-0.));
#6813 = VECTOR('',#6814,1.);
#6814 = DIRECTION('',(-0.,-1.));
#6815 = ( GEOMETRIC_REPRESENTATION_CONTEXT(2) 
PARAMETRIC_REPRESENTATION_CONTEXT() REPRESENTATION_CONTEXT('2D SPACE',''
  ) );
#6816 = ORIENTED_EDGE('',*,*,#3741,.F.);
#6817 = ADVANCED_FACE('',(#6818),#3729,.T.);
#6818 = FACE_BOUND('',#6819,.F.);
#6819 = EDGE_LOOP('',(#6820,#6843,#6844,#6845));
#6820 = ORIENTED_EDGE('',*,*,#6821,.T.);
#6821 = EDGE_CURVE('',#6822,#6769,#6824,.T.);
#6822 = VERTEX_POINT('',#6823);
#6823 = CARTESIAN_POINT('',(-29.,11.,80.));
#6824 = SURFACE_CURVE('',#6825,(#6829,#6836),.PCURVE_S1.);
#6825 = LINE('',#6826,#6827);
#6826 = CARTESIAN_POINT('',(17.5,11.,80.));
#6827 = VECTOR('',#6828,1.);
#6828 = DIRECTION('',(1.,-0.,-0.));
#6829 = PCURVE('',#3729,#6830);
#6830 = DEFINITIONAL_REPRESENTATION('',(#6831),#6835);
#6831 = LINE('',#6832,#6833);
#6832 = CARTESIAN_POINT('',(-17.5,-1.));
#6833 = VECTOR('',#6834,1.);
#6834 = DIRECTION('',(1.,-0.));
#6835 = ( GEOMETRIC_REPRESENTATION_CONTEXT(2) 
PARAMETRIC_REPRESENTATION_CONTEXT() REPRESENTATION_CONTEXT('2D SPACE',''
  ) );
#6836 = PCURVE('',#4950,#6837);
#6837 = DEFINITIONAL_REPRESENTATION('',(#6838),#6842);
#6838 = LINE('',#6839,#6840);
#6839 = CARTESIAN_POINT('',(-17.5,17.));
#6840 = VECTOR('',#6841,1.);
#6841 = DIRECTION('',(-1.,0.));
#6842 = ( GEOMETRIC_REPRESENTATION_CONTEXT(2) 
PARAMETRIC_REPRESENTATION_CONTEXT() REPRESENTATION_CONTEXT('2D SPACE',''
  ) );
#6843 = ORIENTED_EDGE('',*,*,#6796,.T.);
#6844 = ORIENTED_EDGE('',*,*,#3713,.F.);
#6845 = ORIENTED_EDGE('',*,*,#6846,.F.);
#6846 = EDGE_CURVE('',#6822,#3681,#6847,.T.);
#6847 = SURFACE_CURVE('',#6848,(#6852,#6859),.PCURVE_S1.);
#6848 = LINE('',#6849,#6850);
#6849 = CARTESIAN_POINT('',(-29.,11.,79.));
#6850 = VECTOR('',#6851,1.);
#6851 = DIRECTION('',(-0.,-0.,1.));
#6852 = PCURVE('',#3729,#6853);
#6853 = DEFINITIONAL_REPRESENTATION('',(#6854),#6858);
#6854 = LINE('',#6855,#6856);
#6855 = CARTESIAN_POINT('',(-64.,-0.));
#6856 = VECTOR('',#6857,1.);
#6857 = DIRECTION('',(-0.,-1.));
#6858 = ( GEOMETRIC_REPRESENTATION_CONTEXT(2) 
PARAMETRIC_REPRESENTATION_CONTEXT() REPRESENTATION_CONTEXT('2D SPACE',''
  ) );
#6859 = PCURVE('',#3701,#6860);
#6860 = DEFINITIONAL_REPRESENTATION('',(#6861),#6865);
#6861 = LINE('',#6862,#6863);
#6862 = CARTESIAN_POINT('',(-0.,0.));
#6863 = VECTOR('',#6864,1.);
#6864 = DIRECTION('',(-0.,1.));
#6865 = ( GEOMETRIC_REPRESENTATION_CONTEXT(2) 
PARAMETRIC_REPRESENTATION_CONTEXT() REPRESENTATION_CONTEXT('2D SPACE',''
  ) );
#6866 = ADVANCED_FACE('',(#6867),#3701,.F.);
#6867 = FACE_BOUND('',#6868,.T.);
#6868 = EDGE_LOOP('',(#6869,#6870,#6898,#6919));
#6869 = ORIENTED_EDGE('',*,*,#6846,.F.);
#6870 = ORIENTED_EDGE('',*,*,#6871,.T.);
#6871 = EDGE_CURVE('',#6822,#6872,#6874,.T.);
#6872 = VERTEX_POINT('',#6873);
#6873 = CARTESIAN_POINT('',(-35.,17.,80.));
#6874 = SURFACE_CURVE('',#6875,(#6880,#6887),.PCURVE_S1.);
#6875 = CIRCLE('',#6876,6.);
#6876 = AXIS2_PLACEMENT_3D('',#6877,#6878,#6879);
#6877 = CARTESIAN_POINT('',(-29.,17.,80.));
#6878 = DIRECTION('',(-0.,0.,-1.));
#6879 = DIRECTION('',(0.,-1.,-0.));
#6880 = PCURVE('',#3701,#6881);
#6881 = DEFINITIONAL_REPRESENTATION('',(#6882),#6886);
#6882 = LINE('',#6883,#6884);
#6883 = CARTESIAN_POINT('',(-0.,1.));
#6884 = VECTOR('',#6885,1.);
#6885 = DIRECTION('',(-1.,0.));
#6886 = ( GEOMETRIC_REPRESENTATION_CONTEXT(2) 
PARAMETRIC_REPRESENTATION_CONTEXT() REPRESENTATION_CONTEXT('2D SPACE',''
  ) );
#6887 = PCURVE('',#4950,#6888);
#6888 = DEFINITIONAL_REPRESENTATION('',(#6889),#6897);
#6889 = ( BOUNDED_CURVE() B_SPLINE_CURVE(2,(#6890,#6891,#6892,#6893,
#6894,#6895,#6896),.UNSPECIFIED.,.T.,.F.) B_SPLINE_CURVE_WITH_KNOTS((1,2
    ,2,2,2,1),(-2.094395102393,0.,2.094395102393,4.188790204786,
6.28318530718,8.377580409573),.UNSPECIFIED.) CURVE() 
GEOMETRIC_REPRESENTATION_ITEM() RATIONAL_B_SPLINE_CURVE((1.,0.5,1.,0.5,
1.,0.5,1.)) REPRESENTATION_ITEM('') );
#6890 = CARTESIAN_POINT('',(29.,17.));
#6891 = CARTESIAN_POINT('',(39.392304845413,17.));
#6892 = CARTESIAN_POINT('',(34.196152422707,8.));
#6893 = CARTESIAN_POINT('',(29.,-1.));
#6894 = CARTESIAN_POINT('',(23.803847577293,8.));
#6895 = CARTESIAN_POINT('',(18.607695154587,17.));
#6896 = CARTESIAN_POINT('',(29.,17.));
#6897 = ( GEOMETRIC_REPRESENTATION_CONTEXT(2) 
PARAMETRIC_REPRESENTATION_CONTEXT() REPRESENTATION_CONTEXT('2D SPACE',''
  ) );
#6898 = ORIENTED_EDGE('',*,*,#6899,.T.);
#6899 = EDGE_CURVE('',#6872,#3653,#6900,.T.);
#6900 = SURFACE_CURVE('',#6901,(#6905,#6912),.PCURVE_S1.);
#6901 = LINE('',#6902,#6903);
#6902 = CARTESIAN_POINT('',(-35.,17.,79.));
#6903 = VECTOR('',#6904,1.);
#6904 = DIRECTION('',(-0.,-0.,1.));
#6905 = PCURVE('',#3701,#6906);
#6906 = DEFINITIONAL_REPRESENTATION('',(#6907),#6911);
#6907 = LINE('',#6908,#6909);
#6908 = CARTESIAN_POINT('',(-1.570796326795,0.));
#6909 = VECTOR('',#6910,1.);
#6910 = DIRECTION('',(-0.,1.));
#6911 = ( GEOMETRIC_REPRESENTATION_CONTEXT(2) 
PARAMETRIC_REPRESENTATION_CONTEXT() REPRESENTATION_CONTEXT('2D SPACE',''
  ) );
#6912 = PCURVE('',#3668,#6913);
#6913 = DEFINITIONAL_REPRESENTATION('',(#6914),#6918);
#6914 = LINE('',#6915,#6916);
#6915 = CARTESIAN_POINT('',(-6.,-0.));
#6916 = VECTOR('',#6917,1.);
#6917 = DIRECTION('',(-0.,-1.));
#6918 = ( GEOMETRIC_REPRESENTATION_CONTEXT(2) 
PARAMETRIC_REPRESENTATION_CONTEXT() REPRESENTATION_CONTEXT('2D SPACE',''
  ) );
#6919 = ORIENTED_EDGE('',*,*,#3680,.F.);
#6920 = ADVANCED_FACE('',(#6921),#3668,.T.);
#6921 = FACE_BOUND('',#6922,.F.);
#6922 = EDGE_LOOP('',(#6923,#6946,#6947,#6948));
#6923 = ORIENTED_EDGE('',*,*,#6924,.T.);
#6924 = EDGE_CURVE('',#6925,#6872,#6927,.T.);
#6925 = VERTEX_POINT('',#6926);
#6926 = CARTESIAN_POINT('',(-35.,51.,80.));
#6927 = SURFACE_CURVE('',#6928,(#6932,#6939),.PCURVE_S1.);
#6928 = LINE('',#6929,#6930);
#6929 = CARTESIAN_POINT('',(-35.,19.5,80.));
#6930 = VECTOR('',#6931,1.);
#6931 = DIRECTION('',(-0.,-1.,-0.));
#6932 = PCURVE('',#3668,#6933);
#6933 = DEFINITIONAL_REPRESENTATION('',(#6934),#6938);
#6934 = LINE('',#6935,#6936);
#6935 = CARTESIAN_POINT('',(-8.5,-1.));
#6936 = VECTOR('',#6937,1.);
#6937 = DIRECTION('',(1.,-0.));
#6938 = ( GEOMETRIC_REPRESENTATION_CONTEXT(2) 
PARAMETRIC_REPRESENTATION_CONTEXT() REPRESENTATION_CONTEXT('2D SPACE',''
  ) );
#6939 = PCURVE('',#4950,#6940);
#6940 = DEFINITIONAL_REPRESENTATION('',(#6941),#6945);
#6941 = LINE('',#6942,#6943);
#6942 = CARTESIAN_POINT('',(35.,8.5));
#6943 = VECTOR('',#6944,1.);
#6944 = DIRECTION('',(-0.,1.));
#6945 = ( GEOMETRIC_REPRESENTATION_CONTEXT(2) 
PARAMETRIC_REPRESENTATION_CONTEXT() REPRESENTATION_CONTEXT('2D SPACE',''
  ) );
#6946 = ORIENTED_EDGE('',*,*,#6899,.T.);
#6947 = ORIENTED_EDGE('',*,*,#3652,.F.);
#6948 = ORIENTED_EDGE('',*,*,#6949,.F.);
#6949 = EDGE_CURVE('',#6925,#3620,#6950,.T.);
#6950 = SURFACE_CURVE('',#6951,(#6955,#6962),.PCURVE_S1.);
#6951 = LINE('',#6952,#6953);
#6952 = CARTESIAN_POINT('',(-35.,51.,79.));
#6953 = VECTOR('',#6954,1.);
#6954 = DIRECTION('',(-0.,-0.,1.));
#6955 = PCURVE('',#3668,#6956);
#6956 = DEFINITIONAL_REPRESENTATION('',(#6957),#6961);
#6957 = LINE('',#6958,#6959);
#6958 = CARTESIAN_POINT('',(-40.,-0.));
#6959 = VECTOR('',#6960,1.);
#6960 = DIRECTION('',(-0.,-1.));
#6961 = ( GEOMETRIC_REPRESENTATION_CONTEXT(2) 
PARAMETRIC_REPRESENTATION_CONTEXT() REPRESENTATION_CONTEXT('2D SPACE',''
  ) );
#6962 = PCURVE('',#3640,#6963);
#6963 = DEFINITIONAL_REPRESENTATION('',(#6964),#6968);
#6964 = LINE('',#6965,#6966);
#6965 = CARTESIAN_POINT('',(1.570796326795,0.));
#6966 = VECTOR('',#6967,1.);
#6967 = DIRECTION('',(0.,1.));
#6968 = ( GEOMETRIC_REPRESENTATION_CONTEXT(2) 
PARAMETRIC_REPRESENTATION_CONTEXT() REPRESENTATION_CONTEXT('2D SPACE',''
  ) );
#6969 = ADVANCED_FACE('',(#6970),#3640,.F.);
#6970 = FACE_BOUND('',#6971,.F.);
#6971 = EDGE_LOOP('',(#6972,#6995,#7021,#7022));
#6972 = ORIENTED_EDGE('',*,*,#6973,.F.);
#6973 = EDGE_CURVE('',#6974,#3592,#6976,.T.);
#6974 = VERTEX_POINT('',#6975);
#6975 = CARTESIAN_POINT('',(-29.,57.,80.));
#6976 = SURFACE_CURVE('',#6977,(#6981,#6988),.PCURVE_S1.);
#6977 = LINE('',#6978,#6979);
#6978 = CARTESIAN_POINT('',(-29.,57.,79.));
#6979 = VECTOR('',#6980,1.);
#6980 = DIRECTION('',(-0.,-0.,1.));
#6981 = PCURVE('',#3640,#6982);
#6982 = DEFINITIONAL_REPRESENTATION('',(#6983),#6987);
#6983 = LINE('',#6984,#6985);
#6984 = CARTESIAN_POINT('',(0.,0.));
#6985 = VECTOR('',#6986,1.);
#6986 = DIRECTION('',(0.,1.));
#6987 = ( GEOMETRIC_REPRESENTATION_CONTEXT(2) 
PARAMETRIC_REPRESENTATION_CONTEXT() REPRESENTATION_CONTEXT('2D SPACE',''
  ) );
#6988 = PCURVE('',#3607,#6989);
#6989 = DEFINITIONAL_REPRESENTATION('',(#6990),#6994);
#6990 = LINE('',#6991,#6992);
#6991 = CARTESIAN_POINT('',(-6.,0.));
#6992 = VECTOR('',#6993,1.);
#6993 = DIRECTION('',(-0.,-1.));
#6994 = ( GEOMETRIC_REPRESENTATION_CONTEXT(2) 
PARAMETRIC_REPRESENTATION_CONTEXT() REPRESENTATION_CONTEXT('2D SPACE',''
  ) );
#6995 = ORIENTED_EDGE('',*,*,#6996,.F.);
#6996 = EDGE_CURVE('',#6925,#6974,#6997,.T.);
#6997 = SURFACE_CURVE('',#6998,(#7003,#7010),.PCURVE_S1.);
#6998 = CIRCLE('',#6999,6.);
#6999 = AXIS2_PLACEMENT_3D('',#7000,#7001,#7002);
#7000 = CARTESIAN_POINT('',(-29.,51.,80.));
#7001 = DIRECTION('',(0.,-0.,-1.));
#7002 = DIRECTION('',(0.,1.,-0.));
#7003 = PCURVE('',#3640,#7004);
#7004 = DEFINITIONAL_REPRESENTATION('',(#7005),#7009);
#7005 = LINE('',#7006,#7007);
#7006 = CARTESIAN_POINT('',(6.28318530718,1.));
#7007 = VECTOR('',#7008,1.);
#7008 = DIRECTION('',(-1.,0.));
#7009 = ( GEOMETRIC_REPRESENTATION_CONTEXT(2) 
PARAMETRIC_REPRESENTATION_CONTEXT() REPRESENTATION_CONTEXT('2D SPACE',''
  ) );
#7010 = PCURVE('',#4950,#7011);
#7011 = DEFINITIONAL_REPRESENTATION('',(#7012),#7020);
#7012 = ( BOUNDED_CURVE() B_SPLINE_CURVE(2,(#7013,#7014,#7015,#7016,
#7017,#7018,#7019),.UNSPECIFIED.,.T.,.F.) B_SPLINE_CURVE_WITH_KNOTS((1,2
    ,2,2,2,1),(-2.094395102393,0.,2.094395102393,4.188790204786,
6.28318530718,8.377580409573),.UNSPECIFIED.) CURVE() 
GEOMETRIC_REPRESENTATION_ITEM() RATIONAL_B_SPLINE_CURVE((1.,0.5,1.,0.5,
1.,0.5,1.)) REPRESENTATION_ITEM('') );
#7013 = CARTESIAN_POINT('',(29.,-29.));
#7014 = CARTESIAN_POINT('',(18.607695154587,-29.));
#7015 = CARTESIAN_POINT('',(23.803847577293,-20.));
#7016 = CARTESIAN_POINT('',(29.,-11.));
#7017 = CARTESIAN_POINT('',(34.196152422707,-20.));
#7018 = CARTESIAN_POINT('',(39.392304845413,-29.));
#7019 = CARTESIAN_POINT('',(29.,-29.));
#7020 = ( GEOMETRIC_REPRESENTATION_CONTEXT(2) 
PARAMETRIC_REPRESENTATION_CONTEXT() REPRESENTATION_CONTEXT('2D SPACE',''
  ) );
#7021 = ORIENTED_EDGE('',*,*,#6949,.T.);
#7022 = ORIENTED_EDGE('',*,*,#3619,.T.);
#7023 = ADVANCED_FACE('',(#7024),#3607,.T.);
#7024 = FACE_BOUND('',#7025,.F.);
#7025 = EDGE_LOOP('',(#7026,#7047,#7048,#7049));
#7026 = ORIENTED_EDGE('',*,*,#7027,.T.);
#7027 = EDGE_CURVE('',#6643,#6974,#7028,.T.);
#7028 = SURFACE_CURVE('',#7029,(#7033,#7040),.PCURVE_S1.);
#7029 = LINE('',#7030,#7031);
#7030 = CARTESIAN_POINT('',(-17.5,57.,80.));
#7031 = VECTOR('',#7032,1.);
#7032 = DIRECTION('',(-1.,-0.,-0.));
#7033 = PCURVE('',#3607,#7034);
#7034 = DEFINITIONAL_REPRESENTATION('',(#7035),#7039);
#7035 = LINE('',#7036,#7037);
#7036 = CARTESIAN_POINT('',(-17.5,-1.));
#7037 = VECTOR('',#7038,1.);
#7038 = DIRECTION('',(1.,-0.));
#7039 = ( GEOMETRIC_REPRESENTATION_CONTEXT(2) 
PARAMETRIC_REPRESENTATION_CONTEXT() REPRESENTATION_CONTEXT('2D SPACE',''
  ) );
#7040 = PCURVE('',#4950,#7041);
#7041 = DEFINITIONAL_REPRESENTATION('',(#7042),#7046);
#7042 = LINE('',#7043,#7044);
#7043 = CARTESIAN_POINT('',(17.5,-29.));
#7044 = VECTOR('',#7045,1.);
#7045 = DIRECTION('',(1.,-0.));
#7046 = ( GEOMETRIC_REPRESENTATION_CONTEXT(2) 
PARAMETRIC_REPRESENTATION_CONTEXT() REPRESENTATION_CONTEXT('2D SPACE',''
  ) );
#7047 = ORIENTED_EDGE('',*,*,#6973,.T.);
#7048 = ORIENTED_EDGE('',*,*,#3591,.F.);
#7049 = ORIENTED_EDGE('',*,*,#6642,.F.);
#7050 = ADVANCED_FACE('',(#7051),#3819,.F.);
#7051 = FACE_BOUND('',#7052,.F.);
#7052 = EDGE_LOOP('',(#7053,#7077,#7098,#7099));
#7053 = ORIENTED_EDGE('',*,*,#7054,.T.);
#7054 = EDGE_CURVE('',#7055,#7055,#7057,.T.);
#7055 = VERTEX_POINT('',#7056);
#7056 = CARTESIAN_POINT('',(50.25,14.,80.));
#7057 = SURFACE_CURVE('',#7058,(#7063,#7070),.PCURVE_S1.);
#7058 = CIRCLE('',#7059,4.25);
#7059 = AXIS2_PLACEMENT_3D('',#7060,#7061,#7062);
#7060 = CARTESIAN_POINT('',(46.,14.,80.));
#7061 = DIRECTION('',(0.,0.,1.));
#7062 = DIRECTION('',(1.,0.,-0.));
#7063 = PCURVE('',#3819,#7064);
#7064 = DEFINITIONAL_REPRESENTATION('',(#7065),#7069);
#7065 = LINE('',#7066,#7067);
#7066 = CARTESIAN_POINT('',(6.28318530718,-1.));
#7067 = VECTOR('',#7068,1.);
#7068 = DIRECTION('',(-1.,0.));
#7069 = ( GEOMETRIC_REPRESENTATION_CONTEXT(2) 
PARAMETRIC_REPRESENTATION_CONTEXT() REPRESENTATION_CONTEXT('2D SPACE',''
  ) );
#7070 = PCURVE('',#4950,#7071);
#7071 = DEFINITIONAL_REPRESENTATION('',(#7072),#7076);
#7072 = CIRCLE('',#7073,4.25);
#7073 = AXIS2_PLACEMENT_2D('',#7074,#7075);
#7074 = CARTESIAN_POINT('',(-46.,14.));
#7075 = DIRECTION('',(-1.,0.));
#7076 = ( GEOMETRIC_REPRESENTATION_CONTEXT(2) 
PARAMETRIC_REPRESENTATION_CONTEXT() REPRESENTATION_CONTEXT('2D SPACE',''
  ) );
#7077 = ORIENTED_EDGE('',*,*,#7078,.T.);
#7078 = EDGE_CURVE('',#7055,#3803,#7079,.T.);
#7079 = SEAM_CURVE('',#7080,(#7084,#7091),.PCURVE_S1.);
#7080 = LINE('',#7081,#7082);
#7081 = CARTESIAN_POINT('',(50.25,14.,79.));
#7082 = VECTOR('',#7083,1.);
#7083 = DIRECTION('',(-0.,-0.,1.));
#7084 = PCURVE('',#3819,#7085);
#7085 = DEFINITIONAL_REPRESENTATION('',(#7086),#7090);
#7086 = LINE('',#7087,#7088);
#7087 = CARTESIAN_POINT('',(6.28318530718,0.));
#7088 = VECTOR('',#7089,1.);
#7089 = DIRECTION('',(0.,-1.));
#7090 = ( GEOMETRIC_REPRESENTATION_CONTEXT(2) 
PARAMETRIC_REPRESENTATION_CONTEXT() REPRESENTATION_CONTEXT('2D SPACE',''
  ) );
#7091 = PCURVE('',#3819,#7092);
#7092 = DEFINITIONAL_REPRESENTATION('',(#7093),#7097);
#7093 = LINE('',#7094,#7095);
#7094 = CARTESIAN_POINT('',(0.,0.));
#7095 = VECTOR('',#7096,1.);
#7096 = DIRECTION('',(0.,-1.));
#7097 = ( GEOMETRIC_REPRESENTATION_CONTEXT(2) 
PARAMETRIC_REPRESENTATION_CONTEXT() REPRESENTATION_CONTEXT('2D SPACE',''
  ) );
#7098 = ORIENTED_EDGE('',*,*,#3802,.F.);
#7099 = ORIENTED_EDGE('',*,*,#7078,.F.);
#7100 = ADVANCED_FACE('',(#7101),#3983,.F.);
#7101 = FACE_BOUND('',#7102,.T.);
#7102 = EDGE_LOOP('',(#7103,#7104,#7105,#7106));
#7103 = ORIENTED_EDGE('',*,*,#3966,.F.);
#7104 = ORIENTED_EDGE('',*,*,#4828,.T.);
#7105 = ORIENTED_EDGE('',*,*,#4156,.T.);
#7106 = ORIENTED_EDGE('',*,*,#4079,.T.);
#7107 = ADVANCED_FACE('',(#7108),#4738,.F.);
#7108 = FACE_BOUND('',#7109,.T.);
#7109 = EDGE_LOOP('',(#7110,#7111,#7112));
#7110 = ORIENTED_EDGE('',*,*,#5958,.F.);
#7111 = ORIENTED_EDGE('',*,*,#4801,.F.);
#7112 = ORIENTED_EDGE('',*,*,#4720,.T.);
#7113 = ADVANCED_FACE('',(#7114,#7139),#4895,.T.);
#7114 = FACE_BOUND('',#7115,.F.);
#7115 = EDGE_LOOP('',(#7116,#7117,#7138));
#7116 = ORIENTED_EDGE('',*,*,#4881,.F.);
#7117 = ORIENTED_EDGE('',*,*,#7118,.F.);
#7118 = EDGE_CURVE('',#5910,#4853,#7119,.T.);
#7119 = SURFACE_CURVE('',#7120,(#7124,#7131),.PCURVE_S1.);
#7120 = LINE('',#7121,#7122);
#7121 = CARTESIAN_POINT('',(-66.,72.,70.));
#7122 = VECTOR('',#7123,1.);
#7123 = DIRECTION('',(0.,-1.,0.));
#7124 = PCURVE('',#4895,#7125);
#7125 = DEFINITIONAL_REPRESENTATION('',(#7126),#7130);
#7126 = LINE('',#7127,#7128);
#7127 = CARTESIAN_POINT('',(-18.28427124746,51.715728752538));
#7128 = VECTOR('',#7129,1.);
#7129 = DIRECTION('',(-0.,-1.));
#7130 = ( GEOMETRIC_REPRESENTATION_CONTEXT(2) 
PARAMETRIC_REPRESENTATION_CONTEXT() REPRESENTATION_CONTEXT('2D SPACE',''
  ) );
#7131 = PCURVE('',#6456,#7132);
#7132 = DEFINITIONAL_REPRESENTATION('',(#7133),#7137);
#7133 = LINE('',#7134,#7135);
#7134 = CARTESIAN_POINT('',(-0.,100.));
#7135 = VECTOR('',#7136,1.);
#7136 = DIRECTION('',(-0.,1.));
#7137 = ( GEOMETRIC_REPRESENTATION_CONTEXT(2) 
PARAMETRIC_REPRESENTATION_CONTEXT() REPRESENTATION_CONTEXT('2D SPACE',''
  ) );
#7138 = ORIENTED_EDGE('',*,*,#5937,.T.);
#7139 = FACE_BOUND('',#7140,.F.);
#7140 = EDGE_LOOP('',(#7141,#7142,#7143,#7144,#7145,#7146));
#7141 = ORIENTED_EDGE('',*,*,#6089,.F.);
#7142 = ORIENTED_EDGE('',*,*,#6326,.T.);
#7143 = ORIENTED_EDGE('',*,*,#6295,.F.);
#7144 = ORIENTED_EDGE('',*,*,#6223,.T.);
#7145 = ORIENTED_EDGE('',*,*,#6192,.F.);
#7146 = ORIENTED_EDGE('',*,*,#6120,.T.);
#7147 = ADVANCED_FACE('',(#7148),#4869,.F.);
#7148 = FACE_BOUND('',#7149,.F.);
#7149 = EDGE_LOOP('',(#7150,#7151,#7152));
#7150 = ORIENTED_EDGE('',*,*,#4852,.F.);
#7151 = ORIENTED_EDGE('',*,*,#4910,.T.);
#7152 = ORIENTED_EDGE('',*,*,#7153,.F.);
#7153 = EDGE_CURVE('',#4853,#4911,#7154,.T.);
#7154 = SURFACE_CURVE('',#7155,(#7160,#7167),.PCURVE_S1.);
#7155 = CIRCLE('',#7156,10.);
#7156 = AXIS2_PLACEMENT_3D('',#7157,#7158,#7159);
#7157 = CARTESIAN_POINT('',(-56.,2.,70.));
#7158 = DIRECTION('',(0.,1.,0.));
#7159 = DIRECTION('',(-1.,0.,-0.));
#7160 = PCURVE('',#4869,#7161);
#7161 = DEFINITIONAL_REPRESENTATION('',(#7162),#7166);
#7162 = LINE('',#7163,#7164);
#7163 = CARTESIAN_POINT('',(0.,0.));
#7164 = VECTOR('',#7165,1.);
#7165 = DIRECTION('',(1.,0.));
#7166 = ( GEOMETRIC_REPRESENTATION_CONTEXT(2) 
PARAMETRIC_REPRESENTATION_CONTEXT() REPRESENTATION_CONTEXT('2D SPACE',''
  ) );
#7167 = PCURVE('',#6456,#7168);
#7168 = DEFINITIONAL_REPRESENTATION('',(#7169),#7173);
#7169 = LINE('',#7170,#7171);
#7170 = CARTESIAN_POINT('',(-0.,170.));
#7171 = VECTOR('',#7172,1.);
#7172 = DIRECTION('',(-1.,0.));
#7173 = ( GEOMETRIC_REPRESENTATION_CONTEXT(2) 
PARAMETRIC_REPRESENTATION_CONTEXT() REPRESENTATION_CONTEXT('2D SPACE',''
  ) );
#7174 = ADVANCED_FACE('',(#7175,#7221,#7224,#7227,#7230,#7240),#4950,.F.
  );
#7175 = FACE_BOUND('',#7176,.T.);
#7176 = EDGE_LOOP('',(#7177,#7198,#7199,#7220));
#7177 = ORIENTED_EDGE('',*,*,#7178,.T.);
#7178 = EDGE_CURVE('',#6380,#4935,#7179,.T.);
#7179 = SURFACE_CURVE('',#7180,(#7184,#7191),.PCURVE_S1.);
#7180 = LINE('',#7181,#7182);
#7181 = CARTESIAN_POINT('',(56.,72.,80.));
#7182 = VECTOR('',#7183,1.);
#7183 = DIRECTION('',(0.,-1.,0.));
#7184 = PCURVE('',#4950,#7185);
#7185 = DEFINITIONAL_REPRESENTATION('',(#7186),#7190);
#7186 = LINE('',#7187,#7188);
#7187 = CARTESIAN_POINT('',(-56.,-44.));
#7188 = VECTOR('',#7189,1.);
#7189 = DIRECTION('',(-0.,1.));
#7190 = ( GEOMETRIC_REPRESENTATION_CONTEXT(2) 
PARAMETRIC_REPRESENTATION_CONTEXT() REPRESENTATION_CONTEXT('2D SPACE',''
  ) );
#7191 = PCURVE('',#6400,#7192);
#7192 = DEFINITIONAL_REPRESENTATION('',(#7193),#7197);
#7193 = LINE('',#7194,#7195);
#7194 = CARTESIAN_POINT('',(1.570796326795,100.));
#7195 = VECTOR('',#7196,1.);
#7196 = DIRECTION('',(0.,1.));
#7197 = ( GEOMETRIC_REPRESENTATION_CONTEXT(2) 
PARAMETRIC_REPRESENTATION_CONTEXT() REPRESENTATION_CONTEXT('2D SPACE',''
  ) );
#7198 = ORIENTED_EDGE('',*,*,#4934,.T.);
#7199 = ORIENTED_EDGE('',*,*,#7200,.F.);
#7200 = EDGE_CURVE('',#6413,#4911,#7201,.T.);
#7201 = SURFACE_CURVE('',#7202,(#7206,#7213),.PCURVE_S1.);
#7202 = LINE('',#7203,#7204);
#7203 = CARTESIAN_POINT('',(-56.,72.,80.));
#7204 = VECTOR('',#7205,1.);
#7205 = DIRECTION('',(0.,-1.,0.));
#7206 = PCURVE('',#4950,#7207);
#7207 = DEFINITIONAL_REPRESENTATION('',(#7208),#7212);
#7208 = LINE('',#7209,#7210);
#7209 = CARTESIAN_POINT('',(56.,-44.));
#7210 = VECTOR('',#7211,1.);
#7211 = DIRECTION('',(-0.,1.));
#7212 = ( GEOMETRIC_REPRESENTATION_CONTEXT(2) 
PARAMETRIC_REPRESENTATION_CONTEXT() REPRESENTATION_CONTEXT('2D SPACE',''
  ) );
#7213 = PCURVE('',#6456,#7214);
#7214 = DEFINITIONAL_REPRESENTATION('',(#7215),#7219);
#7215 = LINE('',#7216,#7217);
#7216 = CARTESIAN_POINT('',(-1.570796326795,100.));
#7217 = VECTOR('',#7218,1.);
#7218 = DIRECTION('',(-0.,1.));
#7219 = ( GEOMETRIC_REPRESENTATION_CONTEXT(2) 
PARAMETRIC_REPRESENTATION_CONTEXT() REPRESENTATION_CONTEXT('2D SPACE',''
  ) );
#7220 = ORIENTED_EDGE('',*,*,#6412,.T.);
#7221 = FACE_BOUND('',#7222,.T.);
#7222 = EDGE_LOOP('',(#7223));
#7223 = ORIENTED_EDGE('',*,*,#6492,.T.);
#7224 = FACE_BOUND('',#7225,.T.);
#7225 = EDGE_LOOP('',(#7226));
#7226 = ORIENTED_EDGE('',*,*,#6542,.T.);
#7227 = FACE_BOUND('',#7228,.T.);
#7228 = EDGE_LOOP('',(#7229));
#7229 = ORIENTED_EDGE('',*,*,#6592,.T.);
#7230 = FACE_BOUND('',#7231,.T.);
#7231 = EDGE_LOOP('',(#7232,#7233,#7234,#7235,#7236,#7237,#7238,#7239));
#7232 = ORIENTED_EDGE('',*,*,#6665,.F.);
#7233 = ORIENTED_EDGE('',*,*,#7027,.T.);
#7234 = ORIENTED_EDGE('',*,*,#6996,.F.);
#7235 = ORIENTED_EDGE('',*,*,#6924,.T.);
#7236 = ORIENTED_EDGE('',*,*,#6871,.F.);
#7237 = ORIENTED_EDGE('',*,*,#6821,.T.);
#7238 = ORIENTED_EDGE('',*,*,#6768,.F.);
#7239 = ORIENTED_EDGE('',*,*,#6718,.T.);
#7240 = FACE_BOUND('',#7241,.T.);
#7241 = EDGE_LOOP('',(#7242));
#7242 = ORIENTED_EDGE('',*,*,#7054,.T.);
#7243 = ADVANCED_FACE('',(#7244),#4977,.F.);
#7244 = FACE_BOUND('',#7245,.T.);
#7245 = EDGE_LOOP('',(#7246,#7247,#7248));
#7246 = ORIENTED_EDGE('',*,*,#5179,.F.);
#7247 = ORIENTED_EDGE('',*,*,#4962,.T.);
#7248 = ORIENTED_EDGE('',*,*,#7249,.F.);
#7249 = EDGE_CURVE('',#5180,#4935,#7250,.T.);
#7250 = SURFACE_CURVE('',#7251,(#7256,#7263),.PCURVE_S1.);
#7251 = CIRCLE('',#7252,10.);
#7252 = AXIS2_PLACEMENT_3D('',#7253,#7254,#7255);
#7253 = CARTESIAN_POINT('',(56.,2.,70.));
#7254 = DIRECTION('',(-0.,-1.,0.));
#7255 = DIRECTION('',(1.,-0.,0.));
#7256 = PCURVE('',#4977,#7257);
#7257 = DEFINITIONAL_REPRESENTATION('',(#7258),#7262);
#7258 = LINE('',#7259,#7260);
#7259 = CARTESIAN_POINT('',(-0.,0.));
#7260 = VECTOR('',#7261,1.);
#7261 = DIRECTION('',(-1.,0.));
#7262 = ( GEOMETRIC_REPRESENTATION_CONTEXT(2) 
PARAMETRIC_REPRESENTATION_CONTEXT() REPRESENTATION_CONTEXT('2D SPACE',''
  ) );
#7263 = PCURVE('',#6400,#7264);
#7264 = DEFINITIONAL_REPRESENTATION('',(#7265),#7269);
#7265 = LINE('',#7266,#7267);
#7266 = CARTESIAN_POINT('',(0.,170.));
#7267 = VECTOR('',#7268,1.);
#7268 = DIRECTION('',(1.,0.));
#7269 = ( GEOMETRIC_REPRESENTATION_CONTEXT(2) 
PARAMETRIC_REPRESENTATION_CONTEXT() REPRESENTATION_CONTEXT('2D SPACE',''
  ) );
#7270 = ADVANCED_FACE('',(#7271),#5011,.T.);
#7271 = FACE_BOUND('',#7272,.F.);
#7272 = EDGE_LOOP('',(#7273,#7274,#7275));
#7273 = ORIENTED_EDGE('',*,*,#5333,.F.);
#7274 = ORIENTED_EDGE('',*,*,#4993,.F.);
#7275 = ORIENTED_EDGE('',*,*,#5261,.T.);
#7276 = ADVANCED_FACE('',(#7277,#7302),#5217,.F.);
#7277 = FACE_BOUND('',#7278,.T.);
#7278 = EDGE_LOOP('',(#7279,#7280,#7301));
#7279 = ORIENTED_EDGE('',*,*,#5203,.T.);
#7280 = ORIENTED_EDGE('',*,*,#7281,.F.);
#7281 = EDGE_CURVE('',#5355,#5180,#7282,.T.);
#7282 = SURFACE_CURVE('',#7283,(#7287,#7294),.PCURVE_S1.);
#7283 = LINE('',#7284,#7285);
#7284 = CARTESIAN_POINT('',(66.,72.,70.));
#7285 = VECTOR('',#7286,1.);
#7286 = DIRECTION('',(0.,-1.,0.));
#7287 = PCURVE('',#5217,#7288);
#7288 = DEFINITIONAL_REPRESENTATION('',(#7289),#7293);
#7289 = LINE('',#7290,#7291);
#7290 = CARTESIAN_POINT('',(-18.28427124746,51.715728752538));
#7291 = VECTOR('',#7292,1.);
#7292 = DIRECTION('',(-0.,-1.));
#7293 = ( GEOMETRIC_REPRESENTATION_CONTEXT(2) 
PARAMETRIC_REPRESENTATION_CONTEXT() REPRESENTATION_CONTEXT('2D SPACE',''
  ) );
#7294 = PCURVE('',#6400,#7295);
#7295 = DEFINITIONAL_REPRESENTATION('',(#7296),#7300);
#7296 = LINE('',#7297,#7298);
#7297 = CARTESIAN_POINT('',(0.,100.));
#7298 = VECTOR('',#7299,1.);
#7299 = DIRECTION('',(0.,1.));
#7300 = ( GEOMETRIC_REPRESENTATION_CONTEXT(2) 
PARAMETRIC_REPRESENTATION_CONTEXT() REPRESENTATION_CONTEXT('2D SPACE',''
  ) );
#7301 = ORIENTED_EDGE('',*,*,#5354,.T.);
#7302 = FACE_BOUND('',#7303,.T.);
#7303 = EDGE_LOOP('',(#7304,#7305,#7306,#7307,#7308,#7309));
#7304 = ORIENTED_EDGE('',*,*,#5772,.F.);
#7305 = ORIENTED_EDGE('',*,*,#5803,.T.);
#7306 = ORIENTED_EDGE('',*,*,#5544,.F.);
#7307 = ORIENTED_EDGE('',*,*,#5597,.T.);
#7308 = ORIENTED_EDGE('',*,*,#5669,.F.);
#7309 = ORIENTED_EDGE('',*,*,#5700,.T.);
#7310 = ADVANCED_FACE('',(#7311),#5391,.T.);
#7311 = FACE_BOUND('',#7312,.F.);
#7312 = EDGE_LOOP('',(#7313,#7314,#7335));
#7313 = ORIENTED_EDGE('',*,*,#6356,.F.);
#7314 = ORIENTED_EDGE('',*,*,#7315,.T.);
#7315 = EDGE_CURVE('',#6357,#5355,#7316,.T.);
#7316 = SURFACE_CURVE('',#7317,(#7321,#7328),.PCURVE_S1.);
#7317 = LINE('',#7318,#7319);
#7318 = CARTESIAN_POINT('',(66.,72.,70.));
#7319 = VECTOR('',#7320,1.);
#7320 = DIRECTION('',(0.,-1.,0.));
#7321 = PCURVE('',#5391,#7322);
#7322 = DEFINITIONAL_REPRESENTATION('',(#7323),#7327);
#7323 = LINE('',#7324,#7325);
#7324 = CARTESIAN_POINT('',(-0.,0.));
#7325 = VECTOR('',#7326,1.);
#7326 = DIRECTION('',(-0.,-1.));
#7327 = ( GEOMETRIC_REPRESENTATION_CONTEXT(2) 
PARAMETRIC_REPRESENTATION_CONTEXT() REPRESENTATION_CONTEXT('2D SPACE',''
  ) );
#7328 = PCURVE('',#6400,#7329);
#7329 = DEFINITIONAL_REPRESENTATION('',(#7330),#7334);
#7330 = LINE('',#7331,#7332);
#7331 = CARTESIAN_POINT('',(0.,100.));
#7332 = VECTOR('',#7333,1.);
#7333 = DIRECTION('',(0.,1.));
#7334 = ( GEOMETRIC_REPRESENTATION_CONTEXT(2) 
PARAMETRIC_REPRESENTATION_CONTEXT() REPRESENTATION_CONTEXT('2D SPACE',''
  ) );
#7335 = ORIENTED_EDGE('',*,*,#5377,.F.);
#7336 = ADVANCED_FACE('',(#7337),#5925,.F.);
#7337 = FACE_BOUND('',#7338,.T.);
#7338 = EDGE_LOOP('',(#7339,#7340,#7361));
#7339 = ORIENTED_EDGE('',*,*,#6468,.F.);
#7340 = ORIENTED_EDGE('',*,*,#7341,.T.);
#7341 = EDGE_CURVE('',#6436,#5910,#7342,.T.);
#7342 = SURFACE_CURVE('',#7343,(#7347,#7354),.PCURVE_S1.);
#7343 = LINE('',#7344,#7345);
#7344 = CARTESIAN_POINT('',(-66.,72.,70.));
#7345 = VECTOR('',#7346,1.);
#7346 = DIRECTION('',(0.,-1.,0.));
#7347 = PCURVE('',#5925,#7348);
#7348 = DEFINITIONAL_REPRESENTATION('',(#7349),#7353);
#7349 = LINE('',#7350,#7351);
#7350 = CARTESIAN_POINT('',(-0.,0.));
#7351 = VECTOR('',#7352,1.);
#7352 = DIRECTION('',(-0.,-1.));
#7353 = ( GEOMETRIC_REPRESENTATION_CONTEXT(2) 
PARAMETRIC_REPRESENTATION_CONTEXT() REPRESENTATION_CONTEXT('2D SPACE',''
  ) );
#7354 = PCURVE('',#6456,#7355);
#7355 = DEFINITIONAL_REPRESENTATION('',(#7356),#7360);
#7356 = LINE('',#7357,#7358);
#7357 = CARTESIAN_POINT('',(-0.,100.));
#7358 = VECTOR('',#7359,1.);
#7359 = DIRECTION('',(-0.,1.));
#7360 = ( GEOMETRIC_REPRESENTATION_CONTEXT(2) 
PARAMETRIC_REPRESENTATION_CONTEXT() REPRESENTATION_CONTEXT('2D SPACE',''
  ) );
#7361 = ORIENTED_EDGE('',*,*,#5909,.F.);
#7362 = ADVANCED_FACE('',(#7363),#6456,.F.);
#7363 = FACE_BOUND('',#7364,.T.);
#7364 = EDGE_LOOP('',(#7365,#7366,#7367,#7368,#7369));
#7365 = ORIENTED_EDGE('',*,*,#7341,.F.);
#7366 = ORIENTED_EDGE('',*,*,#6435,.T.);
#7367 = ORIENTED_EDGE('',*,*,#7200,.T.);
#7368 = ORIENTED_EDGE('',*,*,#7153,.F.);
#7369 = ORIENTED_EDGE('',*,*,#7118,.F.);
#7370 = ADVANCED_FACE('',(#7371),#6400,.F.);
#7371 = FACE_BOUND('',#7372,.F.);
#7372 = EDGE_LOOP('',(#7373,#7374,#7375,#7376,#7377));
#7373 = ORIENTED_EDGE('',*,*,#7315,.F.);
#7374 = ORIENTED_EDGE('',*,*,#6379,.F.);
#7375 = ORIENTED_EDGE('',*,*,#7178,.T.);
#7376 = ORIENTED_EDGE('',*,*,#7249,.F.);
#7377 = ORIENTED_EDGE('',*,*,#7281,.F.);
#7378 = ( GEOMETRIC_REPRESENTATION_CONTEXT(3) 
GLOBAL_UNCERTAINTY_ASSIGNED_CONTEXT((#7382)) 
GLOBAL_UNIT_ASSIGNED_CONTEXT((#7379,#7380,#7381)) REPRESENTATION_CONTEXT
('Context #1','3D Context with UNIT and UNCERTAINTY') );
#7379 = ( LENGTH_UNIT() NAMED_UNIT(*) SI_UNIT(.MILLI.,.METRE.) );
#7380 = ( NAMED_UNIT(*) PLANE_ANGLE_UNIT() SI_UNIT($,.RADIAN.) );
#7381 = ( NAMED_UNIT(*) SI_UNIT($,.STERADIAN.) SOLID_ANGLE_UNIT() );
#7382 = UNCERTAINTY_MEASURE_WITH_UNIT(LENGTH_MEASURE(1.E-07),#7379,
  'distance_accuracy_value','confusion accuracy');
#7383 = PRODUCT_RELATED_PRODUCT_CATEGORY('part',$,(#7));
ENDSEC;
END-ISO-10303-21;
